TimeQuest Timing Analyzer report for Cnt12DI
Fri Dec 19 16:47:42 2025
Quartus Prime Version 17.1.0 Build 590 10/25/2017 SJ Lite Edition


---------------------
; Table of Contents ;
---------------------
  1. Legal Notice
  2. TimeQuest Timing Analyzer Summary
  3. Parallel Compilation
  4. Clocks
  5. Slow 1200mV 125C Model Fmax Summary
  6. Timing Closure Recommendations
  7. Slow 1200mV 125C Model Setup Summary
  8. Slow 1200mV 125C Model Hold Summary
  9. Slow 1200mV 125C Model Recovery Summary
 10. Slow 1200mV 125C Model Removal Summary
 11. Slow 1200mV 125C Model Minimum Pulse Width Summary
 12. Slow 1200mV 125C Model Setup: 'CLK'
 13. Slow 1200mV 125C Model Setup: 'clk_divider:F|clk_out'
 14. Slow 1200mV 125C Model Hold: 'clk_divider:F|clk_out'
 15. Slow 1200mV 125C Model Hold: 'CLK'
 16. Slow 1200mV 125C Model Metastability Summary
 17. Slow 1200mV -40C Model Fmax Summary
 18. Slow 1200mV -40C Model Setup Summary
 19. Slow 1200mV -40C Model Hold Summary
 20. Slow 1200mV -40C Model Recovery Summary
 21. Slow 1200mV -40C Model Removal Summary
 22. Slow 1200mV -40C Model Minimum Pulse Width Summary
 23. Slow 1200mV -40C Model Setup: 'CLK'
 24. Slow 1200mV -40C Model Setup: 'clk_divider:F|clk_out'
 25. Slow 1200mV -40C Model Hold: 'clk_divider:F|clk_out'
 26. Slow 1200mV -40C Model Hold: 'CLK'
 27. Slow 1200mV -40C Model Metastability Summary
 28. Fast 1200mV -40C Model Setup Summary
 29. Fast 1200mV -40C Model Hold Summary
 30. Fast 1200mV -40C Model Recovery Summary
 31. Fast 1200mV -40C Model Removal Summary
 32. Fast 1200mV -40C Model Minimum Pulse Width Summary
 33. Fast 1200mV -40C Model Setup: 'CLK'
 34. Fast 1200mV -40C Model Setup: 'clk_divider:F|clk_out'
 35. Fast 1200mV -40C Model Hold: 'clk_divider:F|clk_out'
 36. Fast 1200mV -40C Model Hold: 'CLK'
 37. Fast 1200mV -40C Model Metastability Summary
 38. Multicorner Timing Analysis Summary
 39. Board Trace Model Assignments
 40. Input Transition Times
 41. Signal Integrity Metrics (Slow 1200mv n40c Model)
 42. Signal Integrity Metrics (Slow 1200mv 125c Model)
 43. Signal Integrity Metrics (Fast 1200mv n40c Model)
 44. Setup Transfers
 45. Hold Transfers
 46. Report TCCS
 47. Report RSKM
 48. Unconstrained Paths Summary
 49. Clock Status Summary
 50. Unconstrained Input Ports
 51. Unconstrained Output Ports
 52. Unconstrained Input Ports
 53. Unconstrained Output Ports
 54. TimeQuest Timing Analyzer Messages



----------------
; Legal Notice ;
----------------
Copyright (C) 2017  Intel Corporation. All rights reserved.
Your use of Intel Corporation's design tools, logic functions 
and other software and tools, and its AMPP partner logic 
functions, and any output files from any of the foregoing 
(including device programming or simulation files), and any 
associated documentation or information are expressly subject 
to the terms and conditions of the Intel Program License 
Subscription Agreement, the Intel Quartus Prime License Agreement,
the Intel FPGA IP License Agreement, or other applicable license
agreement, including, without limitation, that your use is for
the sole purpose of programming logic devices manufactured by
Intel and sold by Intel or its authorized distributors.  Please
refer to the applicable agreement for further details.



+-----------------------------------------------------------------------------+
; TimeQuest Timing Analyzer Summary                                           ;
+-----------------------+-----------------------------------------------------+
; Quartus Prime Version ; Version 17.1.0 Build 590 10/25/2017 SJ Lite Edition ;
; Timing Analyzer       ; TimeQuest                                           ;
; Revision Name         ; Cnt12DI                                             ;
; Device Family         ; Cyclone IV E                                        ;
; Device Name           ; EP4CE40U19A7                                        ;
; Timing Models         ; Final                                               ;
; Delay Model           ; Combined                                            ;
; Rise/Fall Delays      ; Enabled                                             ;
+-----------------------+-----------------------------------------------------+


+------------------------------------------+
; Parallel Compilation                     ;
+----------------------------+-------------+
; Processors                 ; Number      ;
+----------------------------+-------------+
; Number detected on machine ; 32          ;
; Maximum allowed            ; 16          ;
;                            ;             ;
; Average used               ; 1.05        ;
; Maximum used               ; 16          ;
;                            ;             ;
; Usage by Processor         ; % Time Used ;
;     Processor 1            ; 100.0%      ;
;     Processors 2-16        ;   0.3%      ;
+----------------------------+-------------+


+--------------------------------------------------------------------------------------------------------------------------------------------------------------------------------------------------------------+
; Clocks                                                                                                                                                                                                       ;
+-----------------------+------+--------+------------+-------+-------+------------+-----------+-------------+-------+--------+-----------+------------+----------+--------+--------+---------------------------+
; Clock Name            ; Type ; Period ; Frequency  ; Rise  ; Fall  ; Duty Cycle ; Divide by ; Multiply by ; Phase ; Offset ; Edge List ; Edge Shift ; Inverted ; Master ; Source ; Targets                   ;
+-----------------------+------+--------+------------+-------+-------+------------+-----------+-------------+-------+--------+-----------+------------+----------+--------+--------+---------------------------+
; CLK                   ; Base ; 1.000  ; 1000.0 MHz ; 0.000 ; 0.500 ;            ;           ;             ;       ;        ;           ;            ;          ;        ;        ; { CLK }                   ;
; clk_divider:F|clk_out ; Base ; 1.000  ; 1000.0 MHz ; 0.000 ; 0.500 ;            ;           ;             ;       ;        ;           ;            ;          ;        ;        ; { clk_divider:F|clk_out } ;
+-----------------------+------+--------+------------+-------+-------+------------+-----------+-------------+-------+--------+-----------+------------+----------+--------+--------+---------------------------+


+-------------------------------------------------------------------------------------------------------+
; Slow 1200mV 125C Model Fmax Summary                                                                   ;
+------------+-----------------+-----------------------+------------------------------------------------+
; Fmax       ; Restricted Fmax ; Clock Name            ; Note                                           ;
+------------+-----------------+-----------------------+------------------------------------------------+
; 214.64 MHz ; 214.64 MHz      ; CLK                   ;                                                ;
; 506.84 MHz ; 402.09 MHz      ; clk_divider:F|clk_out ; limit due to minimum period restriction (tmin) ;
+------------+-----------------+-----------------------+------------------------------------------------+
This panel reports FMAX for every clock in the design, regardless of the user-specified clock periods.  FMAX is only computed for paths where the source and destination registers or ports are driven by the same clock.  Paths of different clocks, including generated clocks, are ignored.  For paths between a clock and its inversion, FMAX is computed as if the rising and falling edges are scaled along with FMAX, such that the duty cycle (in terms of a percentage) is maintained. Altera recommends that you always use clock constraints and other slack reports for sign-off analysis.


----------------------------------
; Timing Closure Recommendations ;
----------------------------------
HTML report is unavailable in plain text report export.


+------------------------------------------------+
; Slow 1200mV 125C Model Setup Summary           ;
+-----------------------+--------+---------------+
; Clock                 ; Slack  ; End Point TNS ;
+-----------------------+--------+---------------+
; CLK                   ; -3.659 ; -49.549       ;
; clk_divider:F|clk_out ; -0.973 ; -3.207        ;
+-----------------------+--------+---------------+


+-----------------------------------------------+
; Slow 1200mV 125C Model Hold Summary           ;
+-----------------------+-------+---------------+
; Clock                 ; Slack ; End Point TNS ;
+-----------------------+-------+---------------+
; clk_divider:F|clk_out ; 0.428 ; 0.000         ;
; CLK                   ; 0.662 ; 0.000         ;
+-----------------------+-------+---------------+


-------------------------------------------
; Slow 1200mV 125C Model Recovery Summary ;
-------------------------------------------
No paths to report.


------------------------------------------
; Slow 1200mV 125C Model Removal Summary ;
------------------------------------------
No paths to report.


+----------------------------------------------------+
; Slow 1200mV 125C Model Minimum Pulse Width Summary ;
+-----------------------+--------+-------------------+
; Clock                 ; Slack  ; End Point TNS     ;
+-----------------------+--------+-------------------+
; CLK                   ; -3.000 ; -41.662           ;
; clk_divider:F|clk_out ; -1.487 ; -5.948            ;
+-----------------------+--------+-------------------+


+--------------------------------------------------------------------------------------------------------------------------------------+
; Slow 1200mV 125C Model Setup: 'CLK'                                                                                                  ;
+--------+---------------------------+---------------------------+--------------+-------------+--------------+------------+------------+
; Slack  ; From Node                 ; To Node                   ; Launch Clock ; Latch Clock ; Relationship ; Clock Skew ; Data Delay ;
+--------+---------------------------+---------------------------+--------------+-------------+--------------+------------+------------+
; -3.659 ; clk_divider:F|counter[18] ; clk_divider:F|clk_out     ; CLK          ; CLK         ; 1.000        ; -0.076     ; 4.580      ;
; -3.608 ; clk_divider:F|counter[12] ; clk_divider:F|clk_out     ; CLK          ; CLK         ; 1.000        ; -0.076     ; 4.529      ;
; -3.531 ; clk_divider:F|counter[20] ; clk_divider:F|clk_out     ; CLK          ; CLK         ; 1.000        ; -0.076     ; 4.452      ;
; -3.511 ; clk_divider:F|counter[6]  ; clk_divider:F|clk_out     ; CLK          ; CLK         ; 1.000        ; -0.076     ; 4.432      ;
; -3.496 ; clk_divider:F|counter[5]  ; clk_divider:F|clk_out     ; CLK          ; CLK         ; 1.000        ; -0.076     ; 4.417      ;
; -3.487 ; clk_divider:F|counter[7]  ; clk_divider:F|clk_out     ; CLK          ; CLK         ; 1.000        ; -0.076     ; 4.408      ;
; -3.450 ; clk_divider:F|counter[9]  ; clk_divider:F|clk_out     ; CLK          ; CLK         ; 1.000        ; -0.076     ; 4.371      ;
; -3.440 ; clk_divider:F|counter[10] ; clk_divider:F|clk_out     ; CLK          ; CLK         ; 1.000        ; -0.076     ; 4.361      ;
; -3.439 ; clk_divider:F|counter[1]  ; clk_divider:F|clk_out     ; CLK          ; CLK         ; 1.000        ; -0.076     ; 4.360      ;
; -3.430 ; clk_divider:F|counter[4]  ; clk_divider:F|clk_out     ; CLK          ; CLK         ; 1.000        ; -0.076     ; 4.351      ;
; -3.346 ; clk_divider:F|counter[23] ; clk_divider:F|clk_out     ; CLK          ; CLK         ; 1.000        ; -0.076     ; 4.267      ;
; -3.342 ; clk_divider:F|counter[14] ; clk_divider:F|clk_out     ; CLK          ; CLK         ; 1.000        ; -0.076     ; 4.263      ;
; -3.339 ; clk_divider:F|counter[11] ; clk_divider:F|clk_out     ; CLK          ; CLK         ; 1.000        ; -0.076     ; 4.260      ;
; -3.338 ; clk_divider:F|counter[16] ; clk_divider:F|clk_out     ; CLK          ; CLK         ; 1.000        ; -0.076     ; 4.259      ;
; -3.316 ; clk_divider:F|counter[3]  ; clk_divider:F|clk_out     ; CLK          ; CLK         ; 1.000        ; -0.076     ; 4.237      ;
; -3.291 ; clk_divider:F|counter[15] ; clk_divider:F|clk_out     ; CLK          ; CLK         ; 1.000        ; -0.076     ; 4.212      ;
; -3.222 ; clk_divider:F|counter[24] ; clk_divider:F|clk_out     ; CLK          ; CLK         ; 1.000        ; -0.076     ; 4.143      ;
; -3.215 ; clk_divider:F|counter[22] ; clk_divider:F|clk_out     ; CLK          ; CLK         ; 1.000        ; -0.076     ; 4.136      ;
; -3.207 ; clk_divider:F|counter[19] ; clk_divider:F|clk_out     ; CLK          ; CLK         ; 1.000        ; -0.076     ; 4.128      ;
; -3.165 ; clk_divider:F|counter[8]  ; clk_divider:F|clk_out     ; CLK          ; CLK         ; 1.000        ; -0.076     ; 4.086      ;
; -3.157 ; clk_divider:F|counter[17] ; clk_divider:F|clk_out     ; CLK          ; CLK         ; 1.000        ; -0.076     ; 4.078      ;
; -3.149 ; clk_divider:F|counter[2]  ; clk_divider:F|clk_out     ; CLK          ; CLK         ; 1.000        ; -0.076     ; 4.070      ;
; -3.065 ; clk_divider:F|counter[21] ; clk_divider:F|clk_out     ; CLK          ; CLK         ; 1.000        ; -0.076     ; 3.986      ;
; -3.052 ; clk_divider:F|counter[13] ; clk_divider:F|clk_out     ; CLK          ; CLK         ; 1.000        ; -0.076     ; 3.973      ;
; -2.973 ; clk_divider:F|counter[1]  ; clk_divider:F|counter[24] ; CLK          ; CLK         ; 1.000        ; -0.076     ; 3.894      ;
; -2.944 ; clk_divider:F|counter[0]  ; clk_divider:F|clk_out     ; CLK          ; CLK         ; 1.000        ; -0.076     ; 3.865      ;
; -2.891 ; clk_divider:F|counter[0]  ; clk_divider:F|counter[24] ; CLK          ; CLK         ; 1.000        ; -0.076     ; 3.812      ;
; -2.837 ; clk_divider:F|counter[3]  ; clk_divider:F|counter[24] ; CLK          ; CLK         ; 1.000        ; -0.076     ; 3.758      ;
; -2.836 ; clk_divider:F|counter[1]  ; clk_divider:F|counter[22] ; CLK          ; CLK         ; 1.000        ; -0.076     ; 3.757      ;
; -2.754 ; clk_divider:F|counter[0]  ; clk_divider:F|counter[22] ; CLK          ; CLK         ; 1.000        ; -0.076     ; 3.675      ;
; -2.741 ; clk_divider:F|counter[2]  ; clk_divider:F|counter[24] ; CLK          ; CLK         ; 1.000        ; -0.076     ; 3.662      ;
; -2.709 ; clk_divider:F|counter[5]  ; clk_divider:F|counter[24] ; CLK          ; CLK         ; 1.000        ; -0.076     ; 3.630      ;
; -2.700 ; clk_divider:F|counter[3]  ; clk_divider:F|counter[22] ; CLK          ; CLK         ; 1.000        ; -0.076     ; 3.621      ;
; -2.604 ; clk_divider:F|counter[2]  ; clk_divider:F|counter[22] ; CLK          ; CLK         ; 1.000        ; -0.076     ; 3.525      ;
; -2.602 ; clk_divider:F|counter[4]  ; clk_divider:F|counter[24] ; CLK          ; CLK         ; 1.000        ; -0.076     ; 3.523      ;
; -2.572 ; clk_divider:F|counter[5]  ; clk_divider:F|counter[22] ; CLK          ; CLK         ; 1.000        ; -0.076     ; 3.493      ;
; -2.565 ; clk_divider:F|counter[0]  ; clk_divider:F|counter[19] ; CLK          ; CLK         ; 1.000        ; -0.076     ; 3.486      ;
; -2.561 ; clk_divider:F|counter[7]  ; clk_divider:F|counter[24] ; CLK          ; CLK         ; 1.000        ; -0.076     ; 3.482      ;
; -2.533 ; clk_divider:F|counter[0]  ; clk_divider:F|counter[21] ; CLK          ; CLK         ; 1.000        ; -0.077     ; 3.453      ;
; -2.512 ; clk_divider:F|counter[1]  ; clk_divider:F|counter[20] ; CLK          ; CLK         ; 1.000        ; -0.077     ; 3.432      ;
; -2.498 ; clk_divider:F|counter[1]  ; clk_divider:F|counter[19] ; CLK          ; CLK         ; 1.000        ; -0.076     ; 3.419      ;
; -2.498 ; clk_divider:F|counter[1]  ; clk_divider:F|counter[21] ; CLK          ; CLK         ; 1.000        ; -0.077     ; 3.418      ;
; -2.475 ; clk_divider:F|counter[6]  ; clk_divider:F|counter[24] ; CLK          ; CLK         ; 1.000        ; -0.076     ; 3.396      ;
; -2.465 ; clk_divider:F|counter[4]  ; clk_divider:F|counter[22] ; CLK          ; CLK         ; 1.000        ; -0.076     ; 3.386      ;
; -2.430 ; clk_divider:F|counter[0]  ; clk_divider:F|counter[20] ; CLK          ; CLK         ; 1.000        ; -0.077     ; 3.350      ;
; -2.424 ; clk_divider:F|counter[7]  ; clk_divider:F|counter[22] ; CLK          ; CLK         ; 1.000        ; -0.076     ; 3.345      ;
; -2.409 ; clk_divider:F|counter[9]  ; clk_divider:F|counter[24] ; CLK          ; CLK         ; 1.000        ; -0.076     ; 3.330      ;
; -2.406 ; clk_divider:F|counter[2]  ; clk_divider:F|counter[19] ; CLK          ; CLK         ; 1.000        ; -0.076     ; 3.327      ;
; -2.392 ; clk_divider:F|counter[1]  ; clk_divider:F|counter[14] ; CLK          ; CLK         ; 1.000        ; -0.076     ; 3.313      ;
; -2.386 ; clk_divider:F|counter[1]  ; clk_divider:F|counter[16] ; CLK          ; CLK         ; 1.000        ; -0.076     ; 3.307      ;
; -2.376 ; clk_divider:F|counter[3]  ; clk_divider:F|counter[20] ; CLK          ; CLK         ; 1.000        ; -0.077     ; 3.296      ;
; -2.374 ; clk_divider:F|counter[2]  ; clk_divider:F|counter[21] ; CLK          ; CLK         ; 1.000        ; -0.077     ; 3.294      ;
; -2.373 ; clk_divider:F|counter[1]  ; clk_divider:F|counter[18] ; CLK          ; CLK         ; 1.000        ; -0.077     ; 3.293      ;
; -2.362 ; clk_divider:F|counter[3]  ; clk_divider:F|counter[19] ; CLK          ; CLK         ; 1.000        ; -0.076     ; 3.283      ;
; -2.362 ; clk_divider:F|counter[3]  ; clk_divider:F|counter[21] ; CLK          ; CLK         ; 1.000        ; -0.077     ; 3.282      ;
; -2.338 ; clk_divider:F|counter[6]  ; clk_divider:F|counter[22] ; CLK          ; CLK         ; 1.000        ; -0.076     ; 3.259      ;
; -2.331 ; clk_divider:F|counter[8]  ; clk_divider:F|counter[24] ; CLK          ; CLK         ; 1.000        ; -0.076     ; 3.252      ;
; -2.325 ; clk_divider:F|counter[18] ; clk_divider:F|counter[19] ; CLK          ; CLK         ; 1.000        ; -0.076     ; 3.246      ;
; -2.324 ; clk_divider:F|counter[18] ; clk_divider:F|counter[24] ; CLK          ; CLK         ; 1.000        ; -0.076     ; 3.245      ;
; -2.323 ; clk_divider:F|counter[18] ; clk_divider:F|counter[13] ; CLK          ; CLK         ; 1.000        ; -0.076     ; 3.244      ;
; -2.319 ; clk_divider:F|counter[18] ; clk_divider:F|counter[16] ; CLK          ; CLK         ; 1.000        ; -0.076     ; 3.240      ;
; -2.313 ; clk_divider:F|counter[18] ; clk_divider:F|counter[22] ; CLK          ; CLK         ; 1.000        ; -0.076     ; 3.234      ;
; -2.312 ; clk_divider:F|counter[18] ; clk_divider:F|counter[6]  ; CLK          ; CLK         ; 1.000        ; -0.076     ; 3.233      ;
; -2.311 ; clk_divider:F|counter[18] ; clk_divider:F|counter[11] ; CLK          ; CLK         ; 1.000        ; -0.076     ; 3.232      ;
; -2.310 ; clk_divider:F|counter[0]  ; clk_divider:F|counter[14] ; CLK          ; CLK         ; 1.000        ; -0.076     ; 3.231      ;
; -2.306 ; clk_divider:F|counter[0]  ; clk_divider:F|counter[23] ; CLK          ; CLK         ; 1.000        ; -0.077     ; 3.226      ;
; -2.304 ; clk_divider:F|counter[0]  ; clk_divider:F|counter[16] ; CLK          ; CLK         ; 1.000        ; -0.076     ; 3.225      ;
; -2.300 ; clk_divider:F|counter[12] ; clk_divider:F|counter[6]  ; CLK          ; CLK         ; 1.000        ; -0.076     ; 3.221      ;
; -2.300 ; clk_divider:F|counter[12] ; clk_divider:F|counter[11] ; CLK          ; CLK         ; 1.000        ; -0.076     ; 3.221      ;
; -2.298 ; clk_divider:F|counter[13] ; clk_divider:F|counter[24] ; CLK          ; CLK         ; 1.000        ; -0.076     ; 3.219      ;
; -2.291 ; clk_divider:F|counter[18] ; clk_divider:F|counter[21] ; CLK          ; CLK         ; 1.000        ; -0.077     ; 3.211      ;
; -2.291 ; clk_divider:F|counter[18] ; clk_divider:F|counter[20] ; CLK          ; CLK         ; 1.000        ; -0.077     ; 3.211      ;
; -2.291 ; clk_divider:F|counter[0]  ; clk_divider:F|counter[18] ; CLK          ; CLK         ; 1.000        ; -0.077     ; 3.211      ;
; -2.290 ; clk_divider:F|counter[18] ; clk_divider:F|counter[18] ; CLK          ; CLK         ; 1.000        ; -0.077     ; 3.210      ;
; -2.286 ; clk_divider:F|counter[1]  ; clk_divider:F|counter[12] ; CLK          ; CLK         ; 1.000        ; -0.076     ; 3.207      ;
; -2.280 ; clk_divider:F|counter[11] ; clk_divider:F|counter[24] ; CLK          ; CLK         ; 1.000        ; -0.076     ; 3.201      ;
; -2.280 ; clk_divider:F|counter[2]  ; clk_divider:F|counter[20] ; CLK          ; CLK         ; 1.000        ; -0.077     ; 3.200      ;
; -2.274 ; clk_divider:F|counter[12] ; clk_divider:F|counter[19] ; CLK          ; CLK         ; 1.000        ; -0.076     ; 3.195      ;
; -2.274 ; clk_divider:F|counter[1]  ; clk_divider:F|counter[23] ; CLK          ; CLK         ; 1.000        ; -0.077     ; 3.194      ;
; -2.273 ; clk_divider:F|counter[12] ; clk_divider:F|counter[24] ; CLK          ; CLK         ; 1.000        ; -0.076     ; 3.194      ;
; -2.272 ; clk_divider:F|counter[9]  ; clk_divider:F|counter[22] ; CLK          ; CLK         ; 1.000        ; -0.076     ; 3.193      ;
; -2.272 ; clk_divider:F|counter[12] ; clk_divider:F|counter[13] ; CLK          ; CLK         ; 1.000        ; -0.076     ; 3.193      ;
; -2.271 ; clk_divider:F|counter[4]  ; clk_divider:F|counter[19] ; CLK          ; CLK         ; 1.000        ; -0.076     ; 3.192      ;
; -2.268 ; clk_divider:F|counter[12] ; clk_divider:F|counter[16] ; CLK          ; CLK         ; 1.000        ; -0.076     ; 3.189      ;
; -2.262 ; clk_divider:F|counter[12] ; clk_divider:F|counter[22] ; CLK          ; CLK         ; 1.000        ; -0.076     ; 3.183      ;
; -2.261 ; clk_divider:F|counter[12] ; clk_divider:F|counter[21] ; CLK          ; CLK         ; 1.000        ; -0.077     ; 3.181      ;
; -2.260 ; clk_divider:F|counter[12] ; clk_divider:F|counter[20] ; CLK          ; CLK         ; 1.000        ; -0.077     ; 3.180      ;
; -2.260 ; clk_divider:F|counter[12] ; clk_divider:F|counter[18] ; CLK          ; CLK         ; 1.000        ; -0.077     ; 3.180      ;
; -2.256 ; clk_divider:F|counter[3]  ; clk_divider:F|counter[14] ; CLK          ; CLK         ; 1.000        ; -0.076     ; 3.177      ;
; -2.250 ; clk_divider:F|counter[3]  ; clk_divider:F|counter[16] ; CLK          ; CLK         ; 1.000        ; -0.076     ; 3.171      ;
; -2.248 ; clk_divider:F|counter[5]  ; clk_divider:F|counter[20] ; CLK          ; CLK         ; 1.000        ; -0.077     ; 3.168      ;
; -2.239 ; clk_divider:F|counter[4]  ; clk_divider:F|counter[21] ; CLK          ; CLK         ; 1.000        ; -0.077     ; 3.159      ;
; -2.237 ; clk_divider:F|counter[3]  ; clk_divider:F|counter[18] ; CLK          ; CLK         ; 1.000        ; -0.077     ; 3.157      ;
; -2.234 ; clk_divider:F|counter[5]  ; clk_divider:F|counter[19] ; CLK          ; CLK         ; 1.000        ; -0.076     ; 3.155      ;
; -2.234 ; clk_divider:F|counter[5]  ; clk_divider:F|counter[21] ; CLK          ; CLK         ; 1.000        ; -0.077     ; 3.154      ;
; -2.229 ; clk_divider:F|counter[6]  ; clk_divider:F|counter[6]  ; CLK          ; CLK         ; 1.000        ; -0.076     ; 3.150      ;
; -2.229 ; clk_divider:F|counter[6]  ; clk_divider:F|counter[11] ; CLK          ; CLK         ; 1.000        ; -0.076     ; 3.150      ;
; -2.204 ; clk_divider:F|counter[0]  ; clk_divider:F|counter[12] ; CLK          ; CLK         ; 1.000        ; -0.076     ; 3.125      ;
; -2.197 ; clk_divider:F|counter[20] ; clk_divider:F|counter[19] ; CLK          ; CLK         ; 1.000        ; -0.076     ; 3.118      ;
; -2.196 ; clk_divider:F|counter[20] ; clk_divider:F|counter[24] ; CLK          ; CLK         ; 1.000        ; -0.076     ; 3.117      ;
+--------+---------------------------+---------------------------+--------------+-------------+--------------+------------+------------+


+---------------------------------------------------------------------------------------------------------------------------------------------------------+
; Slow 1200mV 125C Model Setup: 'clk_divider:F|clk_out'                                                                                                   ;
+--------+---------------------------+---------------------------+-----------------------+-----------------------+--------------+------------+------------+
; Slack  ; From Node                 ; To Node                   ; Launch Clock          ; Latch Clock           ; Relationship ; Clock Skew ; Data Delay ;
+--------+---------------------------+---------------------------+-----------------------+-----------------------+--------------+------------+------------+
; -0.973 ; 74161:inst|f74161:sub|9   ; 74161:inst|f74161:sub|99  ; clk_divider:F|clk_out ; clk_divider:F|clk_out ; 1.000        ; -0.075     ; 1.895      ;
; -0.971 ; 74161:inst|f74161:sub|9   ; 74161:inst|f74161:sub|110 ; clk_divider:F|clk_out ; clk_divider:F|clk_out ; 1.000        ; -0.075     ; 1.893      ;
; -0.959 ; 74161:inst|f74161:sub|87  ; 74161:inst|f74161:sub|110 ; clk_divider:F|clk_out ; clk_divider:F|clk_out ; 1.000        ; -0.075     ; 1.881      ;
; -0.856 ; 74161:inst|f74161:sub|99  ; 74161:inst|f74161:sub|99  ; clk_divider:F|clk_out ; clk_divider:F|clk_out ; 1.000        ; -0.075     ; 1.778      ;
; -0.808 ; 74161:inst|f74161:sub|99  ; 74161:inst|f74161:sub|110 ; clk_divider:F|clk_out ; clk_divider:F|clk_out ; 1.000        ; -0.075     ; 1.730      ;
; -0.669 ; 74161:inst|f74161:sub|87  ; 74161:inst|f74161:sub|99  ; clk_divider:F|clk_out ; clk_divider:F|clk_out ; 1.000        ; -0.075     ; 1.591      ;
; -0.648 ; 74161:inst|f74161:sub|87  ; 74161:inst|f74161:sub|9   ; clk_divider:F|clk_out ; clk_divider:F|clk_out ; 1.000        ; -0.075     ; 1.570      ;
; -0.632 ; 74161:inst|f74161:sub|110 ; 74161:inst|f74161:sub|9   ; clk_divider:F|clk_out ; clk_divider:F|clk_out ; 1.000        ; -0.075     ; 1.554      ;
; -0.632 ; 74161:inst|f74161:sub|110 ; 74161:inst|f74161:sub|110 ; clk_divider:F|clk_out ; clk_divider:F|clk_out ; 1.000        ; -0.075     ; 1.554      ;
; -0.628 ; 74161:inst|f74161:sub|110 ; 74161:inst|f74161:sub|99  ; clk_divider:F|clk_out ; clk_divider:F|clk_out ; 1.000        ; -0.075     ; 1.550      ;
; -0.615 ; 74161:inst|f74161:sub|110 ; 74161:inst|f74161:sub|87  ; clk_divider:F|clk_out ; clk_divider:F|clk_out ; 1.000        ; -0.075     ; 1.537      ;
; -0.501 ; 74161:inst|f74161:sub|99  ; 74161:inst|f74161:sub|9   ; clk_divider:F|clk_out ; clk_divider:F|clk_out ; 1.000        ; -0.075     ; 1.423      ;
; -0.495 ; 74161:inst|f74161:sub|99  ; 74161:inst|f74161:sub|87  ; clk_divider:F|clk_out ; clk_divider:F|clk_out ; 1.000        ; -0.075     ; 1.417      ;
; -0.441 ; 74161:inst|f74161:sub|9   ; 74161:inst|f74161:sub|87  ; clk_divider:F|clk_out ; clk_divider:F|clk_out ; 1.000        ; -0.075     ; 1.363      ;
; -0.383 ; 74161:inst|f74161:sub|9   ; 74161:inst|f74161:sub|9   ; clk_divider:F|clk_out ; clk_divider:F|clk_out ; 1.000        ; -0.075     ; 1.305      ;
; 0.128  ; 74161:inst|f74161:sub|87  ; 74161:inst|f74161:sub|87  ; clk_divider:F|clk_out ; clk_divider:F|clk_out ; 1.000        ; -0.075     ; 0.794      ;
+--------+---------------------------+---------------------------+-----------------------+-----------------------+--------------+------------+------------+


+--------------------------------------------------------------------------------------------------------------------------------------------------------+
; Slow 1200mV 125C Model Hold: 'clk_divider:F|clk_out'                                                                                                   ;
+-------+---------------------------+---------------------------+-----------------------+-----------------------+--------------+------------+------------+
; Slack ; From Node                 ; To Node                   ; Launch Clock          ; Latch Clock           ; Relationship ; Clock Skew ; Data Delay ;
+-------+---------------------------+---------------------------+-----------------------+-----------------------+--------------+------------+------------+
; 0.428 ; 74161:inst|f74161:sub|9   ; 74161:inst|f74161:sub|9   ; clk_divider:F|clk_out ; clk_divider:F|clk_out ; 0.000        ; 0.075      ; 0.692      ;
; 0.428 ; 74161:inst|f74161:sub|87  ; 74161:inst|f74161:sub|87  ; clk_divider:F|clk_out ; clk_divider:F|clk_out ; 0.000        ; 0.075      ; 0.692      ;
; 0.428 ; 74161:inst|f74161:sub|110 ; 74161:inst|f74161:sub|110 ; clk_divider:F|clk_out ; clk_divider:F|clk_out ; 0.000        ; 0.075      ; 0.692      ;
; 0.866 ; 74161:inst|f74161:sub|9   ; 74161:inst|f74161:sub|87  ; clk_divider:F|clk_out ; clk_divider:F|clk_out ; 0.000        ; 0.075      ; 1.130      ;
; 0.891 ; 74161:inst|f74161:sub|9   ; 74161:inst|f74161:sub|99  ; clk_divider:F|clk_out ; clk_divider:F|clk_out ; 0.000        ; 0.075      ; 1.155      ;
; 0.891 ; 74161:inst|f74161:sub|9   ; 74161:inst|f74161:sub|110 ; clk_divider:F|clk_out ; clk_divider:F|clk_out ; 0.000        ; 0.075      ; 1.155      ;
; 0.976 ; 74161:inst|f74161:sub|99  ; 74161:inst|f74161:sub|87  ; clk_divider:F|clk_out ; clk_divider:F|clk_out ; 0.000        ; 0.075      ; 1.240      ;
; 1.020 ; 74161:inst|f74161:sub|99  ; 74161:inst|f74161:sub|99  ; clk_divider:F|clk_out ; clk_divider:F|clk_out ; 0.000        ; 0.075      ; 1.284      ;
; 1.023 ; 74161:inst|f74161:sub|99  ; 74161:inst|f74161:sub|9   ; clk_divider:F|clk_out ; clk_divider:F|clk_out ; 0.000        ; 0.075      ; 1.287      ;
; 1.023 ; 74161:inst|f74161:sub|99  ; 74161:inst|f74161:sub|110 ; clk_divider:F|clk_out ; clk_divider:F|clk_out ; 0.000        ; 0.075      ; 1.287      ;
; 1.041 ; 74161:inst|f74161:sub|110 ; 74161:inst|f74161:sub|87  ; clk_divider:F|clk_out ; clk_divider:F|clk_out ; 0.000        ; 0.075      ; 1.305      ;
; 1.075 ; 74161:inst|f74161:sub|110 ; 74161:inst|f74161:sub|99  ; clk_divider:F|clk_out ; clk_divider:F|clk_out ; 0.000        ; 0.075      ; 1.339      ;
; 1.077 ; 74161:inst|f74161:sub|110 ; 74161:inst|f74161:sub|9   ; clk_divider:F|clk_out ; clk_divider:F|clk_out ; 0.000        ; 0.075      ; 1.341      ;
; 1.083 ; 74161:inst|f74161:sub|87  ; 74161:inst|f74161:sub|99  ; clk_divider:F|clk_out ; clk_divider:F|clk_out ; 0.000        ; 0.075      ; 1.347      ;
; 1.083 ; 74161:inst|f74161:sub|87  ; 74161:inst|f74161:sub|110 ; clk_divider:F|clk_out ; clk_divider:F|clk_out ; 0.000        ; 0.075      ; 1.347      ;
; 1.085 ; 74161:inst|f74161:sub|87  ; 74161:inst|f74161:sub|9   ; clk_divider:F|clk_out ; clk_divider:F|clk_out ; 0.000        ; 0.075      ; 1.349      ;
+-------+---------------------------+---------------------------+-----------------------+-----------------------+--------------+------------+------------+


+----------------------------------------------------------------------------------------------------------------------------------------------+
; Slow 1200mV 125C Model Hold: 'CLK'                                                                                                           ;
+-------+---------------------------+---------------------------+-----------------------+-------------+--------------+------------+------------+
; Slack ; From Node                 ; To Node                   ; Launch Clock          ; Latch Clock ; Relationship ; Clock Skew ; Data Delay ;
+-------+---------------------------+---------------------------+-----------------------+-------------+--------------+------------+------------+
; 0.662 ; clk_divider:F|counter[9]  ; clk_divider:F|counter[9]  ; CLK                   ; CLK         ; 0.000        ; 0.076      ; 0.927      ;
; 0.663 ; clk_divider:F|counter[1]  ; clk_divider:F|counter[1]  ; CLK                   ; CLK         ; 0.000        ; 0.076      ; 0.928      ;
; 0.665 ; clk_divider:F|counter[3]  ; clk_divider:F|counter[3]  ; CLK                   ; CLK         ; 0.000        ; 0.076      ; 0.930      ;
; 0.665 ; clk_divider:F|counter[2]  ; clk_divider:F|counter[2]  ; CLK                   ; CLK         ; 0.000        ; 0.076      ; 0.930      ;
; 0.666 ; clk_divider:F|counter[10] ; clk_divider:F|counter[10] ; CLK                   ; CLK         ; 0.000        ; 0.076      ; 0.931      ;
; 0.668 ; clk_divider:F|counter[4]  ; clk_divider:F|counter[4]  ; CLK                   ; CLK         ; 0.000        ; 0.076      ; 0.933      ;
; 0.676 ; clk_divider:F|counter[15] ; clk_divider:F|counter[15] ; CLK                   ; CLK         ; 0.000        ; 0.077      ; 0.942      ;
; 0.677 ; clk_divider:F|counter[23] ; clk_divider:F|counter[23] ; CLK                   ; CLK         ; 0.000        ; 0.077      ; 0.943      ;
; 0.677 ; clk_divider:F|counter[17] ; clk_divider:F|counter[17] ; CLK                   ; CLK         ; 0.000        ; 0.077      ; 0.943      ;
; 0.677 ; clk_divider:F|counter[7]  ; clk_divider:F|counter[7]  ; CLK                   ; CLK         ; 0.000        ; 0.076      ; 0.942      ;
; 0.679 ; clk_divider:F|counter[5]  ; clk_divider:F|counter[5]  ; CLK                   ; CLK         ; 0.000        ; 0.076      ; 0.944      ;
; 0.681 ; clk_divider:F|counter[8]  ; clk_divider:F|counter[8]  ; CLK                   ; CLK         ; 0.000        ; 0.076      ; 0.946      ;
; 0.707 ; clk_divider:F|counter[0]  ; clk_divider:F|counter[0]  ; CLK                   ; CLK         ; 0.000        ; 0.076      ; 0.972      ;
; 0.904 ; clk_divider:F|clk_out     ; clk_divider:F|clk_out     ; clk_divider:F|clk_out ; CLK         ; 0.000        ; 2.725      ; 4.085      ;
; 0.989 ; clk_divider:F|counter[9]  ; clk_divider:F|counter[10] ; CLK                   ; CLK         ; 0.000        ; 0.076      ; 1.254      ;
; 0.990 ; clk_divider:F|counter[1]  ; clk_divider:F|counter[2]  ; CLK                   ; CLK         ; 0.000        ; 0.076      ; 1.255      ;
; 0.993 ; clk_divider:F|counter[3]  ; clk_divider:F|counter[4]  ; CLK                   ; CLK         ; 0.000        ; 0.076      ; 1.258      ;
; 1.004 ; clk_divider:F|counter[7]  ; clk_divider:F|counter[8]  ; CLK                   ; CLK         ; 0.000        ; 0.076      ; 1.269      ;
; 1.008 ; clk_divider:F|counter[2]  ; clk_divider:F|counter[3]  ; CLK                   ; CLK         ; 0.000        ; 0.076      ; 1.273      ;
; 1.009 ; clk_divider:F|counter[2]  ; clk_divider:F|counter[4]  ; CLK                   ; CLK         ; 0.000        ; 0.076      ; 1.274      ;
; 1.015 ; clk_divider:F|counter[4]  ; clk_divider:F|counter[5]  ; CLK                   ; CLK         ; 0.000        ; 0.076      ; 1.280      ;
; 1.028 ; clk_divider:F|counter[8]  ; clk_divider:F|counter[9]  ; CLK                   ; CLK         ; 0.000        ; 0.076      ; 1.293      ;
; 1.028 ; clk_divider:F|counter[0]  ; clk_divider:F|counter[1]  ; CLK                   ; CLK         ; 0.000        ; 0.076      ; 1.293      ;
; 1.029 ; clk_divider:F|counter[21] ; clk_divider:F|counter[21] ; CLK                   ; CLK         ; 0.000        ; 0.077      ; 1.295      ;
; 1.029 ; clk_divider:F|counter[8]  ; clk_divider:F|counter[10] ; CLK                   ; CLK         ; 0.000        ; 0.076      ; 1.294      ;
; 1.029 ; clk_divider:F|counter[0]  ; clk_divider:F|counter[2]  ; CLK                   ; CLK         ; 0.000        ; 0.076      ; 1.294      ;
; 1.031 ; clk_divider:F|counter[18] ; clk_divider:F|counter[18] ; CLK                   ; CLK         ; 0.000        ; 0.077      ; 1.297      ;
; 1.031 ; clk_divider:F|counter[6]  ; clk_divider:F|counter[7]  ; CLK                   ; CLK         ; 0.000        ; 0.076      ; 1.296      ;
; 1.032 ; clk_divider:F|counter[6]  ; clk_divider:F|counter[8]  ; CLK                   ; CLK         ; 0.000        ; 0.076      ; 1.297      ;
; 1.033 ; clk_divider:F|counter[20] ; clk_divider:F|counter[20] ; CLK                   ; CLK         ; 0.000        ; 0.077      ; 1.299      ;
; 1.123 ; clk_divider:F|counter[1]  ; clk_divider:F|counter[3]  ; CLK                   ; CLK         ; 0.000        ; 0.076      ; 1.388      ;
; 1.124 ; clk_divider:F|counter[1]  ; clk_divider:F|counter[4]  ; CLK                   ; CLK         ; 0.000        ; 0.076      ; 1.389      ;
; 1.126 ; clk_divider:F|counter[3]  ; clk_divider:F|counter[5]  ; CLK                   ; CLK         ; 0.000        ; 0.076      ; 1.391      ;
; 1.136 ; clk_divider:F|counter[15] ; clk_divider:F|counter[17] ; CLK                   ; CLK         ; 0.000        ; 0.077      ; 1.402      ;
; 1.137 ; clk_divider:F|counter[7]  ; clk_divider:F|counter[9]  ; CLK                   ; CLK         ; 0.000        ; 0.076      ; 1.402      ;
; 1.138 ; clk_divider:F|counter[21] ; clk_divider:F|counter[23] ; CLK                   ; CLK         ; 0.000        ; 0.077      ; 1.404      ;
; 1.138 ; clk_divider:F|counter[7]  ; clk_divider:F|counter[10] ; CLK                   ; CLK         ; 0.000        ; 0.076      ; 1.403      ;
; 1.140 ; clk_divider:F|counter[5]  ; clk_divider:F|counter[7]  ; CLK                   ; CLK         ; 0.000        ; 0.076      ; 1.405      ;
; 1.141 ; clk_divider:F|counter[5]  ; clk_divider:F|counter[8]  ; CLK                   ; CLK         ; 0.000        ; 0.076      ; 1.406      ;
; 1.142 ; clk_divider:F|counter[2]  ; clk_divider:F|counter[5]  ; CLK                   ; CLK         ; 0.000        ; 0.076      ; 1.407      ;
; 1.148 ; clk_divider:F|counter[11] ; clk_divider:F|counter[11] ; CLK                   ; CLK         ; 0.000        ; 0.076      ; 1.413      ;
; 1.149 ; clk_divider:F|counter[4]  ; clk_divider:F|counter[7]  ; CLK                   ; CLK         ; 0.000        ; 0.076      ; 1.414      ;
; 1.150 ; clk_divider:F|counter[4]  ; clk_divider:F|counter[8]  ; CLK                   ; CLK         ; 0.000        ; 0.076      ; 1.415      ;
; 1.162 ; clk_divider:F|counter[0]  ; clk_divider:F|counter[3]  ; CLK                   ; CLK         ; 0.000        ; 0.076      ; 1.427      ;
; 1.163 ; clk_divider:F|counter[0]  ; clk_divider:F|counter[4]  ; CLK                   ; CLK         ; 0.000        ; 0.076      ; 1.428      ;
; 1.163 ; clk_divider:F|counter[20] ; clk_divider:F|counter[23] ; CLK                   ; CLK         ; 0.000        ; 0.077      ; 1.429      ;
; 1.165 ; clk_divider:F|counter[6]  ; clk_divider:F|counter[9]  ; CLK                   ; CLK         ; 0.000        ; 0.076      ; 1.430      ;
; 1.166 ; clk_divider:F|counter[6]  ; clk_divider:F|counter[10] ; CLK                   ; CLK         ; 0.000        ; 0.076      ; 1.431      ;
; 1.187 ; clk_divider:F|counter[14] ; clk_divider:F|counter[15] ; CLK                   ; CLK         ; 0.000        ; 0.076      ; 1.452      ;
; 1.191 ; clk_divider:F|counter[22] ; clk_divider:F|counter[23] ; CLK                   ; CLK         ; 0.000        ; 0.076      ; 1.456      ;
; 1.233 ; clk_divider:F|counter[16] ; clk_divider:F|counter[17] ; CLK                   ; CLK         ; 0.000        ; 0.076      ; 1.498      ;
; 1.257 ; clk_divider:F|counter[1]  ; clk_divider:F|counter[5]  ; CLK                   ; CLK         ; 0.000        ; 0.076      ; 1.522      ;
; 1.260 ; clk_divider:F|counter[3]  ; clk_divider:F|counter[7]  ; CLK                   ; CLK         ; 0.000        ; 0.076      ; 1.525      ;
; 1.261 ; clk_divider:F|counter[3]  ; clk_divider:F|counter[8]  ; CLK                   ; CLK         ; 0.000        ; 0.076      ; 1.526      ;
; 1.262 ; clk_divider:F|counter[11] ; clk_divider:F|counter[15] ; CLK                   ; CLK         ; 0.000        ; 0.076      ; 1.527      ;
; 1.274 ; clk_divider:F|counter[5]  ; clk_divider:F|counter[9]  ; CLK                   ; CLK         ; 0.000        ; 0.076      ; 1.539      ;
; 1.275 ; clk_divider:F|counter[5]  ; clk_divider:F|counter[10] ; CLK                   ; CLK         ; 0.000        ; 0.076      ; 1.540      ;
; 1.276 ; clk_divider:F|counter[2]  ; clk_divider:F|counter[7]  ; CLK                   ; CLK         ; 0.000        ; 0.076      ; 1.541      ;
; 1.277 ; clk_divider:F|counter[2]  ; clk_divider:F|counter[8]  ; CLK                   ; CLK         ; 0.000        ; 0.076      ; 1.542      ;
; 1.281 ; clk_divider:F|counter[10] ; clk_divider:F|counter[15] ; CLK                   ; CLK         ; 0.000        ; 0.076      ; 1.546      ;
; 1.283 ; clk_divider:F|counter[4]  ; clk_divider:F|counter[9]  ; CLK                   ; CLK         ; 0.000        ; 0.076      ; 1.548      ;
; 1.284 ; clk_divider:F|counter[4]  ; clk_divider:F|counter[10] ; CLK                   ; CLK         ; 0.000        ; 0.076      ; 1.549      ;
; 1.290 ; clk_divider:F|counter[18] ; clk_divider:F|counter[23] ; CLK                   ; CLK         ; 0.000        ; 0.077      ; 1.556      ;
; 1.296 ; clk_divider:F|counter[0]  ; clk_divider:F|counter[5]  ; CLK                   ; CLK         ; 0.000        ; 0.076      ; 1.561      ;
; 1.298 ; clk_divider:F|counter[6]  ; clk_divider:F|counter[6]  ; CLK                   ; CLK         ; 0.000        ; 0.076      ; 1.563      ;
; 1.303 ; clk_divider:F|counter[13] ; clk_divider:F|counter[15] ; CLK                   ; CLK         ; 0.000        ; 0.076      ; 1.568      ;
; 1.321 ; clk_divider:F|counter[14] ; clk_divider:F|counter[17] ; CLK                   ; CLK         ; 0.000        ; 0.076      ; 1.586      ;
; 1.356 ; clk_divider:F|counter[17] ; clk_divider:F|counter[18] ; CLK                   ; CLK         ; 0.000        ; 0.077      ; 1.622      ;
; 1.356 ; clk_divider:F|counter[12] ; clk_divider:F|counter[15] ; CLK                   ; CLK         ; 0.000        ; 0.076      ; 1.621      ;
; 1.366 ; clk_divider:F|counter[13] ; clk_divider:F|counter[13] ; CLK                   ; CLK         ; 0.000        ; 0.076      ; 1.631      ;
; 1.374 ; clk_divider:F|counter[18] ; clk_divider:F|counter[20] ; CLK                   ; CLK         ; 0.000        ; 0.077      ; 1.640      ;
; 1.377 ; clk_divider:F|counter[22] ; clk_divider:F|counter[22] ; CLK                   ; CLK         ; 0.000        ; 0.076      ; 1.642      ;
; 1.377 ; clk_divider:F|counter[20] ; clk_divider:F|counter[21] ; CLK                   ; CLK         ; 0.000        ; 0.077      ; 1.643      ;
; 1.386 ; clk_divider:F|counter[16] ; clk_divider:F|counter[16] ; CLK                   ; CLK         ; 0.000        ; 0.076      ; 1.651      ;
; 1.389 ; clk_divider:F|counter[24] ; clk_divider:F|counter[24] ; CLK                   ; CLK         ; 0.000        ; 0.076      ; 1.654      ;
; 1.390 ; clk_divider:F|counter[9]  ; clk_divider:F|counter[15] ; CLK                   ; CLK         ; 0.000        ; 0.076      ; 1.655      ;
; 1.391 ; clk_divider:F|counter[1]  ; clk_divider:F|counter[7]  ; CLK                   ; CLK         ; 0.000        ; 0.076      ; 1.656      ;
; 1.392 ; clk_divider:F|counter[1]  ; clk_divider:F|counter[8]  ; CLK                   ; CLK         ; 0.000        ; 0.076      ; 1.657      ;
; 1.394 ; clk_divider:F|counter[3]  ; clk_divider:F|counter[9]  ; CLK                   ; CLK         ; 0.000        ; 0.076      ; 1.659      ;
; 1.395 ; clk_divider:F|counter[3]  ; clk_divider:F|counter[10] ; CLK                   ; CLK         ; 0.000        ; 0.076      ; 1.660      ;
; 1.396 ; clk_divider:F|counter[11] ; clk_divider:F|counter[17] ; CLK                   ; CLK         ; 0.000        ; 0.076      ; 1.661      ;
; 1.398 ; clk_divider:F|counter[19] ; clk_divider:F|counter[19] ; CLK                   ; CLK         ; 0.000        ; 0.076      ; 1.663      ;
; 1.405 ; clk_divider:F|counter[17] ; clk_divider:F|counter[23] ; CLK                   ; CLK         ; 0.000        ; 0.077      ; 1.671      ;
; 1.410 ; clk_divider:F|counter[2]  ; clk_divider:F|counter[9]  ; CLK                   ; CLK         ; 0.000        ; 0.076      ; 1.675      ;
; 1.411 ; clk_divider:F|counter[2]  ; clk_divider:F|counter[10] ; CLK                   ; CLK         ; 0.000        ; 0.076      ; 1.676      ;
; 1.415 ; clk_divider:F|counter[10] ; clk_divider:F|counter[17] ; CLK                   ; CLK         ; 0.000        ; 0.076      ; 1.680      ;
; 1.430 ; clk_divider:F|counter[8]  ; clk_divider:F|counter[15] ; CLK                   ; CLK         ; 0.000        ; 0.076      ; 1.695      ;
; 1.430 ; clk_divider:F|counter[0]  ; clk_divider:F|counter[7]  ; CLK                   ; CLK         ; 0.000        ; 0.076      ; 1.695      ;
; 1.431 ; clk_divider:F|counter[0]  ; clk_divider:F|counter[8]  ; CLK                   ; CLK         ; 0.000        ; 0.076      ; 1.696      ;
; 1.437 ; clk_divider:F|counter[13] ; clk_divider:F|counter[17] ; CLK                   ; CLK         ; 0.000        ; 0.076      ; 1.702      ;
; 1.456 ; clk_divider:F|clk_out     ; clk_divider:F|clk_out     ; clk_divider:F|clk_out ; CLK         ; -0.500       ; 2.725      ; 4.137      ;
; 1.472 ; clk_divider:F|counter[14] ; clk_divider:F|counter[14] ; CLK                   ; CLK         ; 0.000        ; 0.076      ; 1.737      ;
; 1.474 ; clk_divider:F|counter[19] ; clk_divider:F|counter[23] ; CLK                   ; CLK         ; 0.000        ; 0.076      ; 1.739      ;
; 1.489 ; clk_divider:F|counter[15] ; clk_divider:F|counter[18] ; CLK                   ; CLK         ; 0.000        ; 0.077      ; 1.755      ;
; 1.489 ; clk_divider:F|counter[17] ; clk_divider:F|counter[20] ; CLK                   ; CLK         ; 0.000        ; 0.077      ; 1.755      ;
; 1.490 ; clk_divider:F|counter[12] ; clk_divider:F|counter[17] ; CLK                   ; CLK         ; 0.000        ; 0.076      ; 1.755      ;
; 1.495 ; clk_divider:F|counter[10] ; clk_divider:F|counter[11] ; CLK                   ; CLK         ; 0.000        ; 0.076      ; 1.760      ;
; 1.503 ; clk_divider:F|counter[15] ; clk_divider:F|counter[16] ; CLK                   ; CLK         ; 0.000        ; 0.077      ; 1.769      ;
; 1.504 ; clk_divider:F|counter[18] ; clk_divider:F|counter[21] ; CLK                   ; CLK         ; 0.000        ; 0.077      ; 1.770      ;
; 1.506 ; clk_divider:F|counter[18] ; clk_divider:F|counter[19] ; CLK                   ; CLK         ; 0.000        ; 0.077      ; 1.772      ;
+-------+---------------------------+---------------------------+-----------------------+-------------+--------------+------------+------------+


------------------------------------------------
; Slow 1200mV 125C Model Metastability Summary ;
------------------------------------------------
No synchronizer chains to report.


+------------------------------------------------------------------------------------------------------+
; Slow 1200mV -40C Model Fmax Summary                                                                  ;
+-----------+-----------------+-----------------------+------------------------------------------------+
; Fmax      ; Restricted Fmax ; Clock Name            ; Note                                           ;
+-----------+-----------------+-----------------------+------------------------------------------------+
; 240.5 MHz ; 240.5 MHz       ; CLK                   ;                                                ;
; 607.9 MHz ; 437.64 MHz      ; clk_divider:F|clk_out ; limit due to minimum period restriction (tmin) ;
+-----------+-----------------+-----------------------+------------------------------------------------+
This panel reports FMAX for every clock in the design, regardless of the user-specified clock periods.  FMAX is only computed for paths where the source and destination registers or ports are driven by the same clock.  Paths of different clocks, including generated clocks, are ignored.  For paths between a clock and its inversion, FMAX is computed as if the rising and falling edges are scaled along with FMAX, such that the duty cycle (in terms of a percentage) is maintained. Altera recommends that you always use clock constraints and other slack reports for sign-off analysis.


+------------------------------------------------+
; Slow 1200mV -40C Model Setup Summary           ;
+-----------------------+--------+---------------+
; Clock                 ; Slack  ; End Point TNS ;
+-----------------------+--------+---------------+
; CLK                   ; -3.158 ; -37.798       ;
; clk_divider:F|clk_out ; -0.645 ; -2.031        ;
+-----------------------+--------+---------------+


+-----------------------------------------------+
; Slow 1200mV -40C Model Hold Summary           ;
+-----------------------+-------+---------------+
; Clock                 ; Slack ; End Point TNS ;
+-----------------------+-------+---------------+
; clk_divider:F|clk_out ; 0.343 ; 0.000         ;
; CLK                   ; 0.576 ; 0.000         ;
+-----------------------+-------+---------------+


-------------------------------------------
; Slow 1200mV -40C Model Recovery Summary ;
-------------------------------------------
No paths to report.


------------------------------------------
; Slow 1200mV -40C Model Removal Summary ;
------------------------------------------
No paths to report.


+----------------------------------------------------+
; Slow 1200mV -40C Model Minimum Pulse Width Summary ;
+-----------------------+--------+-------------------+
; Clock                 ; Slack  ; End Point TNS     ;
+-----------------------+--------+-------------------+
; CLK                   ; -3.000 ; -36.410           ;
; clk_divider:F|clk_out ; -1.285 ; -5.140            ;
+-----------------------+--------+-------------------+


+--------------------------------------------------------------------------------------------------------------------------------------+
; Slow 1200mV -40C Model Setup: 'CLK'                                                                                                  ;
+--------+---------------------------+---------------------------+--------------+-------------+--------------+------------+------------+
; Slack  ; From Node                 ; To Node                   ; Launch Clock ; Latch Clock ; Relationship ; Clock Skew ; Data Delay ;
+--------+---------------------------+---------------------------+--------------+-------------+--------------+------------+------------+
; -3.158 ; clk_divider:F|counter[12] ; clk_divider:F|clk_out     ; CLK          ; CLK         ; 1.000        ; -0.064     ; 4.094      ;
; -3.034 ; clk_divider:F|counter[18] ; clk_divider:F|clk_out     ; CLK          ; CLK         ; 1.000        ; -0.063     ; 3.971      ;
; -2.999 ; clk_divider:F|counter[6]  ; clk_divider:F|clk_out     ; CLK          ; CLK         ; 1.000        ; -0.064     ; 3.935      ;
; -2.973 ; clk_divider:F|counter[7]  ; clk_divider:F|clk_out     ; CLK          ; CLK         ; 1.000        ; -0.064     ; 3.909      ;
; -2.964 ; clk_divider:F|counter[9]  ; clk_divider:F|clk_out     ; CLK          ; CLK         ; 1.000        ; -0.064     ; 3.900      ;
; -2.959 ; clk_divider:F|counter[5]  ; clk_divider:F|clk_out     ; CLK          ; CLK         ; 1.000        ; -0.064     ; 3.895      ;
; -2.957 ; clk_divider:F|counter[10] ; clk_divider:F|clk_out     ; CLK          ; CLK         ; 1.000        ; -0.064     ; 3.893      ;
; -2.910 ; clk_divider:F|counter[20] ; clk_divider:F|clk_out     ; CLK          ; CLK         ; 1.000        ; -0.063     ; 3.847      ;
; -2.845 ; clk_divider:F|counter[1]  ; clk_divider:F|clk_out     ; CLK          ; CLK         ; 1.000        ; -0.064     ; 3.781      ;
; -2.841 ; clk_divider:F|counter[23] ; clk_divider:F|clk_out     ; CLK          ; CLK         ; 1.000        ; -0.063     ; 3.778      ;
; -2.833 ; clk_divider:F|counter[4]  ; clk_divider:F|clk_out     ; CLK          ; CLK         ; 1.000        ; -0.064     ; 3.769      ;
; -2.821 ; clk_divider:F|counter[11] ; clk_divider:F|clk_out     ; CLK          ; CLK         ; 1.000        ; -0.064     ; 3.757      ;
; -2.762 ; clk_divider:F|counter[15] ; clk_divider:F|clk_out     ; CLK          ; CLK         ; 1.000        ; -0.063     ; 3.699      ;
; -2.757 ; clk_divider:F|counter[14] ; clk_divider:F|clk_out     ; CLK          ; CLK         ; 1.000        ; -0.064     ; 3.693      ;
; -2.752 ; clk_divider:F|counter[3]  ; clk_divider:F|clk_out     ; CLK          ; CLK         ; 1.000        ; -0.064     ; 3.688      ;
; -2.749 ; clk_divider:F|counter[16] ; clk_divider:F|clk_out     ; CLK          ; CLK         ; 1.000        ; -0.064     ; 3.685      ;
; -2.719 ; clk_divider:F|counter[8]  ; clk_divider:F|clk_out     ; CLK          ; CLK         ; 1.000        ; -0.064     ; 3.655      ;
; -2.669 ; clk_divider:F|counter[24] ; clk_divider:F|clk_out     ; CLK          ; CLK         ; 1.000        ; -0.064     ; 3.605      ;
; -2.660 ; clk_divider:F|counter[17] ; clk_divider:F|clk_out     ; CLK          ; CLK         ; 1.000        ; -0.063     ; 3.597      ;
; -2.658 ; clk_divider:F|counter[22] ; clk_divider:F|clk_out     ; CLK          ; CLK         ; 1.000        ; -0.064     ; 3.594      ;
; -2.654 ; clk_divider:F|counter[19] ; clk_divider:F|clk_out     ; CLK          ; CLK         ; 1.000        ; -0.064     ; 3.590      ;
; -2.631 ; clk_divider:F|counter[2]  ; clk_divider:F|clk_out     ; CLK          ; CLK         ; 1.000        ; -0.064     ; 3.567      ;
; -2.565 ; clk_divider:F|counter[21] ; clk_divider:F|clk_out     ; CLK          ; CLK         ; 1.000        ; -0.063     ; 3.502      ;
; -2.523 ; clk_divider:F|counter[13] ; clk_divider:F|clk_out     ; CLK          ; CLK         ; 1.000        ; -0.064     ; 3.459      ;
; -2.483 ; clk_divider:F|counter[0]  ; clk_divider:F|clk_out     ; CLK          ; CLK         ; 1.000        ; -0.064     ; 3.419      ;
; -2.269 ; clk_divider:F|counter[1]  ; clk_divider:F|counter[24] ; CLK          ; CLK         ; 1.000        ; -0.064     ; 3.205      ;
; -2.202 ; clk_divider:F|counter[0]  ; clk_divider:F|counter[24] ; CLK          ; CLK         ; 1.000        ; -0.064     ; 3.138      ;
; -2.164 ; clk_divider:F|counter[1]  ; clk_divider:F|counter[22] ; CLK          ; CLK         ; 1.000        ; -0.064     ; 3.100      ;
; -2.161 ; clk_divider:F|counter[3]  ; clk_divider:F|counter[24] ; CLK          ; CLK         ; 1.000        ; -0.064     ; 3.097      ;
; -2.097 ; clk_divider:F|counter[0]  ; clk_divider:F|counter[22] ; CLK          ; CLK         ; 1.000        ; -0.064     ; 3.033      ;
; -2.088 ; clk_divider:F|counter[2]  ; clk_divider:F|counter[24] ; CLK          ; CLK         ; 1.000        ; -0.064     ; 3.024      ;
; -2.062 ; clk_divider:F|counter[5]  ; clk_divider:F|counter[24] ; CLK          ; CLK         ; 1.000        ; -0.064     ; 2.998      ;
; -2.056 ; clk_divider:F|counter[3]  ; clk_divider:F|counter[22] ; CLK          ; CLK         ; 1.000        ; -0.064     ; 2.992      ;
; -1.986 ; clk_divider:F|counter[12] ; clk_divider:F|counter[11] ; CLK          ; CLK         ; 1.000        ; -0.064     ; 2.922      ;
; -1.985 ; clk_divider:F|counter[12] ; clk_divider:F|counter[6]  ; CLK          ; CLK         ; 1.000        ; -0.064     ; 2.921      ;
; -1.983 ; clk_divider:F|counter[2]  ; clk_divider:F|counter[22] ; CLK          ; CLK         ; 1.000        ; -0.064     ; 2.919      ;
; -1.976 ; clk_divider:F|counter[4]  ; clk_divider:F|counter[24] ; CLK          ; CLK         ; 1.000        ; -0.064     ; 2.912      ;
; -1.963 ; clk_divider:F|counter[0]  ; clk_divider:F|counter[19] ; CLK          ; CLK         ; 1.000        ; -0.064     ; 2.899      ;
; -1.957 ; clk_divider:F|counter[5]  ; clk_divider:F|counter[22] ; CLK          ; CLK         ; 1.000        ; -0.064     ; 2.893      ;
; -1.953 ; clk_divider:F|counter[7]  ; clk_divider:F|counter[24] ; CLK          ; CLK         ; 1.000        ; -0.064     ; 2.889      ;
; -1.946 ; clk_divider:F|counter[12] ; clk_divider:F|counter[21] ; CLK          ; CLK         ; 1.000        ; -0.065     ; 2.881      ;
; -1.945 ; clk_divider:F|counter[12] ; clk_divider:F|counter[18] ; CLK          ; CLK         ; 1.000        ; -0.065     ; 2.880      ;
; -1.945 ; clk_divider:F|counter[12] ; clk_divider:F|counter[20] ; CLK          ; CLK         ; 1.000        ; -0.065     ; 2.880      ;
; -1.909 ; clk_divider:F|counter[12] ; clk_divider:F|counter[19] ; CLK          ; CLK         ; 1.000        ; -0.064     ; 2.845      ;
; -1.908 ; clk_divider:F|counter[0]  ; clk_divider:F|counter[21] ; CLK          ; CLK         ; 1.000        ; -0.065     ; 2.843      ;
; -1.907 ; clk_divider:F|counter[12] ; clk_divider:F|counter[24] ; CLK          ; CLK         ; 1.000        ; -0.064     ; 2.843      ;
; -1.905 ; clk_divider:F|counter[12] ; clk_divider:F|counter[13] ; CLK          ; CLK         ; 1.000        ; -0.064     ; 2.841      ;
; -1.901 ; clk_divider:F|counter[12] ; clk_divider:F|counter[16] ; CLK          ; CLK         ; 1.000        ; -0.064     ; 2.837      ;
; -1.896 ; clk_divider:F|counter[12] ; clk_divider:F|counter[22] ; CLK          ; CLK         ; 1.000        ; -0.064     ; 2.832      ;
; -1.881 ; clk_divider:F|counter[6]  ; clk_divider:F|counter[24] ; CLK          ; CLK         ; 1.000        ; -0.064     ; 2.817      ;
; -1.872 ; clk_divider:F|counter[1]  ; clk_divider:F|counter[20] ; CLK          ; CLK         ; 1.000        ; -0.065     ; 2.807      ;
; -1.871 ; clk_divider:F|counter[4]  ; clk_divider:F|counter[22] ; CLK          ; CLK         ; 1.000        ; -0.064     ; 2.807      ;
; -1.863 ; clk_divider:F|counter[1]  ; clk_divider:F|counter[19] ; CLK          ; CLK         ; 1.000        ; -0.064     ; 2.799      ;
; -1.862 ; clk_divider:F|counter[18] ; clk_divider:F|counter[11] ; CLK          ; CLK         ; 1.000        ; -0.063     ; 2.799      ;
; -1.861 ; clk_divider:F|counter[18] ; clk_divider:F|counter[6]  ; CLK          ; CLK         ; 1.000        ; -0.063     ; 2.798      ;
; -1.848 ; clk_divider:F|counter[7]  ; clk_divider:F|counter[22] ; CLK          ; CLK         ; 1.000        ; -0.064     ; 2.784      ;
; -1.840 ; clk_divider:F|counter[2]  ; clk_divider:F|counter[19] ; CLK          ; CLK         ; 1.000        ; -0.064     ; 2.776      ;
; -1.835 ; clk_divider:F|counter[9]  ; clk_divider:F|counter[24] ; CLK          ; CLK         ; 1.000        ; -0.064     ; 2.771      ;
; -1.827 ; clk_divider:F|counter[6]  ; clk_divider:F|counter[11] ; CLK          ; CLK         ; 1.000        ; -0.064     ; 2.763      ;
; -1.826 ; clk_divider:F|counter[6]  ; clk_divider:F|counter[6]  ; CLK          ; CLK         ; 1.000        ; -0.064     ; 2.762      ;
; -1.822 ; clk_divider:F|counter[18] ; clk_divider:F|counter[21] ; CLK          ; CLK         ; 1.000        ; -0.064     ; 2.758      ;
; -1.821 ; clk_divider:F|counter[18] ; clk_divider:F|counter[18] ; CLK          ; CLK         ; 1.000        ; -0.064     ; 2.757      ;
; -1.821 ; clk_divider:F|counter[18] ; clk_divider:F|counter[20] ; CLK          ; CLK         ; 1.000        ; -0.064     ; 2.757      ;
; -1.815 ; clk_divider:F|counter[1]  ; clk_divider:F|counter[14] ; CLK          ; CLK         ; 1.000        ; -0.064     ; 2.751      ;
; -1.813 ; clk_divider:F|counter[1]  ; clk_divider:F|counter[21] ; CLK          ; CLK         ; 1.000        ; -0.065     ; 2.748      ;
; -1.808 ; clk_divider:F|counter[1]  ; clk_divider:F|counter[16] ; CLK          ; CLK         ; 1.000        ; -0.064     ; 2.744      ;
; -1.805 ; clk_divider:F|counter[0]  ; clk_divider:F|counter[20] ; CLK          ; CLK         ; 1.000        ; -0.065     ; 2.740      ;
; -1.801 ; clk_divider:F|counter[7]  ; clk_divider:F|counter[11] ; CLK          ; CLK         ; 1.000        ; -0.064     ; 2.737      ;
; -1.800 ; clk_divider:F|counter[7]  ; clk_divider:F|counter[6]  ; CLK          ; CLK         ; 1.000        ; -0.064     ; 2.736      ;
; -1.792 ; clk_divider:F|counter[9]  ; clk_divider:F|counter[11] ; CLK          ; CLK         ; 1.000        ; -0.064     ; 2.728      ;
; -1.791 ; clk_divider:F|counter[9]  ; clk_divider:F|counter[6]  ; CLK          ; CLK         ; 1.000        ; -0.064     ; 2.727      ;
; -1.787 ; clk_divider:F|counter[6]  ; clk_divider:F|counter[21] ; CLK          ; CLK         ; 1.000        ; -0.065     ; 2.722      ;
; -1.787 ; clk_divider:F|counter[5]  ; clk_divider:F|counter[11] ; CLK          ; CLK         ; 1.000        ; -0.064     ; 2.723      ;
; -1.786 ; clk_divider:F|counter[6]  ; clk_divider:F|counter[18] ; CLK          ; CLK         ; 1.000        ; -0.065     ; 2.721      ;
; -1.786 ; clk_divider:F|counter[6]  ; clk_divider:F|counter[20] ; CLK          ; CLK         ; 1.000        ; -0.065     ; 2.721      ;
; -1.786 ; clk_divider:F|counter[5]  ; clk_divider:F|counter[6]  ; CLK          ; CLK         ; 1.000        ; -0.064     ; 2.722      ;
; -1.785 ; clk_divider:F|counter[10] ; clk_divider:F|counter[11] ; CLK          ; CLK         ; 1.000        ; -0.064     ; 2.721      ;
; -1.785 ; clk_divider:F|counter[18] ; clk_divider:F|counter[19] ; CLK          ; CLK         ; 1.000        ; -0.063     ; 2.722      ;
; -1.785 ; clk_divider:F|counter[2]  ; clk_divider:F|counter[21] ; CLK          ; CLK         ; 1.000        ; -0.065     ; 2.720      ;
; -1.784 ; clk_divider:F|counter[10] ; clk_divider:F|counter[6]  ; CLK          ; CLK         ; 1.000        ; -0.064     ; 2.720      ;
; -1.783 ; clk_divider:F|counter[18] ; clk_divider:F|counter[24] ; CLK          ; CLK         ; 1.000        ; -0.063     ; 2.720      ;
; -1.781 ; clk_divider:F|counter[18] ; clk_divider:F|counter[13] ; CLK          ; CLK         ; 1.000        ; -0.063     ; 2.718      ;
; -1.777 ; clk_divider:F|counter[18] ; clk_divider:F|counter[16] ; CLK          ; CLK         ; 1.000        ; -0.063     ; 2.714      ;
; -1.776 ; clk_divider:F|counter[6]  ; clk_divider:F|counter[22] ; CLK          ; CLK         ; 1.000        ; -0.064     ; 2.712      ;
; -1.772 ; clk_divider:F|counter[18] ; clk_divider:F|counter[22] ; CLK          ; CLK         ; 1.000        ; -0.063     ; 2.709      ;
; -1.770 ; clk_divider:F|counter[8]  ; clk_divider:F|counter[24] ; CLK          ; CLK         ; 1.000        ; -0.064     ; 2.706      ;
; -1.764 ; clk_divider:F|counter[1]  ; clk_divider:F|counter[18] ; CLK          ; CLK         ; 1.000        ; -0.065     ; 2.699      ;
; -1.764 ; clk_divider:F|counter[3]  ; clk_divider:F|counter[20] ; CLK          ; CLK         ; 1.000        ; -0.065     ; 2.699      ;
; -1.761 ; clk_divider:F|counter[7]  ; clk_divider:F|counter[21] ; CLK          ; CLK         ; 1.000        ; -0.065     ; 2.696      ;
; -1.760 ; clk_divider:F|counter[13] ; clk_divider:F|counter[24] ; CLK          ; CLK         ; 1.000        ; -0.064     ; 2.696      ;
; -1.760 ; clk_divider:F|counter[7]  ; clk_divider:F|counter[18] ; CLK          ; CLK         ; 1.000        ; -0.065     ; 2.695      ;
; -1.760 ; clk_divider:F|counter[7]  ; clk_divider:F|counter[20] ; CLK          ; CLK         ; 1.000        ; -0.065     ; 2.695      ;
; -1.755 ; clk_divider:F|counter[3]  ; clk_divider:F|counter[19] ; CLK          ; CLK         ; 1.000        ; -0.064     ; 2.691      ;
; -1.752 ; clk_divider:F|counter[9]  ; clk_divider:F|counter[21] ; CLK          ; CLK         ; 1.000        ; -0.065     ; 2.687      ;
; -1.751 ; clk_divider:F|counter[9]  ; clk_divider:F|counter[18] ; CLK          ; CLK         ; 1.000        ; -0.065     ; 2.686      ;
; -1.751 ; clk_divider:F|counter[9]  ; clk_divider:F|counter[20] ; CLK          ; CLK         ; 1.000        ; -0.065     ; 2.686      ;
; -1.750 ; clk_divider:F|counter[6]  ; clk_divider:F|counter[19] ; CLK          ; CLK         ; 1.000        ; -0.064     ; 2.686      ;
; -1.748 ; clk_divider:F|counter[0]  ; clk_divider:F|counter[14] ; CLK          ; CLK         ; 1.000        ; -0.064     ; 2.684      ;
; -1.747 ; clk_divider:F|counter[5]  ; clk_divider:F|counter[21] ; CLK          ; CLK         ; 1.000        ; -0.065     ; 2.682      ;
; -1.746 ; clk_divider:F|counter[6]  ; clk_divider:F|counter[13] ; CLK          ; CLK         ; 1.000        ; -0.064     ; 2.682      ;
+--------+---------------------------+---------------------------+--------------+-------------+--------------+------------+------------+


+---------------------------------------------------------------------------------------------------------------------------------------------------------+
; Slow 1200mV -40C Model Setup: 'clk_divider:F|clk_out'                                                                                                   ;
+--------+---------------------------+---------------------------+-----------------------+-----------------------+--------------+------------+------------+
; Slack  ; From Node                 ; To Node                   ; Launch Clock          ; Latch Clock           ; Relationship ; Clock Skew ; Data Delay ;
+--------+---------------------------+---------------------------+-----------------------+-----------------------+--------------+------------+------------+
; -0.645 ; 74161:inst|f74161:sub|9   ; 74161:inst|f74161:sub|99  ; clk_divider:F|clk_out ; clk_divider:F|clk_out ; 1.000        ; -0.063     ; 1.582      ;
; -0.634 ; 74161:inst|f74161:sub|9   ; 74161:inst|f74161:sub|110 ; clk_divider:F|clk_out ; clk_divider:F|clk_out ; 1.000        ; -0.063     ; 1.571      ;
; -0.629 ; 74161:inst|f74161:sub|87  ; 74161:inst|f74161:sub|110 ; clk_divider:F|clk_out ; clk_divider:F|clk_out ; 1.000        ; -0.063     ; 1.566      ;
; -0.548 ; 74161:inst|f74161:sub|99  ; 74161:inst|f74161:sub|99  ; clk_divider:F|clk_out ; clk_divider:F|clk_out ; 1.000        ; -0.063     ; 1.485      ;
; -0.527 ; 74161:inst|f74161:sub|99  ; 74161:inst|f74161:sub|110 ; clk_divider:F|clk_out ; clk_divider:F|clk_out ; 1.000        ; -0.063     ; 1.464      ;
; -0.398 ; 74161:inst|f74161:sub|87  ; 74161:inst|f74161:sub|99  ; clk_divider:F|clk_out ; clk_divider:F|clk_out ; 1.000        ; -0.063     ; 1.335      ;
; -0.380 ; 74161:inst|f74161:sub|87  ; 74161:inst|f74161:sub|9   ; clk_divider:F|clk_out ; clk_divider:F|clk_out ; 1.000        ; -0.063     ; 1.317      ;
; -0.372 ; 74161:inst|f74161:sub|110 ; 74161:inst|f74161:sub|87  ; clk_divider:F|clk_out ; clk_divider:F|clk_out ; 1.000        ; -0.063     ; 1.309      ;
; -0.363 ; 74161:inst|f74161:sub|110 ; 74161:inst|f74161:sub|9   ; clk_divider:F|clk_out ; clk_divider:F|clk_out ; 1.000        ; -0.063     ; 1.300      ;
; -0.361 ; 74161:inst|f74161:sub|110 ; 74161:inst|f74161:sub|99  ; clk_divider:F|clk_out ; clk_divider:F|clk_out ; 1.000        ; -0.063     ; 1.298      ;
; -0.361 ; 74161:inst|f74161:sub|110 ; 74161:inst|f74161:sub|110 ; clk_divider:F|clk_out ; clk_divider:F|clk_out ; 1.000        ; -0.063     ; 1.298      ;
; -0.287 ; 74161:inst|f74161:sub|99  ; 74161:inst|f74161:sub|9   ; clk_divider:F|clk_out ; clk_divider:F|clk_out ; 1.000        ; -0.063     ; 1.224      ;
; -0.256 ; 74161:inst|f74161:sub|99  ; 74161:inst|f74161:sub|87  ; clk_divider:F|clk_out ; clk_divider:F|clk_out ; 1.000        ; -0.063     ; 1.193      ;
; -0.205 ; 74161:inst|f74161:sub|9   ; 74161:inst|f74161:sub|87  ; clk_divider:F|clk_out ; clk_divider:F|clk_out ; 1.000        ; -0.063     ; 1.142      ;
; -0.169 ; 74161:inst|f74161:sub|9   ; 74161:inst|f74161:sub|9   ; clk_divider:F|clk_out ; clk_divider:F|clk_out ; 1.000        ; -0.063     ; 1.106      ;
; 0.275  ; 74161:inst|f74161:sub|87  ; 74161:inst|f74161:sub|87  ; clk_divider:F|clk_out ; clk_divider:F|clk_out ; 1.000        ; -0.063     ; 0.662      ;
+--------+---------------------------+---------------------------+-----------------------+-----------------------+--------------+------------+------------+


+--------------------------------------------------------------------------------------------------------------------------------------------------------+
; Slow 1200mV -40C Model Hold: 'clk_divider:F|clk_out'                                                                                                   ;
+-------+---------------------------+---------------------------+-----------------------+-----------------------+--------------+------------+------------+
; Slack ; From Node                 ; To Node                   ; Launch Clock          ; Latch Clock           ; Relationship ; Clock Skew ; Data Delay ;
+-------+---------------------------+---------------------------+-----------------------+-----------------------+--------------+------------+------------+
; 0.343 ; 74161:inst|f74161:sub|9   ; 74161:inst|f74161:sub|9   ; clk_divider:F|clk_out ; clk_divider:F|clk_out ; 0.000        ; 0.063      ; 0.574      ;
; 0.343 ; 74161:inst|f74161:sub|87  ; 74161:inst|f74161:sub|87  ; clk_divider:F|clk_out ; clk_divider:F|clk_out ; 0.000        ; 0.063      ; 0.574      ;
; 0.343 ; 74161:inst|f74161:sub|110 ; 74161:inst|f74161:sub|110 ; clk_divider:F|clk_out ; clk_divider:F|clk_out ; 0.000        ; 0.063      ; 0.574      ;
; 0.771 ; 74161:inst|f74161:sub|9   ; 74161:inst|f74161:sub|87  ; clk_divider:F|clk_out ; clk_divider:F|clk_out ; 0.000        ; 0.063      ; 1.002      ;
; 0.776 ; 74161:inst|f74161:sub|9   ; 74161:inst|f74161:sub|99  ; clk_divider:F|clk_out ; clk_divider:F|clk_out ; 0.000        ; 0.063      ; 1.007      ;
; 0.778 ; 74161:inst|f74161:sub|9   ; 74161:inst|f74161:sub|110 ; clk_divider:F|clk_out ; clk_divider:F|clk_out ; 0.000        ; 0.063      ; 1.009      ;
; 0.831 ; 74161:inst|f74161:sub|99  ; 74161:inst|f74161:sub|87  ; clk_divider:F|clk_out ; clk_divider:F|clk_out ; 0.000        ; 0.063      ; 1.062      ;
; 0.865 ; 74161:inst|f74161:sub|99  ; 74161:inst|f74161:sub|99  ; clk_divider:F|clk_out ; clk_divider:F|clk_out ; 0.000        ; 0.063      ; 1.096      ;
; 0.866 ; 74161:inst|f74161:sub|99  ; 74161:inst|f74161:sub|110 ; clk_divider:F|clk_out ; clk_divider:F|clk_out ; 0.000        ; 0.063      ; 1.097      ;
; 0.867 ; 74161:inst|f74161:sub|99  ; 74161:inst|f74161:sub|9   ; clk_divider:F|clk_out ; clk_divider:F|clk_out ; 0.000        ; 0.063      ; 1.098      ;
; 0.921 ; 74161:inst|f74161:sub|110 ; 74161:inst|f74161:sub|87  ; clk_divider:F|clk_out ; clk_divider:F|clk_out ; 0.000        ; 0.063      ; 1.152      ;
; 0.932 ; 74161:inst|f74161:sub|110 ; 74161:inst|f74161:sub|99  ; clk_divider:F|clk_out ; clk_divider:F|clk_out ; 0.000        ; 0.063      ; 1.163      ;
; 0.933 ; 74161:inst|f74161:sub|87  ; 74161:inst|f74161:sub|99  ; clk_divider:F|clk_out ; clk_divider:F|clk_out ; 0.000        ; 0.063      ; 1.164      ;
; 0.934 ; 74161:inst|f74161:sub|110 ; 74161:inst|f74161:sub|9   ; clk_divider:F|clk_out ; clk_divider:F|clk_out ; 0.000        ; 0.063      ; 1.165      ;
; 0.935 ; 74161:inst|f74161:sub|87  ; 74161:inst|f74161:sub|9   ; clk_divider:F|clk_out ; clk_divider:F|clk_out ; 0.000        ; 0.063      ; 1.166      ;
; 0.935 ; 74161:inst|f74161:sub|87  ; 74161:inst|f74161:sub|110 ; clk_divider:F|clk_out ; clk_divider:F|clk_out ; 0.000        ; 0.063      ; 1.166      ;
+-------+---------------------------+---------------------------+-----------------------+-----------------------+--------------+------------+------------+


+----------------------------------------------------------------------------------------------------------------------------------------------+
; Slow 1200mV -40C Model Hold: 'CLK'                                                                                                           ;
+-------+---------------------------+---------------------------+-----------------------+-------------+--------------+------------+------------+
; Slack ; From Node                 ; To Node                   ; Launch Clock          ; Latch Clock ; Relationship ; Clock Skew ; Data Delay ;
+-------+---------------------------+---------------------------+-----------------------+-------------+--------------+------------+------------+
; 0.576 ; clk_divider:F|counter[9]  ; clk_divider:F|counter[9]  ; CLK                   ; CLK         ; 0.000        ; 0.064      ; 0.808      ;
; 0.579 ; clk_divider:F|counter[1]  ; clk_divider:F|counter[1]  ; CLK                   ; CLK         ; 0.000        ; 0.064      ; 0.811      ;
; 0.580 ; clk_divider:F|counter[2]  ; clk_divider:F|counter[2]  ; CLK                   ; CLK         ; 0.000        ; 0.064      ; 0.812      ;
; 0.582 ; clk_divider:F|counter[10] ; clk_divider:F|counter[10] ; CLK                   ; CLK         ; 0.000        ; 0.064      ; 0.814      ;
; 0.582 ; clk_divider:F|counter[3]  ; clk_divider:F|counter[3]  ; CLK                   ; CLK         ; 0.000        ; 0.064      ; 0.814      ;
; 0.584 ; clk_divider:F|counter[4]  ; clk_divider:F|counter[4]  ; CLK                   ; CLK         ; 0.000        ; 0.064      ; 0.816      ;
; 0.589 ; clk_divider:F|counter[15] ; clk_divider:F|counter[15] ; CLK                   ; CLK         ; 0.000        ; 0.064      ; 0.821      ;
; 0.589 ; clk_divider:F|counter[7]  ; clk_divider:F|counter[7]  ; CLK                   ; CLK         ; 0.000        ; 0.064      ; 0.821      ;
; 0.590 ; clk_divider:F|counter[23] ; clk_divider:F|counter[23] ; CLK                   ; CLK         ; 0.000        ; 0.064      ; 0.822      ;
; 0.590 ; clk_divider:F|counter[17] ; clk_divider:F|counter[17] ; CLK                   ; CLK         ; 0.000        ; 0.064      ; 0.822      ;
; 0.593 ; clk_divider:F|counter[5]  ; clk_divider:F|counter[5]  ; CLK                   ; CLK         ; 0.000        ; 0.064      ; 0.825      ;
; 0.595 ; clk_divider:F|counter[8]  ; clk_divider:F|counter[8]  ; CLK                   ; CLK         ; 0.000        ; 0.064      ; 0.827      ;
; 0.613 ; clk_divider:F|counter[0]  ; clk_divider:F|counter[0]  ; CLK                   ; CLK         ; 0.000        ; 0.064      ; 0.845      ;
; 0.853 ; clk_divider:F|counter[9]  ; clk_divider:F|counter[10] ; CLK                   ; CLK         ; 0.000        ; 0.064      ; 1.085      ;
; 0.853 ; clk_divider:F|counter[2]  ; clk_divider:F|counter[3]  ; CLK                   ; CLK         ; 0.000        ; 0.064      ; 1.085      ;
; 0.856 ; clk_divider:F|counter[1]  ; clk_divider:F|counter[2]  ; CLK                   ; CLK         ; 0.000        ; 0.064      ; 1.088      ;
; 0.860 ; clk_divider:F|counter[3]  ; clk_divider:F|counter[4]  ; CLK                   ; CLK         ; 0.000        ; 0.064      ; 1.092      ;
; 0.860 ; clk_divider:F|counter[4]  ; clk_divider:F|counter[5]  ; CLK                   ; CLK         ; 0.000        ; 0.064      ; 1.092      ;
; 0.866 ; clk_divider:F|counter[7]  ; clk_divider:F|counter[8]  ; CLK                   ; CLK         ; 0.000        ; 0.064      ; 1.098      ;
; 0.867 ; clk_divider:F|counter[2]  ; clk_divider:F|counter[4]  ; CLK                   ; CLK         ; 0.000        ; 0.064      ; 1.099      ;
; 0.871 ; clk_divider:F|counter[8]  ; clk_divider:F|counter[9]  ; CLK                   ; CLK         ; 0.000        ; 0.064      ; 1.103      ;
; 0.871 ; clk_divider:F|counter[0]  ; clk_divider:F|counter[1]  ; CLK                   ; CLK         ; 0.000        ; 0.064      ; 1.103      ;
; 0.873 ; clk_divider:F|counter[6]  ; clk_divider:F|counter[7]  ; CLK                   ; CLK         ; 0.000        ; 0.064      ; 1.105      ;
; 0.881 ; clk_divider:F|clk_out     ; clk_divider:F|clk_out     ; clk_divider:F|clk_out ; CLK         ; 0.000        ; 2.332      ; 3.619      ;
; 0.885 ; clk_divider:F|counter[8]  ; clk_divider:F|counter[10] ; CLK                   ; CLK         ; 0.000        ; 0.064      ; 1.117      ;
; 0.885 ; clk_divider:F|counter[0]  ; clk_divider:F|counter[2]  ; CLK                   ; CLK         ; 0.000        ; 0.064      ; 1.117      ;
; 0.887 ; clk_divider:F|counter[6]  ; clk_divider:F|counter[8]  ; CLK                   ; CLK         ; 0.000        ; 0.064      ; 1.119      ;
; 0.897 ; clk_divider:F|counter[21] ; clk_divider:F|counter[21] ; CLK                   ; CLK         ; 0.000        ; 0.064      ; 1.129      ;
; 0.905 ; clk_divider:F|counter[18] ; clk_divider:F|counter[18] ; CLK                   ; CLK         ; 0.000        ; 0.064      ; 1.137      ;
; 0.905 ; clk_divider:F|counter[20] ; clk_divider:F|counter[20] ; CLK                   ; CLK         ; 0.000        ; 0.064      ; 1.137      ;
; 0.946 ; clk_divider:F|counter[1]  ; clk_divider:F|counter[3]  ; CLK                   ; CLK         ; 0.000        ; 0.064      ; 1.178      ;
; 0.950 ; clk_divider:F|counter[3]  ; clk_divider:F|counter[5]  ; CLK                   ; CLK         ; 0.000        ; 0.064      ; 1.182      ;
; 0.956 ; clk_divider:F|counter[15] ; clk_divider:F|counter[17] ; CLK                   ; CLK         ; 0.000        ; 0.064      ; 1.188      ;
; 0.956 ; clk_divider:F|counter[7]  ; clk_divider:F|counter[9]  ; CLK                   ; CLK         ; 0.000        ; 0.064      ; 1.188      ;
; 0.957 ; clk_divider:F|counter[21] ; clk_divider:F|counter[23] ; CLK                   ; CLK         ; 0.000        ; 0.064      ; 1.189      ;
; 0.957 ; clk_divider:F|counter[2]  ; clk_divider:F|counter[5]  ; CLK                   ; CLK         ; 0.000        ; 0.064      ; 1.189      ;
; 0.960 ; clk_divider:F|counter[1]  ; clk_divider:F|counter[4]  ; CLK                   ; CLK         ; 0.000        ; 0.064      ; 1.192      ;
; 0.961 ; clk_divider:F|counter[5]  ; clk_divider:F|counter[7]  ; CLK                   ; CLK         ; 0.000        ; 0.064      ; 1.193      ;
; 0.964 ; clk_divider:F|counter[4]  ; clk_divider:F|counter[7]  ; CLK                   ; CLK         ; 0.000        ; 0.064      ; 1.196      ;
; 0.970 ; clk_divider:F|counter[7]  ; clk_divider:F|counter[10] ; CLK                   ; CLK         ; 0.000        ; 0.064      ; 1.202      ;
; 0.975 ; clk_divider:F|counter[5]  ; clk_divider:F|counter[8]  ; CLK                   ; CLK         ; 0.000        ; 0.064      ; 1.207      ;
; 0.975 ; clk_divider:F|counter[0]  ; clk_divider:F|counter[3]  ; CLK                   ; CLK         ; 0.000        ; 0.064      ; 1.207      ;
; 0.976 ; clk_divider:F|counter[20] ; clk_divider:F|counter[23] ; CLK                   ; CLK         ; 0.000        ; 0.064      ; 1.208      ;
; 0.977 ; clk_divider:F|counter[6]  ; clk_divider:F|counter[9]  ; CLK                   ; CLK         ; 0.000        ; 0.064      ; 1.209      ;
; 0.978 ; clk_divider:F|counter[4]  ; clk_divider:F|counter[8]  ; CLK                   ; CLK         ; 0.000        ; 0.064      ; 1.210      ;
; 0.989 ; clk_divider:F|counter[0]  ; clk_divider:F|counter[4]  ; CLK                   ; CLK         ; 0.000        ; 0.064      ; 1.221      ;
; 0.991 ; clk_divider:F|counter[6]  ; clk_divider:F|counter[10] ; CLK                   ; CLK         ; 0.000        ; 0.064      ; 1.223      ;
; 1.014 ; clk_divider:F|counter[11] ; clk_divider:F|counter[11] ; CLK                   ; CLK         ; 0.000        ; 0.064      ; 1.246      ;
; 1.017 ; clk_divider:F|counter[14] ; clk_divider:F|counter[15] ; CLK                   ; CLK         ; 0.000        ; 0.063      ; 1.248      ;
; 1.021 ; clk_divider:F|counter[22] ; clk_divider:F|counter[23] ; CLK                   ; CLK         ; 0.000        ; 0.063      ; 1.252      ;
; 1.025 ; clk_divider:F|counter[16] ; clk_divider:F|counter[17] ; CLK                   ; CLK         ; 0.000        ; 0.063      ; 1.256      ;
; 1.050 ; clk_divider:F|counter[1]  ; clk_divider:F|counter[5]  ; CLK                   ; CLK         ; 0.000        ; 0.064      ; 1.282      ;
; 1.054 ; clk_divider:F|counter[3]  ; clk_divider:F|counter[7]  ; CLK                   ; CLK         ; 0.000        ; 0.064      ; 1.286      ;
; 1.058 ; clk_divider:F|counter[11] ; clk_divider:F|counter[15] ; CLK                   ; CLK         ; 0.000        ; 0.063      ; 1.289      ;
; 1.061 ; clk_divider:F|counter[2]  ; clk_divider:F|counter[7]  ; CLK                   ; CLK         ; 0.000        ; 0.064      ; 1.293      ;
; 1.065 ; clk_divider:F|counter[5]  ; clk_divider:F|counter[9]  ; CLK                   ; CLK         ; 0.000        ; 0.064      ; 1.297      ;
; 1.067 ; clk_divider:F|counter[10] ; clk_divider:F|counter[15] ; CLK                   ; CLK         ; 0.000        ; 0.063      ; 1.298      ;
; 1.068 ; clk_divider:F|counter[3]  ; clk_divider:F|counter[8]  ; CLK                   ; CLK         ; 0.000        ; 0.064      ; 1.300      ;
; 1.068 ; clk_divider:F|counter[4]  ; clk_divider:F|counter[9]  ; CLK                   ; CLK         ; 0.000        ; 0.064      ; 1.300      ;
; 1.075 ; clk_divider:F|counter[18] ; clk_divider:F|counter[23] ; CLK                   ; CLK         ; 0.000        ; 0.064      ; 1.307      ;
; 1.075 ; clk_divider:F|counter[2]  ; clk_divider:F|counter[8]  ; CLK                   ; CLK         ; 0.000        ; 0.064      ; 1.307      ;
; 1.079 ; clk_divider:F|counter[5]  ; clk_divider:F|counter[10] ; CLK                   ; CLK         ; 0.000        ; 0.064      ; 1.311      ;
; 1.079 ; clk_divider:F|counter[0]  ; clk_divider:F|counter[5]  ; CLK                   ; CLK         ; 0.000        ; 0.064      ; 1.311      ;
; 1.082 ; clk_divider:F|counter[4]  ; clk_divider:F|counter[10] ; CLK                   ; CLK         ; 0.000        ; 0.064      ; 1.314      ;
; 1.087 ; clk_divider:F|counter[13] ; clk_divider:F|counter[15] ; CLK                   ; CLK         ; 0.000        ; 0.063      ; 1.318      ;
; 1.121 ; clk_divider:F|counter[14] ; clk_divider:F|counter[17] ; CLK                   ; CLK         ; 0.000        ; 0.063      ; 1.352      ;
; 1.128 ; clk_divider:F|counter[12] ; clk_divider:F|counter[15] ; CLK                   ; CLK         ; 0.000        ; 0.063      ; 1.359      ;
; 1.134 ; clk_divider:F|counter[6]  ; clk_divider:F|counter[6]  ; CLK                   ; CLK         ; 0.000        ; 0.064      ; 1.366      ;
; 1.152 ; clk_divider:F|counter[9]  ; clk_divider:F|counter[15] ; CLK                   ; CLK         ; 0.000        ; 0.063      ; 1.383      ;
; 1.154 ; clk_divider:F|counter[1]  ; clk_divider:F|counter[7]  ; CLK                   ; CLK         ; 0.000        ; 0.064      ; 1.386      ;
; 1.158 ; clk_divider:F|counter[24] ; clk_divider:F|counter[24] ; CLK                   ; CLK         ; 0.000        ; 0.064      ; 1.390      ;
; 1.158 ; clk_divider:F|counter[3]  ; clk_divider:F|counter[9]  ; CLK                   ; CLK         ; 0.000        ; 0.064      ; 1.390      ;
; 1.162 ; clk_divider:F|counter[11] ; clk_divider:F|counter[17] ; CLK                   ; CLK         ; 0.000        ; 0.063      ; 1.393      ;
; 1.163 ; clk_divider:F|counter[20] ; clk_divider:F|counter[21] ; CLK                   ; CLK         ; 0.000        ; 0.064      ; 1.395      ;
; 1.165 ; clk_divider:F|counter[17] ; clk_divider:F|counter[23] ; CLK                   ; CLK         ; 0.000        ; 0.064      ; 1.397      ;
; 1.165 ; clk_divider:F|counter[2]  ; clk_divider:F|counter[9]  ; CLK                   ; CLK         ; 0.000        ; 0.064      ; 1.397      ;
; 1.167 ; clk_divider:F|counter[16] ; clk_divider:F|counter[16] ; CLK                   ; CLK         ; 0.000        ; 0.064      ; 1.399      ;
; 1.168 ; clk_divider:F|counter[1]  ; clk_divider:F|counter[8]  ; CLK                   ; CLK         ; 0.000        ; 0.064      ; 1.400      ;
; 1.171 ; clk_divider:F|counter[10] ; clk_divider:F|counter[17] ; CLK                   ; CLK         ; 0.000        ; 0.063      ; 1.402      ;
; 1.172 ; clk_divider:F|counter[3]  ; clk_divider:F|counter[10] ; CLK                   ; CLK         ; 0.000        ; 0.064      ; 1.404      ;
; 1.175 ; clk_divider:F|counter[17] ; clk_divider:F|counter[18] ; CLK                   ; CLK         ; 0.000        ; 0.064      ; 1.407      ;
; 1.179 ; clk_divider:F|counter[13] ; clk_divider:F|counter[13] ; CLK                   ; CLK         ; 0.000        ; 0.064      ; 1.411      ;
; 1.179 ; clk_divider:F|counter[2]  ; clk_divider:F|counter[10] ; CLK                   ; CLK         ; 0.000        ; 0.064      ; 1.411      ;
; 1.183 ; clk_divider:F|counter[0]  ; clk_divider:F|counter[7]  ; CLK                   ; CLK         ; 0.000        ; 0.064      ; 1.415      ;
; 1.184 ; clk_divider:F|counter[8]  ; clk_divider:F|counter[15] ; CLK                   ; CLK         ; 0.000        ; 0.063      ; 1.415      ;
; 1.186 ; clk_divider:F|counter[22] ; clk_divider:F|counter[22] ; CLK                   ; CLK         ; 0.000        ; 0.064      ; 1.418      ;
; 1.188 ; clk_divider:F|counter[18] ; clk_divider:F|counter[20] ; CLK                   ; CLK         ; 0.000        ; 0.064      ; 1.420      ;
; 1.190 ; clk_divider:F|counter[19] ; clk_divider:F|counter[19] ; CLK                   ; CLK         ; 0.000        ; 0.064      ; 1.422      ;
; 1.191 ; clk_divider:F|counter[13] ; clk_divider:F|counter[17] ; CLK                   ; CLK         ; 0.000        ; 0.063      ; 1.422      ;
; 1.197 ; clk_divider:F|counter[0]  ; clk_divider:F|counter[8]  ; CLK                   ; CLK         ; 0.000        ; 0.064      ; 1.429      ;
; 1.217 ; clk_divider:F|counter[19] ; clk_divider:F|counter[23] ; CLK                   ; CLK         ; 0.000        ; 0.063      ; 1.448      ;
; 1.226 ; clk_divider:F|clk_out     ; clk_divider:F|clk_out     ; clk_divider:F|clk_out ; CLK         ; -0.500       ; 2.332      ; 3.464      ;
; 1.232 ; clk_divider:F|counter[12] ; clk_divider:F|counter[17] ; CLK                   ; CLK         ; 0.000        ; 0.063      ; 1.463      ;
; 1.256 ; clk_divider:F|counter[9]  ; clk_divider:F|counter[17] ; CLK                   ; CLK         ; 0.000        ; 0.063      ; 1.487      ;
; 1.258 ; clk_divider:F|counter[1]  ; clk_divider:F|counter[9]  ; CLK                   ; CLK         ; 0.000        ; 0.064      ; 1.490      ;
; 1.262 ; clk_divider:F|counter[18] ; clk_divider:F|counter[21] ; CLK                   ; CLK         ; 0.000        ; 0.064      ; 1.494      ;
; 1.268 ; clk_divider:F|counter[15] ; clk_divider:F|counter[23] ; CLK                   ; CLK         ; 0.000        ; 0.064      ; 1.500      ;
; 1.269 ; clk_divider:F|counter[7]  ; clk_divider:F|counter[15] ; CLK                   ; CLK         ; 0.000        ; 0.063      ; 1.500      ;
; 1.270 ; clk_divider:F|counter[18] ; clk_divider:F|counter[19] ; CLK                   ; CLK         ; 0.000        ; 0.065      ; 1.503      ;
; 1.272 ; clk_divider:F|counter[1]  ; clk_divider:F|counter[10] ; CLK                   ; CLK         ; 0.000        ; 0.064      ; 1.504      ;
+-------+---------------------------+---------------------------+-----------------------+-------------+--------------+------------+------------+


------------------------------------------------
; Slow 1200mV -40C Model Metastability Summary ;
------------------------------------------------
No synchronizer chains to report.


+------------------------------------------------+
; Fast 1200mV -40C Model Setup Summary           ;
+-----------------------+--------+---------------+
; Clock                 ; Slack  ; End Point TNS ;
+-----------------------+--------+---------------+
; CLK                   ; -1.197 ; -9.334        ;
; clk_divider:F|clk_out ; 0.105  ; 0.000         ;
+-----------------------+--------+---------------+


+-----------------------------------------------+
; Fast 1200mV -40C Model Hold Summary           ;
+-----------------------+-------+---------------+
; Clock                 ; Slack ; End Point TNS ;
+-----------------------+-------+---------------+
; clk_divider:F|clk_out ; 0.178 ; 0.000         ;
; CLK                   ; 0.279 ; 0.000         ;
+-----------------------+-------+---------------+


-------------------------------------------
; Fast 1200mV -40C Model Recovery Summary ;
-------------------------------------------
No paths to report.


------------------------------------------
; Fast 1200mV -40C Model Removal Summary ;
------------------------------------------
No paths to report.


+----------------------------------------------------+
; Fast 1200mV -40C Model Minimum Pulse Width Summary ;
+-----------------------+--------+-------------------+
; Clock                 ; Slack  ; End Point TNS     ;
+-----------------------+--------+-------------------+
; CLK                   ; -3.000 ; -30.338           ;
; clk_divider:F|clk_out ; -1.000 ; -4.000            ;
+-----------------------+--------+-------------------+


+--------------------------------------------------------------------------------------------------------------------------------------+
; Fast 1200mV -40C Model Setup: 'CLK'                                                                                                  ;
+--------+---------------------------+---------------------------+--------------+-------------+--------------+------------+------------+
; Slack  ; From Node                 ; To Node                   ; Launch Clock ; Latch Clock ; Relationship ; Clock Skew ; Data Delay ;
+--------+---------------------------+---------------------------+--------------+-------------+--------------+------------+------------+
; -1.197 ; clk_divider:F|counter[12] ; clk_divider:F|clk_out     ; CLK          ; CLK         ; 1.000        ; -0.036     ; 2.149      ;
; -1.171 ; clk_divider:F|counter[18] ; clk_divider:F|clk_out     ; CLK          ; CLK         ; 1.000        ; -0.036     ; 2.123      ;
; -1.115 ; clk_divider:F|counter[5]  ; clk_divider:F|clk_out     ; CLK          ; CLK         ; 1.000        ; -0.037     ; 2.066      ;
; -1.109 ; clk_divider:F|counter[20] ; clk_divider:F|clk_out     ; CLK          ; CLK         ; 1.000        ; -0.036     ; 2.061      ;
; -1.095 ; clk_divider:F|counter[1]  ; clk_divider:F|clk_out     ; CLK          ; CLK         ; 1.000        ; -0.037     ; 2.046      ;
; -1.094 ; clk_divider:F|counter[4]  ; clk_divider:F|clk_out     ; CLK          ; CLK         ; 1.000        ; -0.037     ; 2.045      ;
; -1.093 ; clk_divider:F|counter[6]  ; clk_divider:F|clk_out     ; CLK          ; CLK         ; 1.000        ; -0.037     ; 2.044      ;
; -1.080 ; clk_divider:F|counter[7]  ; clk_divider:F|clk_out     ; CLK          ; CLK         ; 1.000        ; -0.037     ; 2.031      ;
; -1.048 ; clk_divider:F|counter[10] ; clk_divider:F|clk_out     ; CLK          ; CLK         ; 1.000        ; -0.037     ; 1.999      ;
; -1.046 ; clk_divider:F|counter[11] ; clk_divider:F|clk_out     ; CLK          ; CLK         ; 1.000        ; -0.037     ; 1.997      ;
; -1.045 ; clk_divider:F|counter[9]  ; clk_divider:F|clk_out     ; CLK          ; CLK         ; 1.000        ; -0.037     ; 1.996      ;
; -1.036 ; clk_divider:F|counter[3]  ; clk_divider:F|clk_out     ; CLK          ; CLK         ; 1.000        ; -0.037     ; 1.987      ;
; -1.016 ; clk_divider:F|counter[14] ; clk_divider:F|clk_out     ; CLK          ; CLK         ; 1.000        ; -0.036     ; 1.968      ;
; -1.016 ; clk_divider:F|counter[16] ; clk_divider:F|clk_out     ; CLK          ; CLK         ; 1.000        ; -0.036     ; 1.968      ;
; -0.989 ; clk_divider:F|counter[23] ; clk_divider:F|clk_out     ; CLK          ; CLK         ; 1.000        ; -0.036     ; 1.941      ;
; -0.973 ; clk_divider:F|counter[15] ; clk_divider:F|clk_out     ; CLK          ; CLK         ; 1.000        ; -0.036     ; 1.925      ;
; -0.965 ; clk_divider:F|counter[2]  ; clk_divider:F|clk_out     ; CLK          ; CLK         ; 1.000        ; -0.037     ; 1.916      ;
; -0.961 ; clk_divider:F|counter[24] ; clk_divider:F|clk_out     ; CLK          ; CLK         ; 1.000        ; -0.036     ; 1.913      ;
; -0.957 ; clk_divider:F|counter[22] ; clk_divider:F|clk_out     ; CLK          ; CLK         ; 1.000        ; -0.036     ; 1.909      ;
; -0.954 ; clk_divider:F|counter[19] ; clk_divider:F|clk_out     ; CLK          ; CLK         ; 1.000        ; -0.036     ; 1.906      ;
; -0.943 ; clk_divider:F|counter[8]  ; clk_divider:F|clk_out     ; CLK          ; CLK         ; 1.000        ; -0.037     ; 1.894      ;
; -0.922 ; clk_divider:F|counter[17] ; clk_divider:F|clk_out     ; CLK          ; CLK         ; 1.000        ; -0.036     ; 1.874      ;
; -0.898 ; clk_divider:F|counter[21] ; clk_divider:F|clk_out     ; CLK          ; CLK         ; 1.000        ; -0.036     ; 1.850      ;
; -0.887 ; clk_divider:F|counter[13] ; clk_divider:F|clk_out     ; CLK          ; CLK         ; 1.000        ; -0.036     ; 1.839      ;
; -0.880 ; clk_divider:F|counter[0]  ; clk_divider:F|clk_out     ; CLK          ; CLK         ; 1.000        ; -0.037     ; 1.831      ;
; -0.791 ; clk_divider:F|counter[1]  ; clk_divider:F|counter[24] ; CLK          ; CLK         ; 1.000        ; -0.037     ; 1.742      ;
; -0.754 ; clk_divider:F|counter[0]  ; clk_divider:F|counter[24] ; CLK          ; CLK         ; 1.000        ; -0.037     ; 1.705      ;
; -0.729 ; clk_divider:F|counter[1]  ; clk_divider:F|counter[22] ; CLK          ; CLK         ; 1.000        ; -0.037     ; 1.680      ;
; -0.729 ; clk_divider:F|counter[3]  ; clk_divider:F|counter[24] ; CLK          ; CLK         ; 1.000        ; -0.037     ; 1.680      ;
; -0.692 ; clk_divider:F|counter[0]  ; clk_divider:F|counter[22] ; CLK          ; CLK         ; 1.000        ; -0.037     ; 1.643      ;
; -0.684 ; clk_divider:F|counter[2]  ; clk_divider:F|counter[24] ; CLK          ; CLK         ; 1.000        ; -0.037     ; 1.635      ;
; -0.670 ; clk_divider:F|counter[5]  ; clk_divider:F|counter[24] ; CLK          ; CLK         ; 1.000        ; -0.037     ; 1.621      ;
; -0.667 ; clk_divider:F|counter[3]  ; clk_divider:F|counter[22] ; CLK          ; CLK         ; 1.000        ; -0.037     ; 1.618      ;
; -0.622 ; clk_divider:F|counter[2]  ; clk_divider:F|counter[22] ; CLK          ; CLK         ; 1.000        ; -0.037     ; 1.573      ;
; -0.621 ; clk_divider:F|counter[4]  ; clk_divider:F|counter[24] ; CLK          ; CLK         ; 1.000        ; -0.037     ; 1.572      ;
; -0.608 ; clk_divider:F|counter[5]  ; clk_divider:F|counter[22] ; CLK          ; CLK         ; 1.000        ; -0.037     ; 1.559      ;
; -0.603 ; clk_divider:F|counter[7]  ; clk_divider:F|counter[24] ; CLK          ; CLK         ; 1.000        ; -0.037     ; 1.554      ;
; -0.588 ; clk_divider:F|counter[1]  ; clk_divider:F|counter[19] ; CLK          ; CLK         ; 1.000        ; -0.037     ; 1.539      ;
; -0.580 ; clk_divider:F|counter[1]  ; clk_divider:F|counter[21] ; CLK          ; CLK         ; 1.000        ; -0.037     ; 1.531      ;
; -0.579 ; clk_divider:F|counter[0]  ; clk_divider:F|counter[19] ; CLK          ; CLK         ; 1.000        ; -0.037     ; 1.530      ;
; -0.576 ; clk_divider:F|counter[1]  ; clk_divider:F|counter[20] ; CLK          ; CLK         ; 1.000        ; -0.037     ; 1.527      ;
; -0.571 ; clk_divider:F|counter[0]  ; clk_divider:F|counter[21] ; CLK          ; CLK         ; 1.000        ; -0.037     ; 1.522      ;
; -0.565 ; clk_divider:F|counter[6]  ; clk_divider:F|counter[24] ; CLK          ; CLK         ; 1.000        ; -0.037     ; 1.516      ;
; -0.559 ; clk_divider:F|counter[4]  ; clk_divider:F|counter[22] ; CLK          ; CLK         ; 1.000        ; -0.037     ; 1.510      ;
; -0.552 ; clk_divider:F|counter[12] ; clk_divider:F|counter[19] ; CLK          ; CLK         ; 1.000        ; -0.036     ; 1.504      ;
; -0.551 ; clk_divider:F|counter[12] ; clk_divider:F|counter[6]  ; CLK          ; CLK         ; 1.000        ; -0.035     ; 1.504      ;
; -0.551 ; clk_divider:F|counter[12] ; clk_divider:F|counter[11] ; CLK          ; CLK         ; 1.000        ; -0.035     ; 1.504      ;
; -0.551 ; clk_divider:F|counter[12] ; clk_divider:F|counter[24] ; CLK          ; CLK         ; 1.000        ; -0.036     ; 1.503      ;
; -0.549 ; clk_divider:F|counter[12] ; clk_divider:F|counter[13] ; CLK          ; CLK         ; 1.000        ; -0.036     ; 1.501      ;
; -0.545 ; clk_divider:F|counter[12] ; clk_divider:F|counter[16] ; CLK          ; CLK         ; 1.000        ; -0.036     ; 1.497      ;
; -0.541 ; clk_divider:F|counter[7]  ; clk_divider:F|counter[22] ; CLK          ; CLK         ; 1.000        ; -0.037     ; 1.492      ;
; -0.539 ; clk_divider:F|counter[0]  ; clk_divider:F|counter[20] ; CLK          ; CLK         ; 1.000        ; -0.037     ; 1.490      ;
; -0.538 ; clk_divider:F|counter[12] ; clk_divider:F|counter[22] ; CLK          ; CLK         ; 1.000        ; -0.036     ; 1.490      ;
; -0.534 ; clk_divider:F|counter[9]  ; clk_divider:F|counter[24] ; CLK          ; CLK         ; 1.000        ; -0.037     ; 1.485      ;
; -0.529 ; clk_divider:F|counter[12] ; clk_divider:F|counter[20] ; CLK          ; CLK         ; 1.000        ; -0.036     ; 1.481      ;
; -0.529 ; clk_divider:F|counter[12] ; clk_divider:F|counter[21] ; CLK          ; CLK         ; 1.000        ; -0.036     ; 1.481      ;
; -0.528 ; clk_divider:F|counter[12] ; clk_divider:F|counter[18] ; CLK          ; CLK         ; 1.000        ; -0.036     ; 1.480      ;
; -0.526 ; clk_divider:F|counter[3]  ; clk_divider:F|counter[19] ; CLK          ; CLK         ; 1.000        ; -0.037     ; 1.477      ;
; -0.526 ; clk_divider:F|counter[18] ; clk_divider:F|counter[19] ; CLK          ; CLK         ; 1.000        ; -0.036     ; 1.478      ;
; -0.525 ; clk_divider:F|counter[1]  ; clk_divider:F|counter[14] ; CLK          ; CLK         ; 1.000        ; -0.037     ; 1.476      ;
; -0.525 ; clk_divider:F|counter[18] ; clk_divider:F|counter[6]  ; CLK          ; CLK         ; 1.000        ; -0.035     ; 1.478      ;
; -0.525 ; clk_divider:F|counter[18] ; clk_divider:F|counter[11] ; CLK          ; CLK         ; 1.000        ; -0.035     ; 1.478      ;
; -0.525 ; clk_divider:F|counter[18] ; clk_divider:F|counter[24] ; CLK          ; CLK         ; 1.000        ; -0.036     ; 1.477      ;
; -0.523 ; clk_divider:F|counter[18] ; clk_divider:F|counter[13] ; CLK          ; CLK         ; 1.000        ; -0.036     ; 1.475      ;
; -0.519 ; clk_divider:F|counter[18] ; clk_divider:F|counter[16] ; CLK          ; CLK         ; 1.000        ; -0.036     ; 1.471      ;
; -0.518 ; clk_divider:F|counter[1]  ; clk_divider:F|counter[16] ; CLK          ; CLK         ; 1.000        ; -0.037     ; 1.469      ;
; -0.518 ; clk_divider:F|counter[3]  ; clk_divider:F|counter[21] ; CLK          ; CLK         ; 1.000        ; -0.037     ; 1.469      ;
; -0.514 ; clk_divider:F|counter[3]  ; clk_divider:F|counter[20] ; CLK          ; CLK         ; 1.000        ; -0.037     ; 1.465      ;
; -0.513 ; clk_divider:F|counter[1]  ; clk_divider:F|counter[18] ; CLK          ; CLK         ; 1.000        ; -0.037     ; 1.464      ;
; -0.512 ; clk_divider:F|counter[18] ; clk_divider:F|counter[22] ; CLK          ; CLK         ; 1.000        ; -0.036     ; 1.464      ;
; -0.507 ; clk_divider:F|counter[2]  ; clk_divider:F|counter[19] ; CLK          ; CLK         ; 1.000        ; -0.037     ; 1.458      ;
; -0.503 ; clk_divider:F|counter[6]  ; clk_divider:F|counter[22] ; CLK          ; CLK         ; 1.000        ; -0.037     ; 1.454      ;
; -0.503 ; clk_divider:F|counter[18] ; clk_divider:F|counter[20] ; CLK          ; CLK         ; 1.000        ; -0.036     ; 1.455      ;
; -0.503 ; clk_divider:F|counter[18] ; clk_divider:F|counter[21] ; CLK          ; CLK         ; 1.000        ; -0.036     ; 1.455      ;
; -0.502 ; clk_divider:F|counter[18] ; clk_divider:F|counter[18] ; CLK          ; CLK         ; 1.000        ; -0.036     ; 1.454      ;
; -0.499 ; clk_divider:F|counter[2]  ; clk_divider:F|counter[21] ; CLK          ; CLK         ; 1.000        ; -0.037     ; 1.450      ;
; -0.498 ; clk_divider:F|counter[8]  ; clk_divider:F|counter[24] ; CLK          ; CLK         ; 1.000        ; -0.037     ; 1.449      ;
; -0.489 ; clk_divider:F|counter[13] ; clk_divider:F|counter[24] ; CLK          ; CLK         ; 1.000        ; -0.036     ; 1.441      ;
; -0.488 ; clk_divider:F|counter[0]  ; clk_divider:F|counter[14] ; CLK          ; CLK         ; 1.000        ; -0.037     ; 1.439      ;
; -0.481 ; clk_divider:F|counter[1]  ; clk_divider:F|counter[23] ; CLK          ; CLK         ; 1.000        ; -0.037     ; 1.432      ;
; -0.481 ; clk_divider:F|counter[0]  ; clk_divider:F|counter[16] ; CLK          ; CLK         ; 1.000        ; -0.037     ; 1.432      ;
; -0.477 ; clk_divider:F|counter[1]  ; clk_divider:F|counter[12] ; CLK          ; CLK         ; 1.000        ; -0.037     ; 1.428      ;
; -0.477 ; clk_divider:F|counter[11] ; clk_divider:F|counter[24] ; CLK          ; CLK         ; 1.000        ; -0.037     ; 1.428      ;
; -0.476 ; clk_divider:F|counter[0]  ; clk_divider:F|counter[18] ; CLK          ; CLK         ; 1.000        ; -0.037     ; 1.427      ;
; -0.472 ; clk_divider:F|counter[9]  ; clk_divider:F|counter[22] ; CLK          ; CLK         ; 1.000        ; -0.037     ; 1.423      ;
; -0.472 ; clk_divider:F|counter[0]  ; clk_divider:F|counter[23] ; CLK          ; CLK         ; 1.000        ; -0.037     ; 1.423      ;
; -0.470 ; clk_divider:F|counter[5]  ; clk_divider:F|counter[19] ; CLK          ; CLK         ; 1.000        ; -0.037     ; 1.421      ;
; -0.469 ; clk_divider:F|counter[2]  ; clk_divider:F|counter[20] ; CLK          ; CLK         ; 1.000        ; -0.037     ; 1.420      ;
; -0.469 ; clk_divider:F|counter[5]  ; clk_divider:F|counter[6]  ; CLK          ; CLK         ; 1.000        ; -0.036     ; 1.421      ;
; -0.469 ; clk_divider:F|counter[5]  ; clk_divider:F|counter[11] ; CLK          ; CLK         ; 1.000        ; -0.036     ; 1.421      ;
; -0.467 ; clk_divider:F|counter[5]  ; clk_divider:F|counter[13] ; CLK          ; CLK         ; 1.000        ; -0.037     ; 1.418      ;
; -0.464 ; clk_divider:F|counter[20] ; clk_divider:F|counter[19] ; CLK          ; CLK         ; 1.000        ; -0.036     ; 1.416      ;
; -0.463 ; clk_divider:F|counter[5]  ; clk_divider:F|counter[16] ; CLK          ; CLK         ; 1.000        ; -0.037     ; 1.414      ;
; -0.463 ; clk_divider:F|counter[3]  ; clk_divider:F|counter[14] ; CLK          ; CLK         ; 1.000        ; -0.037     ; 1.414      ;
; -0.463 ; clk_divider:F|counter[20] ; clk_divider:F|counter[6]  ; CLK          ; CLK         ; 1.000        ; -0.035     ; 1.416      ;
; -0.463 ; clk_divider:F|counter[20] ; clk_divider:F|counter[11] ; CLK          ; CLK         ; 1.000        ; -0.035     ; 1.416      ;
; -0.463 ; clk_divider:F|counter[20] ; clk_divider:F|counter[24] ; CLK          ; CLK         ; 1.000        ; -0.036     ; 1.415      ;
; -0.461 ; clk_divider:F|counter[20] ; clk_divider:F|counter[13] ; CLK          ; CLK         ; 1.000        ; -0.036     ; 1.413      ;
; -0.459 ; clk_divider:F|counter[5]  ; clk_divider:F|counter[21] ; CLK          ; CLK         ; 1.000        ; -0.037     ; 1.410      ;
; -0.457 ; clk_divider:F|counter[20] ; clk_divider:F|counter[16] ; CLK          ; CLK         ; 1.000        ; -0.036     ; 1.409      ;
+--------+---------------------------+---------------------------+--------------+-------------+--------------+------------+------------+


+--------------------------------------------------------------------------------------------------------------------------------------------------------+
; Fast 1200mV -40C Model Setup: 'clk_divider:F|clk_out'                                                                                                  ;
+-------+---------------------------+---------------------------+-----------------------+-----------------------+--------------+------------+------------+
; Slack ; From Node                 ; To Node                   ; Launch Clock          ; Latch Clock           ; Relationship ; Clock Skew ; Data Delay ;
+-------+---------------------------+---------------------------+-----------------------+-----------------------+--------------+------------+------------+
; 0.105 ; 74161:inst|f74161:sub|9   ; 74161:inst|f74161:sub|99  ; clk_divider:F|clk_out ; clk_divider:F|clk_out ; 1.000        ; -0.036     ; 0.847      ;
; 0.108 ; 74161:inst|f74161:sub|9   ; 74161:inst|f74161:sub|110 ; clk_divider:F|clk_out ; clk_divider:F|clk_out ; 1.000        ; -0.036     ; 0.844      ;
; 0.113 ; 74161:inst|f74161:sub|87  ; 74161:inst|f74161:sub|110 ; clk_divider:F|clk_out ; clk_divider:F|clk_out ; 1.000        ; -0.036     ; 0.839      ;
; 0.163 ; 74161:inst|f74161:sub|99  ; 74161:inst|f74161:sub|99  ; clk_divider:F|clk_out ; clk_divider:F|clk_out ; 1.000        ; -0.036     ; 0.789      ;
; 0.177 ; 74161:inst|f74161:sub|99  ; 74161:inst|f74161:sub|110 ; clk_divider:F|clk_out ; clk_divider:F|clk_out ; 1.000        ; -0.036     ; 0.775      ;
; 0.241 ; 74161:inst|f74161:sub|87  ; 74161:inst|f74161:sub|99  ; clk_divider:F|clk_out ; clk_divider:F|clk_out ; 1.000        ; -0.036     ; 0.711      ;
; 0.252 ; 74161:inst|f74161:sub|87  ; 74161:inst|f74161:sub|9   ; clk_divider:F|clk_out ; clk_divider:F|clk_out ; 1.000        ; -0.036     ; 0.700      ;
; 0.258 ; 74161:inst|f74161:sub|110 ; 74161:inst|f74161:sub|9   ; clk_divider:F|clk_out ; clk_divider:F|clk_out ; 1.000        ; -0.036     ; 0.694      ;
; 0.258 ; 74161:inst|f74161:sub|110 ; 74161:inst|f74161:sub|110 ; clk_divider:F|clk_out ; clk_divider:F|clk_out ; 1.000        ; -0.036     ; 0.694      ;
; 0.261 ; 74161:inst|f74161:sub|110 ; 74161:inst|f74161:sub|99  ; clk_divider:F|clk_out ; clk_divider:F|clk_out ; 1.000        ; -0.036     ; 0.691      ;
; 0.281 ; 74161:inst|f74161:sub|110 ; 74161:inst|f74161:sub|87  ; clk_divider:F|clk_out ; clk_divider:F|clk_out ; 1.000        ; -0.036     ; 0.671      ;
; 0.326 ; 74161:inst|f74161:sub|99  ; 74161:inst|f74161:sub|87  ; clk_divider:F|clk_out ; clk_divider:F|clk_out ; 1.000        ; -0.036     ; 0.626      ;
; 0.332 ; 74161:inst|f74161:sub|99  ; 74161:inst|f74161:sub|9   ; clk_divider:F|clk_out ; clk_divider:F|clk_out ; 1.000        ; -0.036     ; 0.620      ;
; 0.337 ; 74161:inst|f74161:sub|9   ; 74161:inst|f74161:sub|87  ; clk_divider:F|clk_out ; clk_divider:F|clk_out ; 1.000        ; -0.036     ; 0.615      ;
; 0.368 ; 74161:inst|f74161:sub|9   ; 74161:inst|f74161:sub|9   ; clk_divider:F|clk_out ; clk_divider:F|clk_out ; 1.000        ; -0.036     ; 0.584      ;
; 0.607 ; 74161:inst|f74161:sub|87  ; 74161:inst|f74161:sub|87  ; clk_divider:F|clk_out ; clk_divider:F|clk_out ; 1.000        ; -0.036     ; 0.345      ;
+-------+---------------------------+---------------------------+-----------------------+-----------------------+--------------+------------+------------+


+--------------------------------------------------------------------------------------------------------------------------------------------------------+
; Fast 1200mV -40C Model Hold: 'clk_divider:F|clk_out'                                                                                                   ;
+-------+---------------------------+---------------------------+-----------------------+-----------------------+--------------+------------+------------+
; Slack ; From Node                 ; To Node                   ; Launch Clock          ; Latch Clock           ; Relationship ; Clock Skew ; Data Delay ;
+-------+---------------------------+---------------------------+-----------------------+-----------------------+--------------+------------+------------+
; 0.178 ; 74161:inst|f74161:sub|9   ; 74161:inst|f74161:sub|9   ; clk_divider:F|clk_out ; clk_divider:F|clk_out ; 0.000        ; 0.036      ; 0.296      ;
; 0.178 ; 74161:inst|f74161:sub|87  ; 74161:inst|f74161:sub|87  ; clk_divider:F|clk_out ; clk_divider:F|clk_out ; 0.000        ; 0.036      ; 0.296      ;
; 0.178 ; 74161:inst|f74161:sub|110 ; 74161:inst|f74161:sub|110 ; clk_divider:F|clk_out ; clk_divider:F|clk_out ; 0.000        ; 0.036      ; 0.296      ;
; 0.364 ; 74161:inst|f74161:sub|9   ; 74161:inst|f74161:sub|87  ; clk_divider:F|clk_out ; clk_divider:F|clk_out ; 0.000        ; 0.036      ; 0.482      ;
; 0.378 ; 74161:inst|f74161:sub|9   ; 74161:inst|f74161:sub|99  ; clk_divider:F|clk_out ; clk_divider:F|clk_out ; 0.000        ; 0.036      ; 0.496      ;
; 0.378 ; 74161:inst|f74161:sub|9   ; 74161:inst|f74161:sub|110 ; clk_divider:F|clk_out ; clk_divider:F|clk_out ; 0.000        ; 0.036      ; 0.496      ;
; 0.411 ; 74161:inst|f74161:sub|99  ; 74161:inst|f74161:sub|87  ; clk_divider:F|clk_out ; clk_divider:F|clk_out ; 0.000        ; 0.036      ; 0.529      ;
; 0.437 ; 74161:inst|f74161:sub|110 ; 74161:inst|f74161:sub|87  ; clk_divider:F|clk_out ; clk_divider:F|clk_out ; 0.000        ; 0.036      ; 0.555      ;
; 0.444 ; 74161:inst|f74161:sub|99  ; 74161:inst|f74161:sub|99  ; clk_divider:F|clk_out ; clk_divider:F|clk_out ; 0.000        ; 0.036      ; 0.562      ;
; 0.447 ; 74161:inst|f74161:sub|99  ; 74161:inst|f74161:sub|9   ; clk_divider:F|clk_out ; clk_divider:F|clk_out ; 0.000        ; 0.036      ; 0.565      ;
; 0.447 ; 74161:inst|f74161:sub|99  ; 74161:inst|f74161:sub|110 ; clk_divider:F|clk_out ; clk_divider:F|clk_out ; 0.000        ; 0.036      ; 0.565      ;
; 0.454 ; 74161:inst|f74161:sub|110 ; 74161:inst|f74161:sub|99  ; clk_divider:F|clk_out ; clk_divider:F|clk_out ; 0.000        ; 0.036      ; 0.572      ;
; 0.456 ; 74161:inst|f74161:sub|110 ; 74161:inst|f74161:sub|9   ; clk_divider:F|clk_out ; clk_divider:F|clk_out ; 0.000        ; 0.036      ; 0.574      ;
; 0.459 ; 74161:inst|f74161:sub|87  ; 74161:inst|f74161:sub|99  ; clk_divider:F|clk_out ; clk_divider:F|clk_out ; 0.000        ; 0.036      ; 0.577      ;
; 0.459 ; 74161:inst|f74161:sub|87  ; 74161:inst|f74161:sub|110 ; clk_divider:F|clk_out ; clk_divider:F|clk_out ; 0.000        ; 0.036      ; 0.577      ;
; 0.461 ; 74161:inst|f74161:sub|87  ; 74161:inst|f74161:sub|9   ; clk_divider:F|clk_out ; clk_divider:F|clk_out ; 0.000        ; 0.036      ; 0.579      ;
+-------+---------------------------+---------------------------+-----------------------+-----------------------+--------------+------------+------------+


+----------------------------------------------------------------------------------------------------------------------------------------------+
; Fast 1200mV -40C Model Hold: 'CLK'                                                                                                           ;
+-------+---------------------------+---------------------------+-----------------------+-------------+--------------+------------+------------+
; Slack ; From Node                 ; To Node                   ; Launch Clock          ; Latch Clock ; Relationship ; Clock Skew ; Data Delay ;
+-------+---------------------------+---------------------------+-----------------------+-------------+--------------+------------+------------+
; 0.279 ; clk_divider:F|counter[10] ; clk_divider:F|counter[10] ; CLK                   ; CLK         ; 0.000        ; 0.036      ; 0.397      ;
; 0.279 ; clk_divider:F|counter[9]  ; clk_divider:F|counter[9]  ; CLK                   ; CLK         ; 0.000        ; 0.036      ; 0.397      ;
; 0.279 ; clk_divider:F|counter[3]  ; clk_divider:F|counter[3]  ; CLK                   ; CLK         ; 0.000        ; 0.036      ; 0.397      ;
; 0.280 ; clk_divider:F|counter[4]  ; clk_divider:F|counter[4]  ; CLK                   ; CLK         ; 0.000        ; 0.036      ; 0.398      ;
; 0.280 ; clk_divider:F|counter[2]  ; clk_divider:F|counter[2]  ; CLK                   ; CLK         ; 0.000        ; 0.036      ; 0.398      ;
; 0.280 ; clk_divider:F|counter[1]  ; clk_divider:F|counter[1]  ; CLK                   ; CLK         ; 0.000        ; 0.036      ; 0.398      ;
; 0.286 ; clk_divider:F|counter[17] ; clk_divider:F|counter[17] ; CLK                   ; CLK         ; 0.000        ; 0.036      ; 0.404      ;
; 0.286 ; clk_divider:F|counter[15] ; clk_divider:F|counter[15] ; CLK                   ; CLK         ; 0.000        ; 0.036      ; 0.404      ;
; 0.286 ; clk_divider:F|counter[7]  ; clk_divider:F|counter[7]  ; CLK                   ; CLK         ; 0.000        ; 0.036      ; 0.404      ;
; 0.286 ; clk_divider:F|counter[5]  ; clk_divider:F|counter[5]  ; CLK                   ; CLK         ; 0.000        ; 0.036      ; 0.404      ;
; 0.287 ; clk_divider:F|counter[23] ; clk_divider:F|counter[23] ; CLK                   ; CLK         ; 0.000        ; 0.036      ; 0.405      ;
; 0.287 ; clk_divider:F|counter[8]  ; clk_divider:F|counter[8]  ; CLK                   ; CLK         ; 0.000        ; 0.036      ; 0.405      ;
; 0.292 ; clk_divider:F|clk_out     ; clk_divider:F|clk_out     ; clk_divider:F|clk_out ; CLK         ; 0.000        ; 1.287      ; 1.794      ;
; 0.298 ; clk_divider:F|counter[0]  ; clk_divider:F|counter[0]  ; CLK                   ; CLK         ; 0.000        ; 0.036      ; 0.416      ;
; 0.423 ; clk_divider:F|counter[9]  ; clk_divider:F|counter[10] ; CLK                   ; CLK         ; 0.000        ; 0.036      ; 0.541      ;
; 0.423 ; clk_divider:F|counter[3]  ; clk_divider:F|counter[4]  ; CLK                   ; CLK         ; 0.000        ; 0.036      ; 0.541      ;
; 0.424 ; clk_divider:F|counter[1]  ; clk_divider:F|counter[2]  ; CLK                   ; CLK         ; 0.000        ; 0.036      ; 0.542      ;
; 0.430 ; clk_divider:F|counter[7]  ; clk_divider:F|counter[8]  ; CLK                   ; CLK         ; 0.000        ; 0.036      ; 0.548      ;
; 0.432 ; clk_divider:F|counter[21] ; clk_divider:F|counter[21] ; CLK                   ; CLK         ; 0.000        ; 0.036      ; 0.550      ;
; 0.432 ; clk_divider:F|counter[2]  ; clk_divider:F|counter[3]  ; CLK                   ; CLK         ; 0.000        ; 0.036      ; 0.550      ;
; 0.433 ; clk_divider:F|counter[4]  ; clk_divider:F|counter[5]  ; CLK                   ; CLK         ; 0.000        ; 0.036      ; 0.551      ;
; 0.434 ; clk_divider:F|counter[20] ; clk_divider:F|counter[20] ; CLK                   ; CLK         ; 0.000        ; 0.036      ; 0.552      ;
; 0.434 ; clk_divider:F|counter[2]  ; clk_divider:F|counter[4]  ; CLK                   ; CLK         ; 0.000        ; 0.036      ; 0.552      ;
; 0.435 ; clk_divider:F|counter[18] ; clk_divider:F|counter[18] ; CLK                   ; CLK         ; 0.000        ; 0.036      ; 0.553      ;
; 0.440 ; clk_divider:F|counter[8]  ; clk_divider:F|counter[9]  ; CLK                   ; CLK         ; 0.000        ; 0.036      ; 0.558      ;
; 0.440 ; clk_divider:F|counter[0]  ; clk_divider:F|counter[1]  ; CLK                   ; CLK         ; 0.000        ; 0.036      ; 0.558      ;
; 0.442 ; clk_divider:F|counter[6]  ; clk_divider:F|counter[7]  ; CLK                   ; CLK         ; 0.000        ; 0.036      ; 0.560      ;
; 0.442 ; clk_divider:F|counter[8]  ; clk_divider:F|counter[10] ; CLK                   ; CLK         ; 0.000        ; 0.036      ; 0.560      ;
; 0.442 ; clk_divider:F|counter[0]  ; clk_divider:F|counter[2]  ; CLK                   ; CLK         ; 0.000        ; 0.036      ; 0.560      ;
; 0.444 ; clk_divider:F|counter[6]  ; clk_divider:F|counter[8]  ; CLK                   ; CLK         ; 0.000        ; 0.036      ; 0.562      ;
; 0.481 ; clk_divider:F|counter[3]  ; clk_divider:F|counter[5]  ; CLK                   ; CLK         ; 0.000        ; 0.036      ; 0.599      ;
; 0.482 ; clk_divider:F|counter[1]  ; clk_divider:F|counter[3]  ; CLK                   ; CLK         ; 0.000        ; 0.036      ; 0.600      ;
; 0.484 ; clk_divider:F|counter[11] ; clk_divider:F|counter[11] ; CLK                   ; CLK         ; 0.000        ; 0.036      ; 0.602      ;
; 0.484 ; clk_divider:F|counter[1]  ; clk_divider:F|counter[4]  ; CLK                   ; CLK         ; 0.000        ; 0.036      ; 0.602      ;
; 0.488 ; clk_divider:F|counter[15] ; clk_divider:F|counter[17] ; CLK                   ; CLK         ; 0.000        ; 0.036      ; 0.606      ;
; 0.488 ; clk_divider:F|counter[7]  ; clk_divider:F|counter[9]  ; CLK                   ; CLK         ; 0.000        ; 0.036      ; 0.606      ;
; 0.488 ; clk_divider:F|counter[5]  ; clk_divider:F|counter[7]  ; CLK                   ; CLK         ; 0.000        ; 0.036      ; 0.606      ;
; 0.489 ; clk_divider:F|counter[21] ; clk_divider:F|counter[23] ; CLK                   ; CLK         ; 0.000        ; 0.036      ; 0.607      ;
; 0.490 ; clk_divider:F|counter[7]  ; clk_divider:F|counter[10] ; CLK                   ; CLK         ; 0.000        ; 0.036      ; 0.608      ;
; 0.490 ; clk_divider:F|counter[5]  ; clk_divider:F|counter[8]  ; CLK                   ; CLK         ; 0.000        ; 0.036      ; 0.608      ;
; 0.492 ; clk_divider:F|counter[2]  ; clk_divider:F|counter[5]  ; CLK                   ; CLK         ; 0.000        ; 0.036      ; 0.610      ;
; 0.493 ; clk_divider:F|counter[4]  ; clk_divider:F|counter[7]  ; CLK                   ; CLK         ; 0.000        ; 0.036      ; 0.611      ;
; 0.495 ; clk_divider:F|counter[4]  ; clk_divider:F|counter[8]  ; CLK                   ; CLK         ; 0.000        ; 0.036      ; 0.613      ;
; 0.500 ; clk_divider:F|counter[0]  ; clk_divider:F|counter[3]  ; CLK                   ; CLK         ; 0.000        ; 0.036      ; 0.618      ;
; 0.501 ; clk_divider:F|counter[20] ; clk_divider:F|counter[23] ; CLK                   ; CLK         ; 0.000        ; 0.036      ; 0.619      ;
; 0.502 ; clk_divider:F|counter[0]  ; clk_divider:F|counter[4]  ; CLK                   ; CLK         ; 0.000        ; 0.036      ; 0.620      ;
; 0.502 ; clk_divider:F|counter[6]  ; clk_divider:F|counter[9]  ; CLK                   ; CLK         ; 0.000        ; 0.036      ; 0.620      ;
; 0.504 ; clk_divider:F|counter[6]  ; clk_divider:F|counter[10] ; CLK                   ; CLK         ; 0.000        ; 0.036      ; 0.622      ;
; 0.505 ; clk_divider:F|counter[14] ; clk_divider:F|counter[15] ; CLK                   ; CLK         ; 0.000        ; 0.036      ; 0.623      ;
; 0.508 ; clk_divider:F|counter[22] ; clk_divider:F|counter[23] ; CLK                   ; CLK         ; 0.000        ; 0.036      ; 0.626      ;
; 0.519 ; clk_divider:F|counter[16] ; clk_divider:F|counter[17] ; CLK                   ; CLK         ; 0.000        ; 0.036      ; 0.637      ;
; 0.541 ; clk_divider:F|counter[3]  ; clk_divider:F|counter[7]  ; CLK                   ; CLK         ; 0.000        ; 0.036      ; 0.659      ;
; 0.542 ; clk_divider:F|counter[1]  ; clk_divider:F|counter[5]  ; CLK                   ; CLK         ; 0.000        ; 0.036      ; 0.660      ;
; 0.543 ; clk_divider:F|counter[3]  ; clk_divider:F|counter[8]  ; CLK                   ; CLK         ; 0.000        ; 0.036      ; 0.661      ;
; 0.545 ; clk_divider:F|counter[11] ; clk_divider:F|counter[15] ; CLK                   ; CLK         ; 0.000        ; 0.035      ; 0.662      ;
; 0.548 ; clk_divider:F|counter[5]  ; clk_divider:F|counter[9]  ; CLK                   ; CLK         ; 0.000        ; 0.036      ; 0.666      ;
; 0.549 ; clk_divider:F|counter[6]  ; clk_divider:F|counter[6]  ; CLK                   ; CLK         ; 0.000        ; 0.036      ; 0.667      ;
; 0.550 ; clk_divider:F|counter[5]  ; clk_divider:F|counter[10] ; CLK                   ; CLK         ; 0.000        ; 0.036      ; 0.668      ;
; 0.552 ; clk_divider:F|counter[2]  ; clk_divider:F|counter[7]  ; CLK                   ; CLK         ; 0.000        ; 0.036      ; 0.670      ;
; 0.553 ; clk_divider:F|counter[10] ; clk_divider:F|counter[15] ; CLK                   ; CLK         ; 0.000        ; 0.035      ; 0.670      ;
; 0.553 ; clk_divider:F|counter[4]  ; clk_divider:F|counter[9]  ; CLK                   ; CLK         ; 0.000        ; 0.036      ; 0.671      ;
; 0.554 ; clk_divider:F|counter[2]  ; clk_divider:F|counter[8]  ; CLK                   ; CLK         ; 0.000        ; 0.036      ; 0.672      ;
; 0.555 ; clk_divider:F|counter[4]  ; clk_divider:F|counter[10] ; CLK                   ; CLK         ; 0.000        ; 0.036      ; 0.673      ;
; 0.556 ; clk_divider:F|counter[13] ; clk_divider:F|counter[15] ; CLK                   ; CLK         ; 0.000        ; 0.036      ; 0.674      ;
; 0.560 ; clk_divider:F|counter[0]  ; clk_divider:F|counter[5]  ; CLK                   ; CLK         ; 0.000        ; 0.036      ; 0.678      ;
; 0.561 ; clk_divider:F|counter[18] ; clk_divider:F|counter[23] ; CLK                   ; CLK         ; 0.000        ; 0.036      ; 0.679      ;
; 0.565 ; clk_divider:F|counter[14] ; clk_divider:F|counter[17] ; CLK                   ; CLK         ; 0.000        ; 0.036      ; 0.683      ;
; 0.571 ; clk_divider:F|counter[13] ; clk_divider:F|counter[13] ; CLK                   ; CLK         ; 0.000        ; 0.036      ; 0.689      ;
; 0.573 ; clk_divider:F|counter[16] ; clk_divider:F|counter[16] ; CLK                   ; CLK         ; 0.000        ; 0.036      ; 0.691      ;
; 0.576 ; clk_divider:F|counter[17] ; clk_divider:F|counter[18] ; CLK                   ; CLK         ; 0.000        ; 0.036      ; 0.694      ;
; 0.576 ; clk_divider:F|counter[12] ; clk_divider:F|counter[15] ; CLK                   ; CLK         ; 0.000        ; 0.036      ; 0.694      ;
; 0.577 ; clk_divider:F|counter[22] ; clk_divider:F|counter[22] ; CLK                   ; CLK         ; 0.000        ; 0.036      ; 0.695      ;
; 0.580 ; clk_divider:F|counter[19] ; clk_divider:F|counter[19] ; CLK                   ; CLK         ; 0.000        ; 0.036      ; 0.698      ;
; 0.581 ; clk_divider:F|counter[24] ; clk_divider:F|counter[24] ; CLK                   ; CLK         ; 0.000        ; 0.036      ; 0.699      ;
; 0.586 ; clk_divider:F|counter[20] ; clk_divider:F|counter[21] ; CLK                   ; CLK         ; 0.000        ; 0.036      ; 0.704      ;
; 0.589 ; clk_divider:F|counter[18] ; clk_divider:F|counter[20] ; CLK                   ; CLK         ; 0.000        ; 0.036      ; 0.707      ;
; 0.601 ; clk_divider:F|counter[3]  ; clk_divider:F|counter[9]  ; CLK                   ; CLK         ; 0.000        ; 0.036      ; 0.719      ;
; 0.602 ; clk_divider:F|counter[1]  ; clk_divider:F|counter[7]  ; CLK                   ; CLK         ; 0.000        ; 0.036      ; 0.720      ;
; 0.602 ; clk_divider:F|counter[9]  ; clk_divider:F|counter[15] ; CLK                   ; CLK         ; 0.000        ; 0.035      ; 0.719      ;
; 0.603 ; clk_divider:F|counter[3]  ; clk_divider:F|counter[10] ; CLK                   ; CLK         ; 0.000        ; 0.036      ; 0.721      ;
; 0.604 ; clk_divider:F|counter[1]  ; clk_divider:F|counter[8]  ; CLK                   ; CLK         ; 0.000        ; 0.036      ; 0.722      ;
; 0.605 ; clk_divider:F|counter[11] ; clk_divider:F|counter[17] ; CLK                   ; CLK         ; 0.000        ; 0.035      ; 0.722      ;
; 0.608 ; clk_divider:F|counter[17] ; clk_divider:F|counter[23] ; CLK                   ; CLK         ; 0.000        ; 0.036      ; 0.726      ;
; 0.612 ; clk_divider:F|counter[2]  ; clk_divider:F|counter[9]  ; CLK                   ; CLK         ; 0.000        ; 0.036      ; 0.730      ;
; 0.613 ; clk_divider:F|counter[10] ; clk_divider:F|counter[17] ; CLK                   ; CLK         ; 0.000        ; 0.035      ; 0.730      ;
; 0.614 ; clk_divider:F|counter[14] ; clk_divider:F|counter[14] ; CLK                   ; CLK         ; 0.000        ; 0.036      ; 0.732      ;
; 0.614 ; clk_divider:F|counter[2]  ; clk_divider:F|counter[10] ; CLK                   ; CLK         ; 0.000        ; 0.036      ; 0.732      ;
; 0.616 ; clk_divider:F|counter[13] ; clk_divider:F|counter[17] ; CLK                   ; CLK         ; 0.000        ; 0.036      ; 0.734      ;
; 0.620 ; clk_divider:F|counter[0]  ; clk_divider:F|counter[7]  ; CLK                   ; CLK         ; 0.000        ; 0.036      ; 0.738      ;
; 0.621 ; clk_divider:F|counter[8]  ; clk_divider:F|counter[15] ; CLK                   ; CLK         ; 0.000        ; 0.035      ; 0.738      ;
; 0.622 ; clk_divider:F|counter[0]  ; clk_divider:F|counter[8]  ; CLK                   ; CLK         ; 0.000        ; 0.036      ; 0.740      ;
; 0.631 ; clk_divider:F|counter[19] ; clk_divider:F|counter[23] ; CLK                   ; CLK         ; 0.000        ; 0.036      ; 0.749      ;
; 0.634 ; clk_divider:F|counter[10] ; clk_divider:F|counter[11] ; CLK                   ; CLK         ; 0.000        ; 0.036      ; 0.752      ;
; 0.636 ; clk_divider:F|counter[15] ; clk_divider:F|counter[18] ; CLK                   ; CLK         ; 0.000        ; 0.036      ; 0.754      ;
; 0.636 ; clk_divider:F|counter[17] ; clk_divider:F|counter[20] ; CLK                   ; CLK         ; 0.000        ; 0.036      ; 0.754      ;
; 0.636 ; clk_divider:F|counter[12] ; clk_divider:F|counter[17] ; CLK                   ; CLK         ; 0.000        ; 0.036      ; 0.754      ;
; 0.637 ; clk_divider:F|counter[15] ; clk_divider:F|counter[16] ; CLK                   ; CLK         ; 0.000        ; 0.036      ; 0.755      ;
; 0.638 ; clk_divider:F|counter[12] ; clk_divider:F|counter[12] ; CLK                   ; CLK         ; 0.000        ; 0.036      ; 0.756      ;
; 0.646 ; clk_divider:F|counter[18] ; clk_divider:F|counter[21] ; CLK                   ; CLK         ; 0.000        ; 0.036      ; 0.764      ;
; 0.650 ; clk_divider:F|counter[23] ; clk_divider:F|counter[24] ; CLK                   ; CLK         ; 0.000        ; 0.036      ; 0.768      ;
+-------+---------------------------+---------------------------+-----------------------+-------------+--------------+------------+------------+


------------------------------------------------
; Fast 1200mV -40C Model Metastability Summary ;
------------------------------------------------
No synchronizer chains to report.


+-------------------------------------------------------------------------------------+
; Multicorner Timing Analysis Summary                                                 ;
+------------------------+---------+-------+----------+---------+---------------------+
; Clock                  ; Setup   ; Hold  ; Recovery ; Removal ; Minimum Pulse Width ;
+------------------------+---------+-------+----------+---------+---------------------+
; Worst-case Slack       ; -3.659  ; 0.178 ; N/A      ; N/A     ; -3.000              ;
;  CLK                   ; -3.659  ; 0.279 ; N/A      ; N/A     ; -3.000              ;
;  clk_divider:F|clk_out ; -0.973  ; 0.178 ; N/A      ; N/A     ; -1.487              ;
; Design-wide TNS        ; -52.756 ; 0.0   ; 0.0      ; 0.0     ; -47.61              ;
;  CLK                   ; -49.549 ; 0.000 ; N/A      ; N/A     ; -41.662             ;
;  clk_divider:F|clk_out ; -3.207  ; 0.000 ; N/A      ; N/A     ; -5.948              ;
+------------------------+---------+-------+----------+---------+---------------------+


+------------------------------------------------------------------------------------------------------------------------------------------------------------------------------------------------------------------------------------------------------------------------------------------------------------------------------------------------------------------------------------------------------------------+
; Board Trace Model Assignments                                                                                                                                                                                                                                                                                                                                                                                    ;
+---------------+--------------+-------------------+-------------------------+-------------------------+---------------+---------------------+----------------+------------------+--------+------------------+------------------------+------------------------+--------------+---------------+-----------------+-------+---------------------+--------------------+---------------+-----------------+-------------+
; Pin           ; I/O Standard ; Near Tline Length ; Near Tline L per Length ; Near Tline C per Length ; Near Series R ; Near Differential R ; Near Pull-up R ; Near Pull-down R ; Near C ; Far Tline Length ; Far Tline L per Length ; Far Tline C per Length ; Far Series R ; Far Pull-up R ; Far Pull-down R ; Far C ; Termination Voltage ; Far Differential R ; EBD File Name ; EBD Signal Name ; EBD Far-end ;
+---------------+--------------+-------------------+-------------------------+-------------------------+---------------+---------------------+----------------+------------------+--------+------------------+------------------------+------------------------+--------------+---------------+-----------------+-------+---------------------+--------------------+---------------+-----------------+-------------+
; QA            ; 2.5 V        ; 0 in              ; 0 H/in                  ; 0 F/in                  ; short         ; -                   ; open           ; open             ; open   ; 0 in             ; 0 H/in                 ; 0 F/in                 ; short        ; open          ; open            ; open  ; 0 V                 ; -                  ; n/a           ; n/a             ; n/a         ;
; QB            ; 2.5 V        ; 0 in              ; 0 H/in                  ; 0 F/in                  ; short         ; -                   ; open           ; open             ; open   ; 0 in             ; 0 H/in                 ; 0 F/in                 ; short        ; open          ; open            ; open  ; 0 V                 ; -                  ; n/a           ; n/a             ; n/a         ;
; QC            ; 2.5 V        ; 0 in              ; 0 H/in                  ; 0 F/in                  ; short         ; -                   ; open           ; open             ; open   ; 0 in             ; 0 H/in                 ; 0 F/in                 ; short        ; open          ; open            ; open  ; 0 V                 ; -                  ; n/a           ; n/a             ; n/a         ;
; QD            ; 2.5 V        ; 0 in              ; 0 H/in                  ; 0 F/in                  ; short         ; -                   ; open           ; open             ; open   ; 0 in             ; 0 H/in                 ; 0 F/in                 ; short        ; open          ; open            ; open  ; 0 V                 ; -                  ; n/a           ; n/a             ; n/a         ;
; OUT1          ; 2.5 V        ; 0 in              ; 0 H/in                  ; 0 F/in                  ; short         ; -                   ; open           ; open             ; open   ; 0 in             ; 0 H/in                 ; 0 F/in                 ; short        ; open          ; open            ; open  ; 0 V                 ; -                  ; n/a           ; n/a             ; n/a         ;
; ~ALTERA_DCLK~ ; 2.5 V        ; 0 in              ; 0 H/in                  ; 0 F/in                  ; short         ; -                   ; open           ; open             ; open   ; 0 in             ; 0 H/in                 ; 0 F/in                 ; short        ; open          ; open            ; open  ; 0 V                 ; -                  ; n/a           ; n/a             ; n/a         ;
; ~ALTERA_nCEO~ ; 2.5 V        ; 0 in              ; 0 H/in                  ; 0 F/in                  ; short         ; -                   ; open           ; open             ; open   ; 0 in             ; 0 H/in                 ; 0 F/in                 ; short        ; open          ; open            ; open  ; 0 V                 ; -                  ; n/a           ; n/a             ; n/a         ;
+---------------+--------------+-------------------+-------------------------+-------------------------+---------------+---------------------+----------------+------------------+--------+------------------+------------------------+------------------------+--------------+---------------+-----------------+-------+---------------------+--------------------+---------------+-----------------+-------------+


+----------------------------------------------------------------------------+
; Input Transition Times                                                     ;
+-------------------------+--------------+-----------------+-----------------+
; Pin                     ; I/O Standard ; 10-90 Rise Time ; 90-10 Fall Time ;
+-------------------------+--------------+-----------------+-----------------+
; GND                     ; 2.5 V        ; 2000 ps         ; 2000 ps         ;
; VCC                     ; 2.5 V        ; 2000 ps         ; 2000 ps         ;
; CLEAN                   ; 2.5 V        ; 2000 ps         ; 2000 ps         ;
; CLK                     ; 2.5 V        ; 2000 ps         ; 2000 ps         ;
; ~ALTERA_ASDO_DATA1~     ; 2.5 V        ; 2000 ps         ; 2000 ps         ;
; ~ALTERA_FLASH_nCE_nCSO~ ; 2.5 V        ; 2000 ps         ; 2000 ps         ;
; ~ALTERA_DATA0~          ; 2.5 V        ; 2000 ps         ; 2000 ps         ;
+-------------------------+--------------+-----------------+-----------------+


+--------------------------------------------------------------------------------------------------------------------------------------------------------------------------------------------------------------------------------------------------------------------------------------------------------------------------------------------------------------------------------------------------------------------------------------------------------------------------------------------------------------------------------------------------------------------------------------------------------------------------------------------------------------------------------------------+
; Signal Integrity Metrics (Slow 1200mv n40c Model)                                                                                                                                                                                                                                                                                                                                                                                                                                                                                                                                                                                                                                          ;
+---------------+--------------+---------------------+---------------------+------------------------------+------------------------------+---------------------+---------------------+--------------------------------------+--------------------------------------+-----------------------------+-----------------------------+----------------------------+----------------------------+-----------------------------+-----------------------------+--------------------+--------------------+-------------------------------------+-------------------------------------+----------------------------+----------------------------+---------------------------+---------------------------+
; Pin           ; I/O Standard ; Board Delay on Rise ; Board Delay on Fall ; Steady State Voh at FPGA Pin ; Steady State Vol at FPGA Pin ; Voh Max at FPGA Pin ; Vol Min at FPGA Pin ; Ringback Voltage on Rise at FPGA Pin ; Ringback Voltage on Fall at FPGA Pin ; 10-90 Rise Time at FPGA Pin ; 90-10 Fall Time at FPGA Pin ; Monotonic Rise at FPGA Pin ; Monotonic Fall at FPGA Pin ; Steady State Voh at Far-end ; Steady State Vol at Far-end ; Voh Max at Far-end ; Vol Min at Far-end ; Ringback Voltage on Rise at Far-end ; Ringback Voltage on Fall at Far-end ; 10-90 Rise Time at Far-end ; 90-10 Fall Time at Far-end ; Monotonic Rise at Far-end ; Monotonic Fall at Far-end ;
+---------------+--------------+---------------------+---------------------+------------------------------+------------------------------+---------------------+---------------------+--------------------------------------+--------------------------------------+-----------------------------+-----------------------------+----------------------------+----------------------------+-----------------------------+-----------------------------+--------------------+--------------------+-------------------------------------+-------------------------------------+----------------------------+----------------------------+---------------------------+---------------------------+
; QA            ; 2.5 V        ; 0 s                 ; 0 s                 ; 2.32 V                       ; 1.46e-09 V                   ; 2.37 V              ; -0.0241 V           ; 0.127 V                              ; 0.073 V                              ; 6.7e-10 s                   ; 6.3e-10 s                   ; No                         ; Yes                        ; 2.32 V                      ; 1.46e-09 V                  ; 2.37 V             ; -0.0241 V          ; 0.127 V                             ; 0.073 V                             ; 6.7e-10 s                  ; 6.3e-10 s                  ; No                        ; Yes                       ;
; QB            ; 2.5 V        ; 0 s                 ; 0 s                 ; 2.32 V                       ; 1.46e-09 V                   ; 2.39 V              ; -0.0221 V           ; 0.159 V                              ; 0.03 V                               ; 4.72e-10 s                  ; 4.62e-10 s                  ; Yes                        ; Yes                        ; 2.32 V                      ; 1.46e-09 V                  ; 2.39 V             ; -0.0221 V          ; 0.159 V                             ; 0.03 V                              ; 4.72e-10 s                 ; 4.62e-10 s                 ; Yes                       ; Yes                       ;
; QC            ; 2.5 V        ; 0 s                 ; 0 s                 ; 2.32 V                       ; 1.46e-09 V                   ; 2.37 V              ; -0.0241 V           ; 0.127 V                              ; 0.073 V                              ; 6.7e-10 s                   ; 6.3e-10 s                   ; No                         ; Yes                        ; 2.32 V                      ; 1.46e-09 V                  ; 2.37 V             ; -0.0241 V          ; 0.127 V                             ; 0.073 V                             ; 6.7e-10 s                  ; 6.3e-10 s                  ; No                        ; Yes                       ;
; QD            ; 2.5 V        ; 0 s                 ; 0 s                 ; 2.32 V                       ; 1.46e-09 V                   ; 2.37 V              ; -0.0241 V           ; 0.127 V                              ; 0.073 V                              ; 6.7e-10 s                   ; 6.3e-10 s                   ; No                         ; Yes                        ; 2.32 V                      ; 1.46e-09 V                  ; 2.37 V             ; -0.0241 V          ; 0.127 V                             ; 0.073 V                             ; 6.7e-10 s                  ; 6.3e-10 s                  ; No                        ; Yes                       ;
; OUT1          ; 2.5 V        ; 0 s                 ; 0 s                 ; 2.32 V                       ; 1.46e-09 V                   ; 2.34 V              ; -0.00645 V          ; 0.188 V                              ; 0.108 V                              ; 2.83e-09 s                  ; 2.65e-09 s                  ; No                         ; Yes                        ; 2.32 V                      ; 1.46e-09 V                  ; 2.34 V             ; -0.00645 V         ; 0.188 V                             ; 0.108 V                             ; 2.83e-09 s                 ; 2.65e-09 s                 ; No                        ; Yes                       ;
; ~ALTERA_DCLK~ ; 2.5 V        ; 0 s                 ; 0 s                 ; 2.32 V                       ; 1.16e-09 V                   ; 2.39 V              ; -0.0374 V           ; 0.127 V                              ; 0.051 V                              ; 4.57e-10 s                  ; 3.66e-10 s                  ; No                         ; Yes                        ; 2.32 V                      ; 1.16e-09 V                  ; 2.39 V             ; -0.0374 V          ; 0.127 V                             ; 0.051 V                             ; 4.57e-10 s                 ; 3.66e-10 s                 ; No                        ; Yes                       ;
; ~ALTERA_nCEO~ ; 2.5 V        ; 0 s                 ; 0 s                 ; 2.32 V                       ; 1.76e-09 V                   ; 2.38 V              ; -0.00636 V          ; 0.233 V                              ; 0.017 V                              ; 5.26e-10 s                  ; 7.33e-10 s                  ; No                         ; Yes                        ; 2.32 V                      ; 1.76e-09 V                  ; 2.38 V             ; -0.00636 V         ; 0.233 V                             ; 0.017 V                             ; 5.26e-10 s                 ; 7.33e-10 s                 ; No                        ; Yes                       ;
+---------------+--------------+---------------------+---------------------+------------------------------+------------------------------+---------------------+---------------------+--------------------------------------+--------------------------------------+-----------------------------+-----------------------------+----------------------------+----------------------------+-----------------------------+-----------------------------+--------------------+--------------------+-------------------------------------+-------------------------------------+----------------------------+----------------------------+---------------------------+---------------------------+


+--------------------------------------------------------------------------------------------------------------------------------------------------------------------------------------------------------------------------------------------------------------------------------------------------------------------------------------------------------------------------------------------------------------------------------------------------------------------------------------------------------------------------------------------------------------------------------------------------------------------------------------------------------------------------------------------+
; Signal Integrity Metrics (Slow 1200mv 125c Model)                                                                                                                                                                                                                                                                                                                                                                                                                                                                                                                                                                                                                                          ;
+---------------+--------------+---------------------+---------------------+------------------------------+------------------------------+---------------------+---------------------+--------------------------------------+--------------------------------------+-----------------------------+-----------------------------+----------------------------+----------------------------+-----------------------------+-----------------------------+--------------------+--------------------+-------------------------------------+-------------------------------------+----------------------------+----------------------------+---------------------------+---------------------------+
; Pin           ; I/O Standard ; Board Delay on Rise ; Board Delay on Fall ; Steady State Voh at FPGA Pin ; Steady State Vol at FPGA Pin ; Voh Max at FPGA Pin ; Vol Min at FPGA Pin ; Ringback Voltage on Rise at FPGA Pin ; Ringback Voltage on Fall at FPGA Pin ; 10-90 Rise Time at FPGA Pin ; 90-10 Fall Time at FPGA Pin ; Monotonic Rise at FPGA Pin ; Monotonic Fall at FPGA Pin ; Steady State Voh at Far-end ; Steady State Vol at Far-end ; Voh Max at Far-end ; Vol Min at Far-end ; Ringback Voltage on Rise at Far-end ; Ringback Voltage on Fall at Far-end ; 10-90 Rise Time at Far-end ; 90-10 Fall Time at Far-end ; Monotonic Rise at Far-end ; Monotonic Fall at Far-end ;
+---------------+--------------+---------------------+---------------------+------------------------------+------------------------------+---------------------+---------------------+--------------------------------------+--------------------------------------+-----------------------------+-----------------------------+----------------------------+----------------------------+-----------------------------+-----------------------------+--------------------+--------------------+-------------------------------------+-------------------------------------+----------------------------+----------------------------+---------------------------+---------------------------+
; QA            ; 2.5 V        ; 0 s                 ; 0 s                 ; 2.32 V                       ; 2.95e-06 V                   ; 2.34 V              ; -0.00547 V          ; 0.078 V                              ; 0.03 V                               ; 9.16e-10 s                  ; 9.07e-10 s                  ; Yes                        ; Yes                        ; 2.32 V                      ; 2.95e-06 V                  ; 2.34 V             ; -0.00547 V         ; 0.078 V                             ; 0.03 V                              ; 9.16e-10 s                 ; 9.07e-10 s                 ; Yes                       ; Yes                       ;
; QB            ; 2.5 V        ; 0 s                 ; 0 s                 ; 2.32 V                       ; 2.95e-06 V                   ; 2.34 V              ; -0.00607 V          ; 0.068 V                              ; 0.021 V                              ; 6.93e-10 s                  ; 7.01e-10 s                  ; Yes                        ; Yes                        ; 2.32 V                      ; 2.95e-06 V                  ; 2.34 V             ; -0.00607 V         ; 0.068 V                             ; 0.021 V                             ; 6.93e-10 s                 ; 7.01e-10 s                 ; Yes                       ; Yes                       ;
; QC            ; 2.5 V        ; 0 s                 ; 0 s                 ; 2.32 V                       ; 2.95e-06 V                   ; 2.34 V              ; -0.00547 V          ; 0.078 V                              ; 0.03 V                               ; 9.16e-10 s                  ; 9.07e-10 s                  ; Yes                        ; Yes                        ; 2.32 V                      ; 2.95e-06 V                  ; 2.34 V             ; -0.00547 V         ; 0.078 V                             ; 0.03 V                              ; 9.16e-10 s                 ; 9.07e-10 s                 ; Yes                       ; Yes                       ;
; QD            ; 2.5 V        ; 0 s                 ; 0 s                 ; 2.32 V                       ; 2.95e-06 V                   ; 2.34 V              ; -0.00547 V          ; 0.078 V                              ; 0.03 V                               ; 9.16e-10 s                  ; 9.07e-10 s                  ; Yes                        ; Yes                        ; 2.32 V                      ; 2.95e-06 V                  ; 2.34 V             ; -0.00547 V         ; 0.078 V                             ; 0.03 V                              ; 9.16e-10 s                 ; 9.07e-10 s                 ; Yes                       ; Yes                       ;
; OUT1          ; 2.5 V        ; 0 s                 ; 0 s                 ; 2.32 V                       ; 2.95e-06 V                   ; 2.33 V              ; -0.00175 V          ; 0.079 V                              ; 0.063 V                              ; 3.99e-09 s                  ; 3.89e-09 s                  ; Yes                        ; Yes                        ; 2.32 V                      ; 2.95e-06 V                  ; 2.33 V             ; -0.00175 V         ; 0.079 V                             ; 0.063 V                             ; 3.99e-09 s                 ; 3.89e-09 s                 ; Yes                       ; Yes                       ;
; ~ALTERA_DCLK~ ; 2.5 V        ; 0 s                 ; 0 s                 ; 2.32 V                       ; 2.3e-06 V                    ; 2.34 V              ; -0.0069 V           ; 0.107 V                              ; 0.016 V                              ; 6.58e-10 s                  ; 5.7e-10 s                   ; Yes                        ; Yes                        ; 2.32 V                      ; 2.3e-06 V                   ; 2.34 V             ; -0.0069 V          ; 0.107 V                             ; 0.016 V                             ; 6.58e-10 s                 ; 5.7e-10 s                  ; Yes                       ; Yes                       ;
; ~ALTERA_nCEO~ ; 2.5 V        ; 0 s                 ; 0 s                 ; 2.32 V                       ; 3.82e-06 V                   ; 2.34 V              ; -0.00418 V          ; 0.06 V                               ; 0.025 V                              ; 8.71e-10 s                  ; 1.13e-09 s                  ; Yes                        ; Yes                        ; 2.32 V                      ; 3.82e-06 V                  ; 2.34 V             ; -0.00418 V         ; 0.06 V                              ; 0.025 V                             ; 8.71e-10 s                 ; 1.13e-09 s                 ; Yes                       ; Yes                       ;
+---------------+--------------+---------------------+---------------------+------------------------------+------------------------------+---------------------+---------------------+--------------------------------------+--------------------------------------+-----------------------------+-----------------------------+----------------------------+----------------------------+-----------------------------+-----------------------------+--------------------+--------------------+-------------------------------------+-------------------------------------+----------------------------+----------------------------+---------------------------+---------------------------+


+--------------------------------------------------------------------------------------------------------------------------------------------------------------------------------------------------------------------------------------------------------------------------------------------------------------------------------------------------------------------------------------------------------------------------------------------------------------------------------------------------------------------------------------------------------------------------------------------------------------------------------------------------------------------------------------------+
; Signal Integrity Metrics (Fast 1200mv n40c Model)                                                                                                                                                                                                                                                                                                                                                                                                                                                                                                                                                                                                                                          ;
+---------------+--------------+---------------------+---------------------+------------------------------+------------------------------+---------------------+---------------------+--------------------------------------+--------------------------------------+-----------------------------+-----------------------------+----------------------------+----------------------------+-----------------------------+-----------------------------+--------------------+--------------------+-------------------------------------+-------------------------------------+----------------------------+----------------------------+---------------------------+---------------------------+
; Pin           ; I/O Standard ; Board Delay on Rise ; Board Delay on Fall ; Steady State Voh at FPGA Pin ; Steady State Vol at FPGA Pin ; Voh Max at FPGA Pin ; Vol Min at FPGA Pin ; Ringback Voltage on Rise at FPGA Pin ; Ringback Voltage on Fall at FPGA Pin ; 10-90 Rise Time at FPGA Pin ; 90-10 Fall Time at FPGA Pin ; Monotonic Rise at FPGA Pin ; Monotonic Fall at FPGA Pin ; Steady State Voh at Far-end ; Steady State Vol at Far-end ; Voh Max at Far-end ; Vol Min at Far-end ; Ringback Voltage on Rise at Far-end ; Ringback Voltage on Fall at Far-end ; 10-90 Rise Time at Far-end ; 90-10 Fall Time at Far-end ; Monotonic Rise at Far-end ; Monotonic Fall at Far-end ;
+---------------+--------------+---------------------+---------------------+------------------------------+------------------------------+---------------------+---------------------+--------------------------------------+--------------------------------------+-----------------------------+-----------------------------+----------------------------+----------------------------+-----------------------------+-----------------------------+--------------------+--------------------+-------------------------------------+-------------------------------------+----------------------------+----------------------------+---------------------------+---------------------------+
; QA            ; 2.5 V        ; 0 s                 ; 0 s                 ; 2.62 V                       ; 2.43e-09 V                   ; 2.73 V              ; -0.043 V            ; 0.216 V                              ; 0.135 V                              ; 4.76e-10 s                  ; 4.78e-10 s                  ; No                         ; Yes                        ; 2.62 V                      ; 2.43e-09 V                  ; 2.73 V             ; -0.043 V           ; 0.216 V                             ; 0.135 V                             ; 4.76e-10 s                 ; 4.78e-10 s                 ; No                        ; Yes                       ;
; QB            ; 2.5 V        ; 0 s                 ; 0 s                 ; 2.62 V                       ; 2.43e-09 V                   ; 2.74 V              ; -0.0602 V           ; 0.305 V                              ; 0.08 V                               ; 2.97e-10 s                  ; 3.46e-10 s                  ; No                         ; Yes                        ; 2.62 V                      ; 2.43e-09 V                  ; 2.74 V             ; -0.0602 V          ; 0.305 V                             ; 0.08 V                              ; 2.97e-10 s                 ; 3.46e-10 s                 ; No                        ; Yes                       ;
; QC            ; 2.5 V        ; 0 s                 ; 0 s                 ; 2.62 V                       ; 2.43e-09 V                   ; 2.73 V              ; -0.043 V            ; 0.216 V                              ; 0.135 V                              ; 4.76e-10 s                  ; 4.78e-10 s                  ; No                         ; Yes                        ; 2.62 V                      ; 2.43e-09 V                  ; 2.73 V             ; -0.043 V           ; 0.216 V                             ; 0.135 V                             ; 4.76e-10 s                 ; 4.78e-10 s                 ; No                        ; Yes                       ;
; QD            ; 2.5 V        ; 0 s                 ; 0 s                 ; 2.62 V                       ; 2.43e-09 V                   ; 2.73 V              ; -0.043 V            ; 0.216 V                              ; 0.135 V                              ; 4.76e-10 s                  ; 4.78e-10 s                  ; No                         ; Yes                        ; 2.62 V                      ; 2.43e-09 V                  ; 2.73 V             ; -0.043 V           ; 0.216 V                             ; 0.135 V                             ; 4.76e-10 s                 ; 4.78e-10 s                 ; No                        ; Yes                       ;
; OUT1          ; 2.5 V        ; 0 s                 ; 0 s                 ; 2.62 V                       ; 2.43e-09 V                   ; 2.65 V              ; -0.0136 V           ; 0.244 V                              ; 0.164 V                              ; 2.2e-09 s                   ; 2.13e-09 s                  ; No                         ; Yes                        ; 2.62 V                      ; 2.43e-09 V                  ; 2.65 V             ; -0.0136 V          ; 0.244 V                             ; 0.164 V                             ; 2.2e-09 s                  ; 2.13e-09 s                 ; No                        ; Yes                       ;
; ~ALTERA_DCLK~ ; 2.5 V        ; 0 s                 ; 0 s                 ; 2.62 V                       ; 2e-09 V                      ; 2.74 V              ; -0.103 V            ; 0.233 V                              ; 0.159 V                              ; 2.85e-10 s                  ; 2.77e-10 s                  ; Yes                        ; Yes                        ; 2.62 V                      ; 2e-09 V                     ; 2.74 V             ; -0.103 V           ; 0.233 V                             ; 0.159 V                             ; 2.85e-10 s                 ; 2.77e-10 s                 ; Yes                       ; Yes                       ;
; ~ALTERA_nCEO~ ; 2.5 V        ; 0 s                 ; 0 s                 ; 2.62 V                       ; 3.09e-09 V                   ; 2.72 V              ; -0.0273 V           ; 0.18 V                               ; 0.08 V                               ; 4.67e-10 s                  ; 6.1e-10 s                   ; No                         ; Yes                        ; 2.62 V                      ; 3.09e-09 V                  ; 2.72 V             ; -0.0273 V          ; 0.18 V                              ; 0.08 V                              ; 4.67e-10 s                 ; 6.1e-10 s                  ; No                        ; Yes                       ;
+---------------+--------------+---------------------+---------------------+------------------------------+------------------------------+---------------------+---------------------+--------------------------------------+--------------------------------------+-----------------------------+-----------------------------+----------------------------+----------------------------+-----------------------------+-----------------------------+--------------------+--------------------+-------------------------------------+-------------------------------------+----------------------------+----------------------------+---------------------------+---------------------------+


+-------------------------------------------------------------------------------------------+
; Setup Transfers                                                                           ;
+-----------------------+-----------------------+----------+----------+----------+----------+
; From Clock            ; To Clock              ; RR Paths ; FR Paths ; RF Paths ; FF Paths ;
+-----------------------+-----------------------+----------+----------+----------+----------+
; CLK                   ; CLK                   ; 650      ; 0        ; 0        ; 0        ;
; clk_divider:F|clk_out ; CLK                   ; 1        ; 1        ; 0        ; 0        ;
; clk_divider:F|clk_out ; clk_divider:F|clk_out ; 24       ; 0        ; 0        ; 0        ;
+-----------------------+-----------------------+----------+----------+----------+----------+
Entries labeled "false path" only account for clock-to-clock false paths and not path-based false paths. As a result, actual path counts may be lower than reported.


+-------------------------------------------------------------------------------------------+
; Hold Transfers                                                                            ;
+-----------------------+-----------------------+----------+----------+----------+----------+
; From Clock            ; To Clock              ; RR Paths ; FR Paths ; RF Paths ; FF Paths ;
+-----------------------+-----------------------+----------+----------+----------+----------+
; CLK                   ; CLK                   ; 650      ; 0        ; 0        ; 0        ;
; clk_divider:F|clk_out ; CLK                   ; 1        ; 1        ; 0        ; 0        ;
; clk_divider:F|clk_out ; clk_divider:F|clk_out ; 24       ; 0        ; 0        ; 0        ;
+-----------------------+-----------------------+----------+----------+----------+----------+
Entries labeled "false path" only account for clock-to-clock false paths and not path-based false paths. As a result, actual path counts may be lower than reported.


---------------
; Report TCCS ;
---------------
No dedicated SERDES Transmitter circuitry present in device or used in design


---------------
; Report RSKM ;
---------------
No non-DPA dedicated SERDES Receiver circuitry present in device or used in design


+------------------------------------------------+
; Unconstrained Paths Summary                    ;
+---------------------------------+-------+------+
; Property                        ; Setup ; Hold ;
+---------------------------------+-------+------+
; Illegal Clocks                  ; 0     ; 0    ;
; Unconstrained Clocks            ; 0     ; 0    ;
; Unconstrained Input Ports       ; 3     ; 3    ;
; Unconstrained Input Port Paths  ; 12    ; 12   ;
; Unconstrained Output Ports      ; 5     ; 5    ;
; Unconstrained Output Port Paths ; 8     ; 8    ;
+---------------------------------+-------+------+


+--------------------------------------------------------------------+
; Clock Status Summary                                               ;
+-----------------------+-----------------------+------+-------------+
; Target                ; Clock                 ; Type ; Status      ;
+-----------------------+-----------------------+------+-------------+
; CLK                   ; CLK                   ; Base ; Constrained ;
; clk_divider:F|clk_out ; clk_divider:F|clk_out ; Base ; Constrained ;
+-----------------------+-----------------------+------+-------------+


+---------------------------------------------------------------------------------------------------+
; Unconstrained Input Ports                                                                         ;
+------------+--------------------------------------------------------------------------------------+
; Input Port ; Comment                                                                              ;
+------------+--------------------------------------------------------------------------------------+
; CLEAN      ; No input delay, min/max delays, false-path exceptions, or max skew assignments found ;
; GND        ; No input delay, min/max delays, false-path exceptions, or max skew assignments found ;
; VCC        ; No input delay, min/max delays, false-path exceptions, or max skew assignments found ;
+------------+--------------------------------------------------------------------------------------+


+-----------------------------------------------------------------------------------------------------+
; Unconstrained Output Ports                                                                          ;
+-------------+---------------------------------------------------------------------------------------+
; Output Port ; Comment                                                                               ;
+-------------+---------------------------------------------------------------------------------------+
; OUT1        ; No output delay, min/max delays, false-path exceptions, or max skew assignments found ;
; QA          ; No output delay, min/max delays, false-path exceptions, or max skew assignments found ;
; QB          ; No output delay, min/max delays, false-path exceptions, or max skew assignments found ;
; QC          ; No output delay, min/max delays, false-path exceptions, or max skew assignments found ;
; QD          ; No output delay, min/max delays, false-path exceptions, or max skew assignments found ;
+-------------+---------------------------------------------------------------------------------------+


+---------------------------------------------------------------------------------------------------+
; Unconstrained Input Ports                                                                         ;
+------------+--------------------------------------------------------------------------------------+
; Input Port ; Comment                                                                              ;
+------------+--------------------------------------------------------------------------------------+
; CLEAN      ; No input delay, min/max delays, false-path exceptions, or max skew assignments found ;
; GND        ; No input delay, min/max delays, false-path exceptions, or max skew assignments found ;
; VCC        ; No input delay, min/max delays, false-path exceptions, or max skew assignments found ;
+------------+--------------------------------------------------------------------------------------+


+-----------------------------------------------------------------------------------------------------+
; Unconstrained Output Ports                                                                          ;
+-------------+---------------------------------------------------------------------------------------+
; Output Port ; Comment                                                                               ;
+-------------+---------------------------------------------------------------------------------------+
; OUT1        ; No output delay, min/max delays, false-path exceptions, or max skew assignments found ;
; QA          ; No output delay, min/max delays, false-path exceptions, or max skew assignments found ;
; QB          ; No output delay, min/max delays, false-path exceptions, or max skew assignments found ;
; QC          ; No output delay, min/max delays, false-path exceptions, or max skew assignments found ;
; QD          ; No output delay, min/max delays, false-path exceptions, or max skew assignments found ;
+-------------+---------------------------------------------------------------------------------------+


+------------------------------------+
; TimeQuest Timing Analyzer Messages ;
+------------------------------------+
Info: *******************************************************************
Info: Running Quartus Prime TimeQuest Timing Analyzer
    Info: Version 17.1.0 Build 590 10/25/2017 SJ Lite Edition
    Info: Processing started: Fri Dec 19 16:47:40 2025
Info: Command: quartus_sta Cnt12Divider -c Cnt12DI
Info: qsta_default_script.tcl version: #3
Warning (18236): Number of processors has not been specified which may cause overloading on shared machines.  Set the global assignment NUM_PARALLEL_PROCESSORS in your QSF to an appropriate value for best performance.
Info (20030): Parallel compilation is enabled and will use 16 of the 32 processors detected
Info (21077): Low junction temperature is -40 degrees C
Info (21077): High junction temperature is 125 degrees C
Critical Warning (332012): Synopsys Design Constraints File file not found: 'Cnt12DI.sdc'. A Synopsys Design Constraints File is required by the TimeQuest Timing Analyzer to get proper timing constraints. Without it, the Compiler will not properly optimize the design.
Info (332142): No user constrained base clocks found in the design. Calling "derive_clocks -period 1.0"
Info (332105): Deriving Clocks
    Info (332105): create_clock -period 1.000 -name CLK CLK
    Info (332105): create_clock -period 1.000 -name clk_divider:F|clk_out clk_divider:F|clk_out
Info (332143): No user constrained clock uncertainty found in the design. Calling "derive_clock_uncertainty"
Info (332123): Deriving Clock Uncertainty. Please refer to report_sdc in TimeQuest to see clock uncertainties.
Info: Found TIMEQUEST_REPORT_SCRIPT_INCLUDE_DEFAULT_ANALYSIS = ON
Info: Analyzing Slow 1200mV 125C Model
Critical Warning (332148): Timing requirements not met
    Info (11105): For recommendations on closing timing, run Report Timing Closure Recommendations in the TimeQuest Timing Analyzer.
Info (332146): Worst-case setup slack is -3.659
    Info (332119):     Slack       End Point TNS Clock 
    Info (332119): ========= =================== =====================
    Info (332119):    -3.659             -49.549 CLK 
    Info (332119):    -0.973              -3.207 clk_divider:F|clk_out 
Info (332146): Worst-case hold slack is 0.428
    Info (332119):     Slack       End Point TNS Clock 
    Info (332119): ========= =================== =====================
    Info (332119):     0.428               0.000 clk_divider:F|clk_out 
    Info (332119):     0.662               0.000 CLK 
Info (332140): No Recovery paths to report
Info (332140): No Removal paths to report
Info (332146): Worst-case minimum pulse width slack is -3.000
    Info (332119):     Slack       End Point TNS Clock 
    Info (332119): ========= =================== =====================
    Info (332119):    -3.000             -41.662 CLK 
    Info (332119):    -1.487              -5.948 clk_divider:F|clk_out 
Info: Analyzing Slow 1200mV -40C Model
Info (334003): Started post-fitting delay annotation
Info (334004): Delay annotation completed successfully
Info (332123): Deriving Clock Uncertainty. Please refer to report_sdc in TimeQuest to see clock uncertainties.
Critical Warning (332148): Timing requirements not met
    Info (11105): For recommendations on closing timing, run Report Timing Closure Recommendations in the TimeQuest Timing Analyzer.
Info (332146): Worst-case setup slack is -3.158
    Info (332119):     Slack       End Point TNS Clock 
    Info (332119): ========= =================== =====================
    Info (332119):    -3.158             -37.798 CLK 
    Info (332119):    -0.645              -2.031 clk_divider:F|clk_out 
Info (332146): Worst-case hold slack is 0.343
    Info (332119):     Slack       End Point TNS Clock 
    Info (332119): ========= =================== =====================
    Info (332119):     0.343               0.000 clk_divider:F|clk_out 
    Info (332119):     0.576               0.000 CLK 
Info (332140): No Recovery paths to report
Info (332140): No Removal paths to report
Info (332146): Worst-case minimum pulse width slack is -3.000
    Info (332119):     Slack       End Point TNS Clock 
    Info (332119): ========= =================== =====================
    Info (332119):    -3.000             -36.410 CLK 
    Info (332119):    -1.285              -5.140 clk_divider:F|clk_out 
Info: Analyzing Fast 1200mV -40C Model
Info (332123): Deriving Clock Uncertainty. Please refer to report_sdc in TimeQuest to see clock uncertainties.
Critical Warning (332148): Timing requirements not met
    Info (11105): For recommendations on closing timing, run Report Timing Closure Recommendations in the TimeQuest Timing Analyzer.
Info (332146): Worst-case setup slack is -1.197
    Info (332119):     Slack       End Point TNS Clock 
    Info (332119): ========= =================== =====================
    Info (332119):    -1.197              -9.334 CLK 
    Info (332119):     0.105               0.000 clk_divider:F|clk_out 
Info (332146): Worst-case hold slack is 0.178
    Info (332119):     Slack       End Point TNS Clock 
    Info (332119): ========= =================== =====================
    Info (332119):     0.178               0.000 clk_divider:F|clk_out 
    Info (332119):     0.279               0.000 CLK 
Info (332140): No Recovery paths to report
Info (332140): No Removal paths to report
Info (332146): Worst-case minimum pulse width slack is -3.000
    Info (332119):     Slack       End Point TNS Clock 
    Info (332119): ========= =================== =====================
    Info (332119):    -3.000             -30.338 CLK 
    Info (332119):    -1.000              -4.000 clk_divider:F|clk_out 
Info (332102): Design is not fully constrained for setup requirements
Info (332102): Design is not fully constrained for hold requirements
Info: Quartus Prime TimeQuest Timing Analyzer was successful. 0 errors, 5 warnings
    Info: Peak virtual memory: 4898 megabytes
    Info: Processing ended: Fri Dec 19 16:47:42 2025
    Info: Elapsed time: 00:00:02
    Info: Total CPU time (on all processors): 00:00:01


