TimeQuest Timing Analyzer report for M10
Wed Dec 24 20:29:32 2025
Quartus Prime Version 17.1.0 Build 590 10/25/2017 SJ Lite Edition


---------------------
; Table of Contents ;
---------------------
  1. Legal Notice
  2. TimeQuest Timing Analyzer Summary
  3. Parallel Compilation
  4. Clocks
  5. Slow 1200mV 125C Model Fmax Summary
  6. Timing Closure Recommendations
  7. Slow 1200mV 125C Model Setup Summary
  8. Slow 1200mV 125C Model Hold Summary
  9. Slow 1200mV 125C Model Recovery Summary
 10. Slow 1200mV 125C Model Removal Summary
 11. Slow 1200mV 125C Model Minimum Pulse Width Summary
 12. Slow 1200mV 125C Model Setup: 'CLK'
 13. Slow 1200mV 125C Model Setup: 'clk_divider:inst5|clk_out'
 14. Slow 1200mV 125C Model Hold: 'clk_divider:inst5|clk_out'
 15. Slow 1200mV 125C Model Hold: 'CLK'
 16. Slow 1200mV 125C Model Metastability Summary
 17. Slow 1200mV -40C Model Fmax Summary
 18. Slow 1200mV -40C Model Setup Summary
 19. Slow 1200mV -40C Model Hold Summary
 20. Slow 1200mV -40C Model Recovery Summary
 21. Slow 1200mV -40C Model Removal Summary
 22. Slow 1200mV -40C Model Minimum Pulse Width Summary
 23. Slow 1200mV -40C Model Setup: 'CLK'
 24. Slow 1200mV -40C Model Setup: 'clk_divider:inst5|clk_out'
 25. Slow 1200mV -40C Model Hold: 'clk_divider:inst5|clk_out'
 26. Slow 1200mV -40C Model Hold: 'CLK'
 27. Slow 1200mV -40C Model Metastability Summary
 28. Fast 1200mV -40C Model Setup Summary
 29. Fast 1200mV -40C Model Hold Summary
 30. Fast 1200mV -40C Model Recovery Summary
 31. Fast 1200mV -40C Model Removal Summary
 32. Fast 1200mV -40C Model Minimum Pulse Width Summary
 33. Fast 1200mV -40C Model Setup: 'CLK'
 34. Fast 1200mV -40C Model Setup: 'clk_divider:inst5|clk_out'
 35. Fast 1200mV -40C Model Hold: 'clk_divider:inst5|clk_out'
 36. Fast 1200mV -40C Model Hold: 'CLK'
 37. Fast 1200mV -40C Model Metastability Summary
 38. Multicorner Timing Analysis Summary
 39. Board Trace Model Assignments
 40. Input Transition Times
 41. Signal Integrity Metrics (Slow 1200mv n40c Model)
 42. Signal Integrity Metrics (Slow 1200mv 125c Model)
 43. Signal Integrity Metrics (Fast 1200mv n40c Model)
 44. Setup Transfers
 45. Hold Transfers
 46. Report TCCS
 47. Report RSKM
 48. Unconstrained Paths Summary
 49. Clock Status Summary
 50. Unconstrained Input Ports
 51. Unconstrained Output Ports
 52. Unconstrained Input Ports
 53. Unconstrained Output Ports
 54. TimeQuest Timing Analyzer Messages



----------------
; Legal Notice ;
----------------
Copyright (C) 2017  Intel Corporation. All rights reserved.
Your use of Intel Corporation's design tools, logic functions 
and other software and tools, and its AMPP partner logic 
functions, and any output files from any of the foregoing 
(including device programming or simulation files), and any 
associated documentation or information are expressly subject 
to the terms and conditions of the Intel Program License 
Subscription Agreement, the Intel Quartus Prime License Agreement,
the Intel FPGA IP License Agreement, or other applicable license
agreement, including, without limitation, that your use is for
the sole purpose of programming logic devices manufactured by
Intel and sold by Intel or its authorized distributors.  Please
refer to the applicable agreement for further details.



+-----------------------------------------------------------------------------+
; TimeQuest Timing Analyzer Summary                                           ;
+-----------------------+-----------------------------------------------------+
; Quartus Prime Version ; Version 17.1.0 Build 590 10/25/2017 SJ Lite Edition ;
; Timing Analyzer       ; TimeQuest                                           ;
; Revision Name         ; M10                                                 ;
; Device Family         ; Cyclone IV E                                        ;
; Device Name           ; EP4CE40U19A7                                        ;
; Timing Models         ; Final                                               ;
; Delay Model           ; Combined                                            ;
; Rise/Fall Delays      ; Enabled                                             ;
+-----------------------+-----------------------------------------------------+


+------------------------------------------+
; Parallel Compilation                     ;
+----------------------------+-------------+
; Processors                 ; Number      ;
+----------------------------+-------------+
; Number detected on machine ; 32          ;
; Maximum allowed            ; 16          ;
;                            ;             ;
; Average used               ; 1.05        ;
; Maximum used               ; 16          ;
;                            ;             ;
; Usage by Processor         ; % Time Used ;
;     Processor 1            ; 100.0%      ;
;     Processors 2-16        ;   0.4%      ;
+----------------------------+-------------+


+----------------------------------------------------------------------------------------------------------------------------------------------------------------------------------------------------------------------+
; Clocks                                                                                                                                                                                                               ;
+---------------------------+------+--------+------------+-------+-------+------------+-----------+-------------+-------+--------+-----------+------------+----------+--------+--------+-------------------------------+
; Clock Name                ; Type ; Period ; Frequency  ; Rise  ; Fall  ; Duty Cycle ; Divide by ; Multiply by ; Phase ; Offset ; Edge List ; Edge Shift ; Inverted ; Master ; Source ; Targets                       ;
+---------------------------+------+--------+------------+-------+-------+------------+-----------+-------------+-------+--------+-----------+------------+----------+--------+--------+-------------------------------+
; CLK                       ; Base ; 1.000  ; 1000.0 MHz ; 0.000 ; 0.500 ;            ;           ;             ;       ;        ;           ;            ;          ;        ;        ; { CLK }                       ;
; clk_divider:inst5|clk_out ; Base ; 1.000  ; 1000.0 MHz ; 0.000 ; 0.500 ;            ;           ;             ;       ;        ;           ;            ;          ;        ;        ; { clk_divider:inst5|clk_out } ;
+---------------------------+------+--------+------------+-------+-------+------------+-----------+-------------+-------+--------+-----------+------------+----------+--------+--------+-------------------------------+


+-----------------------------------------------------------------------------------------------------------+
; Slow 1200mV 125C Model Fmax Summary                                                                       ;
+------------+-----------------+---------------------------+------------------------------------------------+
; Fmax       ; Restricted Fmax ; Clock Name                ; Note                                           ;
+------------+-----------------+---------------------------+------------------------------------------------+
; 193.27 MHz ; 193.27 MHz      ; CLK                       ;                                                ;
; 795.54 MHz ; 402.09 MHz      ; clk_divider:inst5|clk_out ; limit due to minimum period restriction (tmin) ;
+------------+-----------------+---------------------------+------------------------------------------------+
This panel reports FMAX for every clock in the design, regardless of the user-specified clock periods.  FMAX is only computed for paths where the source and destination registers or ports are driven by the same clock.  Paths of different clocks, including generated clocks, are ignored.  For paths between a clock and its inversion, FMAX is computed as if the rising and falling edges are scaled along with FMAX, such that the duty cycle (in terms of a percentage) is maintained. Altera recommends that you always use clock constraints and other slack reports for sign-off analysis.


----------------------------------
; Timing Closure Recommendations ;
----------------------------------
HTML report is unavailable in plain text report export.


+----------------------------------------------------+
; Slow 1200mV 125C Model Setup Summary               ;
+---------------------------+--------+---------------+
; Clock                     ; Slack  ; End Point TNS ;
+---------------------------+--------+---------------+
; CLK                       ; -4.174 ; -51.374       ;
; clk_divider:inst5|clk_out ; -0.257 ; -0.705        ;
+---------------------------+--------+---------------+


+---------------------------------------------------+
; Slow 1200mV 125C Model Hold Summary               ;
+---------------------------+-------+---------------+
; Clock                     ; Slack ; End Point TNS ;
+---------------------------+-------+---------------+
; clk_divider:inst5|clk_out ; 0.428 ; 0.000         ;
; CLK                       ; 0.662 ; 0.000         ;
+---------------------------+-------+---------------+


-------------------------------------------
; Slow 1200mV 125C Model Recovery Summary ;
-------------------------------------------
No paths to report.


------------------------------------------
; Slow 1200mV 125C Model Removal Summary ;
------------------------------------------
No paths to report.


+----------------------------------------------------+
; Slow 1200mV 125C Model Minimum Pulse Width Summary ;
+---------------------------+--------+---------------+
; Clock                     ; Slack  ; End Point TNS ;
+---------------------------+--------+---------------+
; CLK                       ; -3.000 ; -41.662       ;
; clk_divider:inst5|clk_out ; -1.487 ; -5.948        ;
+---------------------------+--------+---------------+


+--------------------------------------------------------------------------------------------------------------------------------------+
; Slow 1200mV 125C Model Setup: 'CLK'                                                                                                  ;
+--------+---------------------------+---------------------------+--------------+-------------+--------------+------------+------------+
; Slack  ; From Node                 ; To Node                   ; Launch Clock ; Latch Clock ; Relationship ; Clock Skew ; Data Delay ;
+--------+---------------------------+---------------------------+--------------+-------------+--------------+------------+------------+
; -4.174 ; clk_divider:inst5|cnt[3]  ; clk_divider:inst5|clk_out ; CLK          ; CLK         ; 1.000        ; -0.079     ; 5.092      ;
; -4.053 ; clk_divider:inst5|cnt[1]  ; clk_divider:inst5|clk_out ; CLK          ; CLK         ; 1.000        ; -0.079     ; 4.971      ;
; -4.027 ; clk_divider:inst5|cnt[9]  ; clk_divider:inst5|clk_out ; CLK          ; CLK         ; 1.000        ; -0.079     ; 4.945      ;
; -4.015 ; clk_divider:inst5|cnt[4]  ; clk_divider:inst5|clk_out ; CLK          ; CLK         ; 1.000        ; -0.079     ; 4.933      ;
; -4.014 ; clk_divider:inst5|cnt[10] ; clk_divider:inst5|clk_out ; CLK          ; CLK         ; 1.000        ; -0.079     ; 4.932      ;
; -4.007 ; clk_divider:inst5|cnt[23] ; clk_divider:inst5|clk_out ; CLK          ; CLK         ; 1.000        ; -0.075     ; 4.929      ;
; -3.970 ; clk_divider:inst5|cnt[5]  ; clk_divider:inst5|clk_out ; CLK          ; CLK         ; 1.000        ; -0.079     ; 4.888      ;
; -3.943 ; clk_divider:inst5|cnt[24] ; clk_divider:inst5|clk_out ; CLK          ; CLK         ; 1.000        ; -0.075     ; 4.865      ;
; -3.909 ; clk_divider:inst5|cnt[6]  ; clk_divider:inst5|clk_out ; CLK          ; CLK         ; 1.000        ; -0.079     ; 4.827      ;
; -3.874 ; clk_divider:inst5|cnt[15] ; clk_divider:inst5|clk_out ; CLK          ; CLK         ; 1.000        ; -0.075     ; 4.796      ;
; -3.868 ; clk_divider:inst5|cnt[16] ; clk_divider:inst5|clk_out ; CLK          ; CLK         ; 1.000        ; -0.076     ; 4.789      ;
; -3.855 ; clk_divider:inst5|cnt[13] ; clk_divider:inst5|clk_out ; CLK          ; CLK         ; 1.000        ; -0.076     ; 4.776      ;
; -3.831 ; clk_divider:inst5|cnt[21] ; clk_divider:inst5|clk_out ; CLK          ; CLK         ; 1.000        ; -0.076     ; 4.752      ;
; -3.827 ; clk_divider:inst5|cnt[22] ; clk_divider:inst5|clk_out ; CLK          ; CLK         ; 1.000        ; -0.076     ; 4.748      ;
; -3.815 ; clk_divider:inst5|cnt[18] ; clk_divider:inst5|clk_out ; CLK          ; CLK         ; 1.000        ; -0.076     ; 4.736      ;
; -3.811 ; clk_divider:inst5|cnt[17] ; clk_divider:inst5|clk_out ; CLK          ; CLK         ; 1.000        ; -0.075     ; 4.733      ;
; -3.780 ; clk_divider:inst5|cnt[20] ; clk_divider:inst5|clk_out ; CLK          ; CLK         ; 1.000        ; -0.075     ; 4.702      ;
; -3.768 ; clk_divider:inst5|cnt[19] ; clk_divider:inst5|clk_out ; CLK          ; CLK         ; 1.000        ; -0.075     ; 4.690      ;
; -3.734 ; clk_divider:inst5|cnt[2]  ; clk_divider:inst5|clk_out ; CLK          ; CLK         ; 1.000        ; -0.079     ; 4.652      ;
; -3.712 ; clk_divider:inst5|cnt[11] ; clk_divider:inst5|clk_out ; CLK          ; CLK         ; 1.000        ; -0.079     ; 4.630      ;
; -3.699 ; clk_divider:inst5|cnt[7]  ; clk_divider:inst5|clk_out ; CLK          ; CLK         ; 1.000        ; -0.079     ; 4.617      ;
; -3.696 ; clk_divider:inst5|cnt[14] ; clk_divider:inst5|clk_out ; CLK          ; CLK         ; 1.000        ; -0.076     ; 4.617      ;
; -3.571 ; clk_divider:inst5|cnt[8]  ; clk_divider:inst5|clk_out ; CLK          ; CLK         ; 1.000        ; -0.079     ; 4.489      ;
; -3.523 ; clk_divider:inst5|cnt[0]  ; clk_divider:inst5|clk_out ; CLK          ; CLK         ; 1.000        ; -0.079     ; 4.441      ;
; -3.516 ; clk_divider:inst5|cnt[12] ; clk_divider:inst5|clk_out ; CLK          ; CLK         ; 1.000        ; -0.076     ; 4.437      ;
; -2.982 ; clk_divider:inst5|cnt[1]  ; clk_divider:inst5|cnt[22] ; CLK          ; CLK         ; 1.000        ; -0.079     ; 3.900      ;
; -2.891 ; clk_divider:inst5|cnt[0]  ; clk_divider:inst5|cnt[22] ; CLK          ; CLK         ; 1.000        ; -0.079     ; 3.809      ;
; -2.849 ; clk_divider:inst5|cnt[3]  ; clk_divider:inst5|cnt[22] ; CLK          ; CLK         ; 1.000        ; -0.079     ; 3.767      ;
; -2.802 ; clk_divider:inst5|cnt[1]  ; clk_divider:inst5|cnt[24] ; CLK          ; CLK         ; 1.000        ; -0.080     ; 3.719      ;
; -2.741 ; clk_divider:inst5|cnt[2]  ; clk_divider:inst5|cnt[22] ; CLK          ; CLK         ; 1.000        ; -0.079     ; 3.659      ;
; -2.736 ; clk_divider:inst5|cnt[1]  ; clk_divider:inst5|cnt[18] ; CLK          ; CLK         ; 1.000        ; -0.079     ; 3.654      ;
; -2.726 ; clk_divider:inst5|cnt[0]  ; clk_divider:inst5|cnt[21] ; CLK          ; CLK         ; 1.000        ; -0.079     ; 3.644      ;
; -2.724 ; clk_divider:inst5|cnt[3]  ; clk_divider:inst5|cnt[6]  ; CLK          ; CLK         ; 1.000        ; -0.076     ; 3.645      ;
; -2.711 ; clk_divider:inst5|cnt[0]  ; clk_divider:inst5|cnt[24] ; CLK          ; CLK         ; 1.000        ; -0.080     ; 3.628      ;
; -2.698 ; clk_divider:inst5|cnt[5]  ; clk_divider:inst5|cnt[22] ; CLK          ; CLK         ; 1.000        ; -0.079     ; 3.616      ;
; -2.694 ; clk_divider:inst5|cnt[1]  ; clk_divider:inst5|cnt[21] ; CLK          ; CLK         ; 1.000        ; -0.079     ; 3.612      ;
; -2.669 ; clk_divider:inst5|cnt[3]  ; clk_divider:inst5|cnt[24] ; CLK          ; CLK         ; 1.000        ; -0.080     ; 3.586      ;
; -2.645 ; clk_divider:inst5|cnt[0]  ; clk_divider:inst5|cnt[18] ; CLK          ; CLK         ; 1.000        ; -0.079     ; 3.563      ;
; -2.643 ; clk_divider:inst5|cnt[10] ; clk_divider:inst5|cnt[6]  ; CLK          ; CLK         ; 1.000        ; -0.076     ; 3.564      ;
; -2.608 ; clk_divider:inst5|cnt[9]  ; clk_divider:inst5|cnt[6]  ; CLK          ; CLK         ; 1.000        ; -0.076     ; 3.529      ;
; -2.603 ; clk_divider:inst5|cnt[3]  ; clk_divider:inst5|cnt[18] ; CLK          ; CLK         ; 1.000        ; -0.079     ; 3.521      ;
; -2.603 ; clk_divider:inst5|cnt[1]  ; clk_divider:inst5|cnt[6]  ; CLK          ; CLK         ; 1.000        ; -0.076     ; 3.524      ;
; -2.602 ; clk_divider:inst5|cnt[4]  ; clk_divider:inst5|cnt[22] ; CLK          ; CLK         ; 1.000        ; -0.079     ; 3.520      ;
; -2.599 ; clk_divider:inst5|cnt[1]  ; clk_divider:inst5|cnt[16] ; CLK          ; CLK         ; 1.000        ; -0.079     ; 3.517      ;
; -2.567 ; clk_divider:inst5|cnt[2]  ; clk_divider:inst5|cnt[21] ; CLK          ; CLK         ; 1.000        ; -0.079     ; 3.485      ;
; -2.565 ; clk_divider:inst5|cnt[4]  ; clk_divider:inst5|cnt[6]  ; CLK          ; CLK         ; 1.000        ; -0.076     ; 3.486      ;
; -2.561 ; clk_divider:inst5|cnt[0]  ; clk_divider:inst5|cnt[19] ; CLK          ; CLK         ; 1.000        ; -0.080     ; 3.478      ;
; -2.561 ; clk_divider:inst5|cnt[2]  ; clk_divider:inst5|cnt[24] ; CLK          ; CLK         ; 1.000        ; -0.080     ; 3.478      ;
; -2.561 ; clk_divider:inst5|cnt[3]  ; clk_divider:inst5|cnt[21] ; CLK          ; CLK         ; 1.000        ; -0.079     ; 3.479      ;
; -2.557 ; clk_divider:inst5|cnt[23] ; clk_divider:inst5|cnt[6]  ; CLK          ; CLK         ; 1.000        ; -0.072     ; 3.482      ;
; -2.550 ; clk_divider:inst5|cnt[6]  ; clk_divider:inst5|cnt[6]  ; CLK          ; CLK         ; 1.000        ; -0.076     ; 3.471      ;
; -2.549 ; clk_divider:inst5|cnt[7]  ; clk_divider:inst5|cnt[22] ; CLK          ; CLK         ; 1.000        ; -0.079     ; 3.467      ;
; -2.540 ; clk_divider:inst5|cnt[1]  ; clk_divider:inst5|cnt[19] ; CLK          ; CLK         ; 1.000        ; -0.080     ; 3.457      ;
; -2.524 ; clk_divider:inst5|cnt[1]  ; clk_divider:inst5|cnt[20] ; CLK          ; CLK         ; 1.000        ; -0.080     ; 3.441      ;
; -2.520 ; clk_divider:inst5|cnt[5]  ; clk_divider:inst5|cnt[6]  ; CLK          ; CLK         ; 1.000        ; -0.076     ; 3.441      ;
; -2.518 ; clk_divider:inst5|cnt[5]  ; clk_divider:inst5|cnt[24] ; CLK          ; CLK         ; 1.000        ; -0.080     ; 3.435      ;
; -2.516 ; clk_divider:inst5|cnt[1]  ; clk_divider:inst5|cnt[12] ; CLK          ; CLK         ; 1.000        ; -0.079     ; 3.434      ;
; -2.508 ; clk_divider:inst5|cnt[0]  ; clk_divider:inst5|cnt[16] ; CLK          ; CLK         ; 1.000        ; -0.079     ; 3.426      ;
; -2.495 ; clk_divider:inst5|cnt[2]  ; clk_divider:inst5|cnt[18] ; CLK          ; CLK         ; 1.000        ; -0.079     ; 3.413      ;
; -2.493 ; clk_divider:inst5|cnt[24] ; clk_divider:inst5|cnt[6]  ; CLK          ; CLK         ; 1.000        ; -0.072     ; 3.418      ;
; -2.475 ; clk_divider:inst5|cnt[3]  ; clk_divider:inst5|cnt[19] ; CLK          ; CLK         ; 1.000        ; -0.080     ; 3.392      ;
; -2.466 ; clk_divider:inst5|cnt[3]  ; clk_divider:inst5|cnt[16] ; CLK          ; CLK         ; 1.000        ; -0.079     ; 3.384      ;
; -2.465 ; clk_divider:inst5|cnt[6]  ; clk_divider:inst5|cnt[22] ; CLK          ; CLK         ; 1.000        ; -0.079     ; 3.383      ;
; -2.452 ; clk_divider:inst5|cnt[5]  ; clk_divider:inst5|cnt[18] ; CLK          ; CLK         ; 1.000        ; -0.079     ; 3.370      ;
; -2.437 ; clk_divider:inst5|cnt[15] ; clk_divider:inst5|cnt[6]  ; CLK          ; CLK         ; 1.000        ; -0.072     ; 3.362      ;
; -2.433 ; clk_divider:inst5|cnt[0]  ; clk_divider:inst5|cnt[20] ; CLK          ; CLK         ; 1.000        ; -0.080     ; 3.350      ;
; -2.432 ; clk_divider:inst5|cnt[3]  ; clk_divider:inst5|cnt[11] ; CLK          ; CLK         ; 1.000        ; -0.076     ; 3.353      ;
; -2.432 ; clk_divider:inst5|cnt[4]  ; clk_divider:inst5|cnt[21] ; CLK          ; CLK         ; 1.000        ; -0.079     ; 3.350      ;
; -2.425 ; clk_divider:inst5|cnt[0]  ; clk_divider:inst5|cnt[12] ; CLK          ; CLK         ; 1.000        ; -0.079     ; 3.343      ;
; -2.422 ; clk_divider:inst5|cnt[4]  ; clk_divider:inst5|cnt[24] ; CLK          ; CLK         ; 1.000        ; -0.080     ; 3.339      ;
; -2.420 ; clk_divider:inst5|cnt[9]  ; clk_divider:inst5|cnt[22] ; CLK          ; CLK         ; 1.000        ; -0.079     ; 3.338      ;
; -2.420 ; clk_divider:inst5|cnt[17] ; clk_divider:inst5|cnt[6]  ; CLK          ; CLK         ; 1.000        ; -0.072     ; 3.345      ;
; -2.418 ; clk_divider:inst5|cnt[16] ; clk_divider:inst5|cnt[6]  ; CLK          ; CLK         ; 1.000        ; -0.073     ; 3.342      ;
; -2.410 ; clk_divider:inst5|cnt[5]  ; clk_divider:inst5|cnt[21] ; CLK          ; CLK         ; 1.000        ; -0.079     ; 3.328      ;
; -2.405 ; clk_divider:inst5|cnt[13] ; clk_divider:inst5|cnt[6]  ; CLK          ; CLK         ; 1.000        ; -0.073     ; 3.329      ;
; -2.402 ; clk_divider:inst5|cnt[2]  ; clk_divider:inst5|cnt[19] ; CLK          ; CLK         ; 1.000        ; -0.080     ; 3.319      ;
; -2.391 ; clk_divider:inst5|cnt[3]  ; clk_divider:inst5|cnt[20] ; CLK          ; CLK         ; 1.000        ; -0.080     ; 3.308      ;
; -2.383 ; clk_divider:inst5|cnt[3]  ; clk_divider:inst5|cnt[12] ; CLK          ; CLK         ; 1.000        ; -0.079     ; 3.301      ;
; -2.381 ; clk_divider:inst5|cnt[21] ; clk_divider:inst5|cnt[6]  ; CLK          ; CLK         ; 1.000        ; -0.073     ; 3.305      ;
; -2.377 ; clk_divider:inst5|cnt[22] ; clk_divider:inst5|cnt[6]  ; CLK          ; CLK         ; 1.000        ; -0.073     ; 3.301      ;
; -2.369 ; clk_divider:inst5|cnt[7]  ; clk_divider:inst5|cnt[24] ; CLK          ; CLK         ; 1.000        ; -0.080     ; 3.286      ;
; -2.369 ; clk_divider:inst5|cnt[10] ; clk_divider:inst5|cnt[19] ; CLK          ; CLK         ; 1.000        ; -0.080     ; 3.286      ;
; -2.365 ; clk_divider:inst5|cnt[18] ; clk_divider:inst5|cnt[6]  ; CLK          ; CLK         ; 1.000        ; -0.073     ; 3.289      ;
; -2.358 ; clk_divider:inst5|cnt[2]  ; clk_divider:inst5|cnt[16] ; CLK          ; CLK         ; 1.000        ; -0.079     ; 3.276      ;
; -2.356 ; clk_divider:inst5|cnt[4]  ; clk_divider:inst5|cnt[18] ; CLK          ; CLK         ; 1.000        ; -0.079     ; 3.274      ;
; -2.337 ; clk_divider:inst5|cnt[10] ; clk_divider:inst5|cnt[11] ; CLK          ; CLK         ; 1.000        ; -0.076     ; 3.258      ;
; -2.334 ; clk_divider:inst5|cnt[9]  ; clk_divider:inst5|cnt[19] ; CLK          ; CLK         ; 1.000        ; -0.080     ; 3.251      ;
; -2.330 ; clk_divider:inst5|cnt[20] ; clk_divider:inst5|cnt[6]  ; CLK          ; CLK         ; 1.000        ; -0.072     ; 3.255      ;
; -2.328 ; clk_divider:inst5|cnt[7]  ; clk_divider:inst5|cnt[6]  ; CLK          ; CLK         ; 1.000        ; -0.076     ; 3.249      ;
; -2.318 ; clk_divider:inst5|cnt[8]  ; clk_divider:inst5|cnt[22] ; CLK          ; CLK         ; 1.000        ; -0.079     ; 3.236      ;
; -2.318 ; clk_divider:inst5|cnt[19] ; clk_divider:inst5|cnt[6]  ; CLK          ; CLK         ; 1.000        ; -0.072     ; 3.243      ;
; -2.316 ; clk_divider:inst5|cnt[4]  ; clk_divider:inst5|cnt[19] ; CLK          ; CLK         ; 1.000        ; -0.080     ; 3.233      ;
; -2.315 ; clk_divider:inst5|cnt[5]  ; clk_divider:inst5|cnt[16] ; CLK          ; CLK         ; 1.000        ; -0.079     ; 3.233      ;
; -2.311 ; clk_divider:inst5|cnt[1]  ; clk_divider:inst5|cnt[11] ; CLK          ; CLK         ; 1.000        ; -0.076     ; 3.232      ;
; -2.309 ; clk_divider:inst5|cnt[0]  ; clk_divider:inst5|cnt[23] ; CLK          ; CLK         ; 1.000        ; -0.080     ; 3.226      ;
; -2.308 ; clk_divider:inst5|cnt[23] ; clk_divider:inst5|cnt[19] ; CLK          ; CLK         ; 1.000        ; -0.076     ; 3.229      ;
; -2.303 ; clk_divider:inst5|cnt[7]  ; clk_divider:inst5|cnt[18] ; CLK          ; CLK         ; 1.000        ; -0.079     ; 3.221      ;
; -2.302 ; clk_divider:inst5|cnt[9]  ; clk_divider:inst5|cnt[11] ; CLK          ; CLK         ; 1.000        ; -0.076     ; 3.223      ;
; -2.297 ; clk_divider:inst5|cnt[1]  ; clk_divider:inst5|cnt[14] ; CLK          ; CLK         ; 1.000        ; -0.079     ; 3.215      ;
; -2.292 ; clk_divider:inst5|cnt[11] ; clk_divider:inst5|cnt[22] ; CLK          ; CLK         ; 1.000        ; -0.079     ; 3.210      ;
+--------+---------------------------+---------------------------+--------------+-------------+--------------+------------+------------+


+---------------------------------------------------------------------------------------------------------------------------------------+
; Slow 1200mV 125C Model Setup: 'clk_divider:inst5|clk_out'                                                                             ;
+--------+--------------+--------------+---------------------------+---------------------------+--------------+------------+------------+
; Slack  ; From Node    ; To Node      ; Launch Clock              ; Latch Clock               ; Relationship ; Clock Skew ; Data Delay ;
+--------+--------------+--------------+---------------------------+---------------------------+--------------+------------+------------+
; -0.257 ; 74160:inst|6 ; 74160:inst|8 ; clk_divider:inst5|clk_out ; clk_divider:inst5|clk_out ; 1.000        ; -0.075     ; 1.179      ;
; -0.227 ; 74160:inst|9 ; 74160:inst|7 ; clk_divider:inst5|clk_out ; clk_divider:inst5|clk_out ; 1.000        ; -0.075     ; 1.149      ;
; -0.221 ; 74160:inst|7 ; 74160:inst|9 ; clk_divider:inst5|clk_out ; clk_divider:inst5|clk_out ; 1.000        ; -0.075     ; 1.143      ;
; -0.204 ; 74160:inst|8 ; 74160:inst|9 ; clk_divider:inst5|clk_out ; clk_divider:inst5|clk_out ; 1.000        ; -0.075     ; 1.126      ;
; 0.029  ; 74160:inst|6 ; 74160:inst|9 ; clk_divider:inst5|clk_out ; clk_divider:inst5|clk_out ; 1.000        ; -0.075     ; 0.893      ;
; 0.031  ; 74160:inst|6 ; 74160:inst|7 ; clk_divider:inst5|clk_out ; clk_divider:inst5|clk_out ; 1.000        ; -0.075     ; 0.891      ;
; 0.065  ; 74160:inst|7 ; 74160:inst|8 ; clk_divider:inst5|clk_out ; clk_divider:inst5|clk_out ; 1.000        ; -0.075     ; 0.857      ;
; 0.128  ; 74160:inst|6 ; 74160:inst|6 ; clk_divider:inst5|clk_out ; clk_divider:inst5|clk_out ; 1.000        ; -0.075     ; 0.794      ;
; 0.128  ; 74160:inst|8 ; 74160:inst|8 ; clk_divider:inst5|clk_out ; clk_divider:inst5|clk_out ; 1.000        ; -0.075     ; 0.794      ;
; 0.128  ; 74160:inst|7 ; 74160:inst|7 ; clk_divider:inst5|clk_out ; clk_divider:inst5|clk_out ; 1.000        ; -0.075     ; 0.794      ;
; 0.159  ; 74160:inst|9 ; 74160:inst|9 ; clk_divider:inst5|clk_out ; clk_divider:inst5|clk_out ; 1.000        ; -0.075     ; 0.763      ;
+--------+--------------+--------------+---------------------------+---------------------------+--------------+------------+------------+


+--------------------------------------------------------------------------------------------------------------------------------------+
; Slow 1200mV 125C Model Hold: 'clk_divider:inst5|clk_out'                                                                             ;
+-------+--------------+--------------+---------------------------+---------------------------+--------------+------------+------------+
; Slack ; From Node    ; To Node      ; Launch Clock              ; Latch Clock               ; Relationship ; Clock Skew ; Data Delay ;
+-------+--------------+--------------+---------------------------+---------------------------+--------------+------------+------------+
; 0.428 ; 74160:inst|7 ; 74160:inst|7 ; clk_divider:inst5|clk_out ; clk_divider:inst5|clk_out ; 0.000        ; 0.075      ; 0.692      ;
; 0.428 ; 74160:inst|9 ; 74160:inst|9 ; clk_divider:inst5|clk_out ; clk_divider:inst5|clk_out ; 0.000        ; 0.075      ; 0.692      ;
; 0.428 ; 74160:inst|8 ; 74160:inst|8 ; clk_divider:inst5|clk_out ; clk_divider:inst5|clk_out ; 0.000        ; 0.075      ; 0.692      ;
; 0.429 ; 74160:inst|6 ; 74160:inst|6 ; clk_divider:inst5|clk_out ; clk_divider:inst5|clk_out ; 0.000        ; 0.075      ; 0.693      ;
; 0.471 ; 74160:inst|7 ; 74160:inst|8 ; clk_divider:inst5|clk_out ; clk_divider:inst5|clk_out ; 0.000        ; 0.075      ; 0.735      ;
; 0.502 ; 74160:inst|6 ; 74160:inst|7 ; clk_divider:inst5|clk_out ; clk_divider:inst5|clk_out ; 0.000        ; 0.075      ; 0.766      ;
; 0.502 ; 74160:inst|6 ; 74160:inst|9 ; clk_divider:inst5|clk_out ; clk_divider:inst5|clk_out ; 0.000        ; 0.075      ; 0.766      ;
; 0.684 ; 74160:inst|8 ; 74160:inst|9 ; clk_divider:inst5|clk_out ; clk_divider:inst5|clk_out ; 0.000        ; 0.075      ; 0.948      ;
; 0.691 ; 74160:inst|7 ; 74160:inst|9 ; clk_divider:inst5|clk_out ; clk_divider:inst5|clk_out ; 0.000        ; 0.075      ; 0.955      ;
; 0.695 ; 74160:inst|9 ; 74160:inst|7 ; clk_divider:inst5|clk_out ; clk_divider:inst5|clk_out ; 0.000        ; 0.075      ; 0.959      ;
; 0.723 ; 74160:inst|6 ; 74160:inst|8 ; clk_divider:inst5|clk_out ; clk_divider:inst5|clk_out ; 0.000        ; 0.075      ; 0.987      ;
+-------+--------------+--------------+---------------------------+---------------------------+--------------+------------+------------+


+--------------------------------------------------------------------------------------------------------------------------------------------------+
; Slow 1200mV 125C Model Hold: 'CLK'                                                                                                               ;
+-------+---------------------------+---------------------------+---------------------------+-------------+--------------+------------+------------+
; Slack ; From Node                 ; To Node                   ; Launch Clock              ; Latch Clock ; Relationship ; Clock Skew ; Data Delay ;
+-------+---------------------------+---------------------------+---------------------------+-------------+--------------+------------+------------+
; 0.662 ; clk_divider:inst5|cnt[7]  ; clk_divider:inst5|cnt[7]  ; CLK                       ; CLK         ; 0.000        ; 0.076      ; 0.927      ;
; 0.664 ; clk_divider:inst5|cnt[5]  ; clk_divider:inst5|cnt[5]  ; CLK                       ; CLK         ; 0.000        ; 0.076      ; 0.929      ;
; 0.665 ; clk_divider:inst5|cnt[2]  ; clk_divider:inst5|cnt[2]  ; CLK                       ; CLK         ; 0.000        ; 0.076      ; 0.930      ;
; 0.666 ; clk_divider:inst5|cnt[8]  ; clk_divider:inst5|cnt[8]  ; CLK                       ; CLK         ; 0.000        ; 0.076      ; 0.931      ;
; 0.668 ; clk_divider:inst5|cnt[4]  ; clk_divider:inst5|cnt[4]  ; CLK                       ; CLK         ; 0.000        ; 0.076      ; 0.933      ;
; 0.677 ; clk_divider:inst5|cnt[15] ; clk_divider:inst5|cnt[15] ; CLK                       ; CLK         ; 0.000        ; 0.076      ; 0.942      ;
; 0.677 ; clk_divider:inst5|cnt[9]  ; clk_divider:inst5|cnt[9]  ; CLK                       ; CLK         ; 0.000        ; 0.076      ; 0.942      ;
; 0.678 ; clk_divider:inst5|cnt[23] ; clk_divider:inst5|cnt[23] ; CLK                       ; CLK         ; 0.000        ; 0.076      ; 0.943      ;
; 0.678 ; clk_divider:inst5|cnt[17] ; clk_divider:inst5|cnt[17] ; CLK                       ; CLK         ; 0.000        ; 0.076      ; 0.943      ;
; 0.678 ; clk_divider:inst5|cnt[1]  ; clk_divider:inst5|cnt[1]  ; CLK                       ; CLK         ; 0.000        ; 0.076      ; 0.943      ;
; 0.679 ; clk_divider:inst5|cnt[3]  ; clk_divider:inst5|cnt[3]  ; CLK                       ; CLK         ; 0.000        ; 0.076      ; 0.944      ;
; 0.681 ; clk_divider:inst5|cnt[10] ; clk_divider:inst5|cnt[10] ; CLK                       ; CLK         ; 0.000        ; 0.076      ; 0.946      ;
; 0.707 ; clk_divider:inst5|cnt[0]  ; clk_divider:inst5|cnt[0]  ; CLK                       ; CLK         ; 0.000        ; 0.076      ; 0.972      ;
; 0.989 ; clk_divider:inst5|cnt[7]  ; clk_divider:inst5|cnt[8]  ; CLK                       ; CLK         ; 0.000        ; 0.076      ; 1.254      ;
; 1.004 ; clk_divider:inst5|cnt[9]  ; clk_divider:inst5|cnt[10] ; CLK                       ; CLK         ; 0.000        ; 0.076      ; 1.269      ;
; 1.005 ; clk_divider:inst5|cnt[1]  ; clk_divider:inst5|cnt[2]  ; CLK                       ; CLK         ; 0.000        ; 0.076      ; 1.270      ;
; 1.007 ; clk_divider:inst5|cnt[3]  ; clk_divider:inst5|cnt[4]  ; CLK                       ; CLK         ; 0.000        ; 0.076      ; 1.272      ;
; 1.008 ; clk_divider:inst5|cnt[2]  ; clk_divider:inst5|cnt[3]  ; CLK                       ; CLK         ; 0.000        ; 0.076      ; 1.273      ;
; 1.009 ; clk_divider:inst5|cnt[6]  ; clk_divider:inst5|cnt[7]  ; CLK                       ; CLK         ; 0.000        ; 0.076      ; 1.274      ;
; 1.009 ; clk_divider:inst5|cnt[2]  ; clk_divider:inst5|cnt[4]  ; CLK                       ; CLK         ; 0.000        ; 0.076      ; 1.274      ;
; 1.010 ; clk_divider:inst5|cnt[6]  ; clk_divider:inst5|cnt[8]  ; CLK                       ; CLK         ; 0.000        ; 0.076      ; 1.275      ;
; 1.013 ; clk_divider:inst5|cnt[8]  ; clk_divider:inst5|cnt[9]  ; CLK                       ; CLK         ; 0.000        ; 0.076      ; 1.278      ;
; 1.014 ; clk_divider:inst5|cnt[8]  ; clk_divider:inst5|cnt[10] ; CLK                       ; CLK         ; 0.000        ; 0.076      ; 1.279      ;
; 1.015 ; clk_divider:inst5|cnt[4]  ; clk_divider:inst5|cnt[5]  ; CLK                       ; CLK         ; 0.000        ; 0.076      ; 1.280      ;
; 1.018 ; clk_divider:inst5|cnt[6]  ; clk_divider:inst5|cnt[6]  ; CLK                       ; CLK         ; 0.000        ; 0.076      ; 1.283      ;
; 1.026 ; clk_divider:inst5|clk_out ; clk_divider:inst5|clk_out ; clk_divider:inst5|clk_out ; CLK         ; 0.000        ; 2.722      ; 4.204      ;
; 1.028 ; clk_divider:inst5|cnt[0]  ; clk_divider:inst5|cnt[1]  ; CLK                       ; CLK         ; 0.000        ; 0.076      ; 1.293      ;
; 1.029 ; clk_divider:inst5|cnt[0]  ; clk_divider:inst5|cnt[2]  ; CLK                       ; CLK         ; 0.000        ; 0.076      ; 1.294      ;
; 1.030 ; clk_divider:inst5|cnt[24] ; clk_divider:inst5|cnt[24] ; CLK                       ; CLK         ; 0.000        ; 0.076      ; 1.295      ;
; 1.034 ; clk_divider:inst5|cnt[20] ; clk_divider:inst5|cnt[20] ; CLK                       ; CLK         ; 0.000        ; 0.076      ; 1.299      ;
; 1.122 ; clk_divider:inst5|cnt[7]  ; clk_divider:inst5|cnt[9]  ; CLK                       ; CLK         ; 0.000        ; 0.076      ; 1.387      ;
; 1.123 ; clk_divider:inst5|cnt[7]  ; clk_divider:inst5|cnt[10] ; CLK                       ; CLK         ; 0.000        ; 0.076      ; 1.388      ;
; 1.125 ; clk_divider:inst5|cnt[5]  ; clk_divider:inst5|cnt[7]  ; CLK                       ; CLK         ; 0.000        ; 0.076      ; 1.390      ;
; 1.126 ; clk_divider:inst5|cnt[5]  ; clk_divider:inst5|cnt[8]  ; CLK                       ; CLK         ; 0.000        ; 0.076      ; 1.391      ;
; 1.137 ; clk_divider:inst5|cnt[15] ; clk_divider:inst5|cnt[17] ; CLK                       ; CLK         ; 0.000        ; 0.076      ; 1.402      ;
; 1.138 ; clk_divider:inst5|cnt[1]  ; clk_divider:inst5|cnt[3]  ; CLK                       ; CLK         ; 0.000        ; 0.076      ; 1.403      ;
; 1.139 ; clk_divider:inst5|cnt[1]  ; clk_divider:inst5|cnt[4]  ; CLK                       ; CLK         ; 0.000        ; 0.076      ; 1.404      ;
; 1.140 ; clk_divider:inst5|cnt[3]  ; clk_divider:inst5|cnt[5]  ; CLK                       ; CLK         ; 0.000        ; 0.076      ; 1.405      ;
; 1.142 ; clk_divider:inst5|cnt[2]  ; clk_divider:inst5|cnt[5]  ; CLK                       ; CLK         ; 0.000        ; 0.076      ; 1.407      ;
; 1.143 ; clk_divider:inst5|cnt[6]  ; clk_divider:inst5|cnt[9]  ; CLK                       ; CLK         ; 0.000        ; 0.076      ; 1.408      ;
; 1.144 ; clk_divider:inst5|cnt[6]  ; clk_divider:inst5|cnt[10] ; CLK                       ; CLK         ; 0.000        ; 0.076      ; 1.409      ;
; 1.149 ; clk_divider:inst5|cnt[4]  ; clk_divider:inst5|cnt[7]  ; CLK                       ; CLK         ; 0.000        ; 0.076      ; 1.414      ;
; 1.150 ; clk_divider:inst5|cnt[4]  ; clk_divider:inst5|cnt[8]  ; CLK                       ; CLK         ; 0.000        ; 0.076      ; 1.415      ;
; 1.156 ; clk_divider:inst5|cnt[19] ; clk_divider:inst5|cnt[19] ; CLK                       ; CLK         ; 0.000        ; 0.076      ; 1.421      ;
; 1.162 ; clk_divider:inst5|cnt[0]  ; clk_divider:inst5|cnt[3]  ; CLK                       ; CLK         ; 0.000        ; 0.076      ; 1.427      ;
; 1.163 ; clk_divider:inst5|cnt[0]  ; clk_divider:inst5|cnt[4]  ; CLK                       ; CLK         ; 0.000        ; 0.076      ; 1.428      ;
; 1.164 ; clk_divider:inst5|cnt[11] ; clk_divider:inst5|cnt[11] ; CLK                       ; CLK         ; 0.000        ; 0.076      ; 1.429      ;
; 1.164 ; clk_divider:inst5|cnt[20] ; clk_divider:inst5|cnt[23] ; CLK                       ; CLK         ; 0.000        ; 0.076      ; 1.429      ;
; 1.183 ; clk_divider:inst5|cnt[16] ; clk_divider:inst5|cnt[17] ; CLK                       ; CLK         ; 0.000        ; 0.075      ; 1.447      ;
; 1.185 ; clk_divider:inst5|cnt[14] ; clk_divider:inst5|cnt[15] ; CLK                       ; CLK         ; 0.000        ; 0.075      ; 1.449      ;
; 1.190 ; clk_divider:inst5|cnt[22] ; clk_divider:inst5|cnt[23] ; CLK                       ; CLK         ; 0.000        ; 0.075      ; 1.454      ;
; 1.259 ; clk_divider:inst5|cnt[5]  ; clk_divider:inst5|cnt[9]  ; CLK                       ; CLK         ; 0.000        ; 0.076      ; 1.524      ;
; 1.260 ; clk_divider:inst5|cnt[5]  ; clk_divider:inst5|cnt[10] ; CLK                       ; CLK         ; 0.000        ; 0.076      ; 1.525      ;
; 1.272 ; clk_divider:inst5|cnt[1]  ; clk_divider:inst5|cnt[5]  ; CLK                       ; CLK         ; 0.000        ; 0.076      ; 1.537      ;
; 1.273 ; clk_divider:inst5|cnt[19] ; clk_divider:inst5|cnt[23] ; CLK                       ; CLK         ; 0.000        ; 0.076      ; 1.538      ;
; 1.274 ; clk_divider:inst5|cnt[3]  ; clk_divider:inst5|cnt[7]  ; CLK                       ; CLK         ; 0.000        ; 0.076      ; 1.539      ;
; 1.275 ; clk_divider:inst5|cnt[3]  ; clk_divider:inst5|cnt[8]  ; CLK                       ; CLK         ; 0.000        ; 0.076      ; 1.540      ;
; 1.276 ; clk_divider:inst5|cnt[2]  ; clk_divider:inst5|cnt[7]  ; CLK                       ; CLK         ; 0.000        ; 0.076      ; 1.541      ;
; 1.277 ; clk_divider:inst5|cnt[2]  ; clk_divider:inst5|cnt[8]  ; CLK                       ; CLK         ; 0.000        ; 0.076      ; 1.542      ;
; 1.281 ; clk_divider:inst5|cnt[11] ; clk_divider:inst5|cnt[15] ; CLK                       ; CLK         ; 0.000        ; 0.072      ; 1.542      ;
; 1.283 ; clk_divider:inst5|cnt[4]  ; clk_divider:inst5|cnt[9]  ; CLK                       ; CLK         ; 0.000        ; 0.076      ; 1.548      ;
; 1.284 ; clk_divider:inst5|cnt[4]  ; clk_divider:inst5|cnt[10] ; CLK                       ; CLK         ; 0.000        ; 0.076      ; 1.549      ;
; 1.290 ; clk_divider:inst5|cnt[13] ; clk_divider:inst5|cnt[15] ; CLK                       ; CLK         ; 0.000        ; 0.075      ; 1.554      ;
; 1.296 ; clk_divider:inst5|cnt[0]  ; clk_divider:inst5|cnt[5]  ; CLK                       ; CLK         ; 0.000        ; 0.076      ; 1.561      ;
; 1.300 ; clk_divider:inst5|cnt[21] ; clk_divider:inst5|cnt[23] ; CLK                       ; CLK         ; 0.000        ; 0.075      ; 1.564      ;
; 1.300 ; clk_divider:inst5|cnt[10] ; clk_divider:inst5|cnt[15] ; CLK                       ; CLK         ; 0.000        ; 0.072      ; 1.561      ;
; 1.319 ; clk_divider:inst5|cnt[14] ; clk_divider:inst5|cnt[17] ; CLK                       ; CLK         ; 0.000        ; 0.075      ; 1.583      ;
; 1.344 ; clk_divider:inst5|cnt[5]  ; clk_divider:inst5|cnt[6]  ; CLK                       ; CLK         ; 0.000        ; 0.076      ; 1.609      ;
; 1.354 ; clk_divider:inst5|cnt[12] ; clk_divider:inst5|cnt[15] ; CLK                       ; CLK         ; 0.000        ; 0.075      ; 1.618      ;
; 1.355 ; clk_divider:inst5|cnt[23] ; clk_divider:inst5|cnt[24] ; CLK                       ; CLK         ; 0.000        ; 0.076      ; 1.620      ;
; 1.357 ; clk_divider:inst5|cnt[19] ; clk_divider:inst5|cnt[20] ; CLK                       ; CLK         ; 0.000        ; 0.076      ; 1.622      ;
; 1.363 ; clk_divider:inst5|cnt[13] ; clk_divider:inst5|cnt[13] ; CLK                       ; CLK         ; 0.000        ; 0.076      ; 1.628      ;
; 1.368 ; clk_divider:inst5|cnt[4]  ; clk_divider:inst5|cnt[6]  ; CLK                       ; CLK         ; 0.000        ; 0.076      ; 1.633      ;
; 1.375 ; clk_divider:inst5|cnt[14] ; clk_divider:inst5|cnt[14] ; CLK                       ; CLK         ; 0.000        ; 0.076      ; 1.640      ;
; 1.380 ; clk_divider:inst5|cnt[21] ; clk_divider:inst5|cnt[21] ; CLK                       ; CLK         ; 0.000        ; 0.076      ; 1.645      ;
; 1.406 ; clk_divider:inst5|cnt[17] ; clk_divider:inst5|cnt[23] ; CLK                       ; CLK         ; 0.000        ; 0.076      ; 1.671      ;
; 1.406 ; clk_divider:inst5|cnt[1]  ; clk_divider:inst5|cnt[7]  ; CLK                       ; CLK         ; 0.000        ; 0.076      ; 1.671      ;
; 1.407 ; clk_divider:inst5|cnt[1]  ; clk_divider:inst5|cnt[8]  ; CLK                       ; CLK         ; 0.000        ; 0.076      ; 1.672      ;
; 1.408 ; clk_divider:inst5|cnt[3]  ; clk_divider:inst5|cnt[9]  ; CLK                       ; CLK         ; 0.000        ; 0.076      ; 1.673      ;
; 1.409 ; clk_divider:inst5|cnt[3]  ; clk_divider:inst5|cnt[10] ; CLK                       ; CLK         ; 0.000        ; 0.076      ; 1.674      ;
; 1.409 ; clk_divider:inst5|cnt[9]  ; clk_divider:inst5|cnt[15] ; CLK                       ; CLK         ; 0.000        ; 0.072      ; 1.670      ;
; 1.410 ; clk_divider:inst5|cnt[2]  ; clk_divider:inst5|cnt[9]  ; CLK                       ; CLK         ; 0.000        ; 0.076      ; 1.675      ;
; 1.411 ; clk_divider:inst5|cnt[2]  ; clk_divider:inst5|cnt[10] ; CLK                       ; CLK         ; 0.000        ; 0.076      ; 1.676      ;
; 1.415 ; clk_divider:inst5|cnt[11] ; clk_divider:inst5|cnt[17] ; CLK                       ; CLK         ; 0.000        ; 0.072      ; 1.676      ;
; 1.419 ; clk_divider:inst5|cnt[8]  ; clk_divider:inst5|cnt[15] ; CLK                       ; CLK         ; 0.000        ; 0.072      ; 1.680      ;
; 1.424 ; clk_divider:inst5|cnt[13] ; clk_divider:inst5|cnt[17] ; CLK                       ; CLK         ; 0.000        ; 0.075      ; 1.688      ;
; 1.426 ; clk_divider:inst5|cnt[18] ; clk_divider:inst5|cnt[23] ; CLK                       ; CLK         ; 0.000        ; 0.075      ; 1.690      ;
; 1.430 ; clk_divider:inst5|cnt[0]  ; clk_divider:inst5|cnt[7]  ; CLK                       ; CLK         ; 0.000        ; 0.076      ; 1.695      ;
; 1.431 ; clk_divider:inst5|cnt[0]  ; clk_divider:inst5|cnt[8]  ; CLK                       ; CLK         ; 0.000        ; 0.076      ; 1.696      ;
; 1.434 ; clk_divider:inst5|cnt[10] ; clk_divider:inst5|cnt[17] ; CLK                       ; CLK         ; 0.000        ; 0.072      ; 1.695      ;
; 1.482 ; clk_divider:inst5|cnt[22] ; clk_divider:inst5|cnt[22] ; CLK                       ; CLK         ; 0.000        ; 0.076      ; 1.747      ;
; 1.485 ; clk_divider:inst5|cnt[18] ; clk_divider:inst5|cnt[18] ; CLK                       ; CLK         ; 0.000        ; 0.076      ; 1.750      ;
; 1.488 ; clk_divider:inst5|cnt[12] ; clk_divider:inst5|cnt[17] ; CLK                       ; CLK         ; 0.000        ; 0.075      ; 1.752      ;
; 1.490 ; clk_divider:inst5|cnt[17] ; clk_divider:inst5|cnt[20] ; CLK                       ; CLK         ; 0.000        ; 0.076      ; 1.755      ;
; 1.493 ; clk_divider:inst5|cnt[3]  ; clk_divider:inst5|cnt[6]  ; CLK                       ; CLK         ; 0.000        ; 0.076      ; 1.758      ;
; 1.495 ; clk_divider:inst5|cnt[2]  ; clk_divider:inst5|cnt[6]  ; CLK                       ; CLK         ; 0.000        ; 0.076      ; 1.760      ;
; 1.509 ; clk_divider:inst5|cnt[16] ; clk_divider:inst5|cnt[16] ; CLK                       ; CLK         ; 0.000        ; 0.076      ; 1.774      ;
; 1.510 ; clk_divider:inst5|cnt[18] ; clk_divider:inst5|cnt[20] ; CLK                       ; CLK         ; 0.000        ; 0.075      ; 1.774      ;
; 1.511 ; clk_divider:inst5|cnt[10] ; clk_divider:inst5|cnt[11] ; CLK                       ; CLK         ; 0.000        ; 0.076      ; 1.776      ;
; 1.513 ; clk_divider:inst5|clk_out ; clk_divider:inst5|clk_out ; clk_divider:inst5|clk_out ; CLK         ; -0.500       ; 2.722      ; 4.191      ;
+-------+---------------------------+---------------------------+---------------------------+-------------+--------------+------------+------------+


------------------------------------------------
; Slow 1200mV 125C Model Metastability Summary ;
------------------------------------------------
No synchronizer chains to report.


+-----------------------------------------------------------------------------------------------------------+
; Slow 1200mV -40C Model Fmax Summary                                                                       ;
+------------+-----------------+---------------------------+------------------------------------------------+
; Fmax       ; Restricted Fmax ; Clock Name                ; Note                                           ;
+------------+-----------------+---------------------------+------------------------------------------------+
; 224.11 MHz ; 224.11 MHz      ; CLK                       ;                                                ;
; 950.57 MHz ; 437.64 MHz      ; clk_divider:inst5|clk_out ; limit due to minimum period restriction (tmin) ;
+------------+-----------------+---------------------------+------------------------------------------------+
This panel reports FMAX for every clock in the design, regardless of the user-specified clock periods.  FMAX is only computed for paths where the source and destination registers or ports are driven by the same clock.  Paths of different clocks, including generated clocks, are ignored.  For paths between a clock and its inversion, FMAX is computed as if the rising and falling edges are scaled along with FMAX, such that the duty cycle (in terms of a percentage) is maintained. Altera recommends that you always use clock constraints and other slack reports for sign-off analysis.


+----------------------------------------------------+
; Slow 1200mV -40C Model Setup Summary               ;
+---------------------------+--------+---------------+
; Clock                     ; Slack  ; End Point TNS ;
+---------------------------+--------+---------------+
; CLK                       ; -3.462 ; -38.851       ;
; clk_divider:inst5|clk_out ; -0.052 ; -0.088        ;
+---------------------------+--------+---------------+


+---------------------------------------------------+
; Slow 1200mV -40C Model Hold Summary               ;
+---------------------------+-------+---------------+
; Clock                     ; Slack ; End Point TNS ;
+---------------------------+-------+---------------+
; clk_divider:inst5|clk_out ; 0.344 ; 0.000         ;
; CLK                       ; 0.577 ; 0.000         ;
+---------------------------+-------+---------------+


-------------------------------------------
; Slow 1200mV -40C Model Recovery Summary ;
-------------------------------------------
No paths to report.


------------------------------------------
; Slow 1200mV -40C Model Removal Summary ;
------------------------------------------
No paths to report.


+----------------------------------------------------+
; Slow 1200mV -40C Model Minimum Pulse Width Summary ;
+---------------------------+--------+---------------+
; Clock                     ; Slack  ; End Point TNS ;
+---------------------------+--------+---------------+
; CLK                       ; -3.000 ; -36.410       ;
; clk_divider:inst5|clk_out ; -1.285 ; -5.140        ;
+---------------------------+--------+---------------+


+--------------------------------------------------------------------------------------------------------------------------------------+
; Slow 1200mV -40C Model Setup: 'CLK'                                                                                                  ;
+--------+---------------------------+---------------------------+--------------+-------------+--------------+------------+------------+
; Slack  ; From Node                 ; To Node                   ; Launch Clock ; Latch Clock ; Relationship ; Clock Skew ; Data Delay ;
+--------+---------------------------+---------------------------+--------------+-------------+--------------+------------+------------+
; -3.462 ; clk_divider:inst5|cnt[3]  ; clk_divider:inst5|clk_out ; CLK          ; CLK         ; 1.000        ; -0.067     ; 4.395      ;
; -3.387 ; clk_divider:inst5|cnt[1]  ; clk_divider:inst5|clk_out ; CLK          ; CLK         ; 1.000        ; -0.067     ; 4.320      ;
; -3.334 ; clk_divider:inst5|cnt[9]  ; clk_divider:inst5|clk_out ; CLK          ; CLK         ; 1.000        ; -0.067     ; 4.267      ;
; -3.326 ; clk_divider:inst5|cnt[10] ; clk_divider:inst5|clk_out ; CLK          ; CLK         ; 1.000        ; -0.067     ; 4.259      ;
; -3.288 ; clk_divider:inst5|cnt[4]  ; clk_divider:inst5|clk_out ; CLK          ; CLK         ; 1.000        ; -0.067     ; 4.221      ;
; -3.288 ; clk_divider:inst5|cnt[23] ; clk_divider:inst5|clk_out ; CLK          ; CLK         ; 1.000        ; -0.063     ; 4.225      ;
; -3.270 ; clk_divider:inst5|cnt[6]  ; clk_divider:inst5|clk_out ; CLK          ; CLK         ; 1.000        ; -0.067     ; 4.203      ;
; -3.231 ; clk_divider:inst5|cnt[24] ; clk_divider:inst5|clk_out ; CLK          ; CLK         ; 1.000        ; -0.063     ; 4.168      ;
; -3.211 ; clk_divider:inst5|cnt[5]  ; clk_divider:inst5|clk_out ; CLK          ; CLK         ; 1.000        ; -0.067     ; 4.144      ;
; -3.175 ; clk_divider:inst5|cnt[15] ; clk_divider:inst5|clk_out ; CLK          ; CLK         ; 1.000        ; -0.063     ; 4.112      ;
; -3.140 ; clk_divider:inst5|cnt[17] ; clk_divider:inst5|clk_out ; CLK          ; CLK         ; 1.000        ; -0.063     ; 4.077      ;
; -3.123 ; clk_divider:inst5|cnt[20] ; clk_divider:inst5|clk_out ; CLK          ; CLK         ; 1.000        ; -0.063     ; 4.060      ;
; -3.103 ; clk_divider:inst5|cnt[7]  ; clk_divider:inst5|clk_out ; CLK          ; CLK         ; 1.000        ; -0.067     ; 4.036      ;
; -3.102 ; clk_divider:inst5|cnt[16] ; clk_divider:inst5|clk_out ; CLK          ; CLK         ; 1.000        ; -0.064     ; 4.038      ;
; -3.096 ; clk_divider:inst5|cnt[18] ; clk_divider:inst5|clk_out ; CLK          ; CLK         ; 1.000        ; -0.064     ; 4.032      ;
; -3.095 ; clk_divider:inst5|cnt[2]  ; clk_divider:inst5|clk_out ; CLK          ; CLK         ; 1.000        ; -0.067     ; 4.028      ;
; -3.085 ; clk_divider:inst5|cnt[13] ; clk_divider:inst5|clk_out ; CLK          ; CLK         ; 1.000        ; -0.064     ; 4.021      ;
; -3.084 ; clk_divider:inst5|cnt[11] ; clk_divider:inst5|clk_out ; CLK          ; CLK         ; 1.000        ; -0.067     ; 4.017      ;
; -3.071 ; clk_divider:inst5|cnt[21] ; clk_divider:inst5|clk_out ; CLK          ; CLK         ; 1.000        ; -0.064     ; 4.007      ;
; -3.063 ; clk_divider:inst5|cnt[22] ; clk_divider:inst5|clk_out ; CLK          ; CLK         ; 1.000        ; -0.064     ; 3.999      ;
; -3.050 ; clk_divider:inst5|cnt[19] ; clk_divider:inst5|clk_out ; CLK          ; CLK         ; 1.000        ; -0.063     ; 3.987      ;
; -2.997 ; clk_divider:inst5|cnt[8]  ; clk_divider:inst5|clk_out ; CLK          ; CLK         ; 1.000        ; -0.067     ; 3.930      ;
; -2.967 ; clk_divider:inst5|cnt[14] ; clk_divider:inst5|clk_out ; CLK          ; CLK         ; 1.000        ; -0.064     ; 3.903      ;
; -2.883 ; clk_divider:inst5|cnt[0]  ; clk_divider:inst5|clk_out ; CLK          ; CLK         ; 1.000        ; -0.067     ; 3.816      ;
; -2.834 ; clk_divider:inst5|cnt[12] ; clk_divider:inst5|clk_out ; CLK          ; CLK         ; 1.000        ; -0.064     ; 3.770      ;
; -2.300 ; clk_divider:inst5|cnt[3]  ; clk_divider:inst5|cnt[6]  ; CLK          ; CLK         ; 1.000        ; -0.064     ; 3.236      ;
; -2.271 ; clk_divider:inst5|cnt[1]  ; clk_divider:inst5|cnt[22] ; CLK          ; CLK         ; 1.000        ; -0.067     ; 3.204      ;
; -2.225 ; clk_divider:inst5|cnt[1]  ; clk_divider:inst5|cnt[6]  ; CLK          ; CLK         ; 1.000        ; -0.064     ; 3.161      ;
; -2.197 ; clk_divider:inst5|cnt[0]  ; clk_divider:inst5|cnt[22] ; CLK          ; CLK         ; 1.000        ; -0.067     ; 3.130      ;
; -2.165 ; clk_divider:inst5|cnt[3]  ; clk_divider:inst5|cnt[22] ; CLK          ; CLK         ; 1.000        ; -0.067     ; 3.098      ;
; -2.164 ; clk_divider:inst5|cnt[10] ; clk_divider:inst5|cnt[6]  ; CLK          ; CLK         ; 1.000        ; -0.064     ; 3.100      ;
; -2.152 ; clk_divider:inst5|cnt[9]  ; clk_divider:inst5|cnt[6]  ; CLK          ; CLK         ; 1.000        ; -0.064     ; 3.088      ;
; -2.126 ; clk_divider:inst5|cnt[4]  ; clk_divider:inst5|cnt[6]  ; CLK          ; CLK         ; 1.000        ; -0.064     ; 3.062      ;
; -2.108 ; clk_divider:inst5|cnt[6]  ; clk_divider:inst5|cnt[6]  ; CLK          ; CLK         ; 1.000        ; -0.064     ; 3.044      ;
; -2.104 ; clk_divider:inst5|cnt[0]  ; clk_divider:inst5|cnt[21] ; CLK          ; CLK         ; 1.000        ; -0.067     ; 3.037      ;
; -2.096 ; clk_divider:inst5|cnt[1]  ; clk_divider:inst5|cnt[24] ; CLK          ; CLK         ; 1.000        ; -0.068     ; 3.028      ;
; -2.091 ; clk_divider:inst5|cnt[1]  ; clk_divider:inst5|cnt[18] ; CLK          ; CLK         ; 1.000        ; -0.067     ; 3.024      ;
; -2.083 ; clk_divider:inst5|cnt[2]  ; clk_divider:inst5|cnt[22] ; CLK          ; CLK         ; 1.000        ; -0.067     ; 3.016      ;
; -2.081 ; clk_divider:inst5|cnt[23] ; clk_divider:inst5|cnt[6]  ; CLK          ; CLK         ; 1.000        ; -0.060     ; 3.021      ;
; -2.069 ; clk_divider:inst5|cnt[24] ; clk_divider:inst5|cnt[6]  ; CLK          ; CLK         ; 1.000        ; -0.060     ; 3.009      ;
; -2.054 ; clk_divider:inst5|cnt[3]  ; clk_divider:inst5|cnt[19] ; CLK          ; CLK         ; 1.000        ; -0.068     ; 2.986      ;
; -2.049 ; clk_divider:inst5|cnt[5]  ; clk_divider:inst5|cnt[22] ; CLK          ; CLK         ; 1.000        ; -0.067     ; 2.982      ;
; -2.049 ; clk_divider:inst5|cnt[5]  ; clk_divider:inst5|cnt[6]  ; CLK          ; CLK         ; 1.000        ; -0.064     ; 2.985      ;
; -2.038 ; clk_divider:inst5|cnt[3]  ; clk_divider:inst5|cnt[11] ; CLK          ; CLK         ; 1.000        ; -0.064     ; 2.974      ;
; -2.022 ; clk_divider:inst5|cnt[0]  ; clk_divider:inst5|cnt[24] ; CLK          ; CLK         ; 1.000        ; -0.068     ; 2.954      ;
; -2.017 ; clk_divider:inst5|cnt[0]  ; clk_divider:inst5|cnt[18] ; CLK          ; CLK         ; 1.000        ; -0.067     ; 2.950      ;
; -2.011 ; clk_divider:inst5|cnt[1]  ; clk_divider:inst5|cnt[21] ; CLK          ; CLK         ; 1.000        ; -0.067     ; 2.944      ;
; -1.996 ; clk_divider:inst5|cnt[15] ; clk_divider:inst5|cnt[6]  ; CLK          ; CLK         ; 1.000        ; -0.060     ; 2.936      ;
; -1.990 ; clk_divider:inst5|cnt[3]  ; clk_divider:inst5|cnt[24] ; CLK          ; CLK         ; 1.000        ; -0.068     ; 2.922      ;
; -1.985 ; clk_divider:inst5|cnt[1]  ; clk_divider:inst5|cnt[16] ; CLK          ; CLK         ; 1.000        ; -0.067     ; 2.918      ;
; -1.985 ; clk_divider:inst5|cnt[3]  ; clk_divider:inst5|cnt[18] ; CLK          ; CLK         ; 1.000        ; -0.067     ; 2.918      ;
; -1.981 ; clk_divider:inst5|cnt[2]  ; clk_divider:inst5|cnt[21] ; CLK          ; CLK         ; 1.000        ; -0.067     ; 2.914      ;
; -1.979 ; clk_divider:inst5|cnt[1]  ; clk_divider:inst5|cnt[19] ; CLK          ; CLK         ; 1.000        ; -0.068     ; 2.911      ;
; -1.978 ; clk_divider:inst5|cnt[17] ; clk_divider:inst5|cnt[6]  ; CLK          ; CLK         ; 1.000        ; -0.060     ; 2.918      ;
; -1.971 ; clk_divider:inst5|cnt[4]  ; clk_divider:inst5|cnt[22] ; CLK          ; CLK         ; 1.000        ; -0.067     ; 2.904      ;
; -1.963 ; clk_divider:inst5|cnt[1]  ; clk_divider:inst5|cnt[12] ; CLK          ; CLK         ; 1.000        ; -0.067     ; 2.896      ;
; -1.963 ; clk_divider:inst5|cnt[1]  ; clk_divider:inst5|cnt[11] ; CLK          ; CLK         ; 1.000        ; -0.064     ; 2.899      ;
; -1.961 ; clk_divider:inst5|cnt[20] ; clk_divider:inst5|cnt[6]  ; CLK          ; CLK         ; 1.000        ; -0.060     ; 2.901      ;
; -1.941 ; clk_divider:inst5|cnt[7]  ; clk_divider:inst5|cnt[6]  ; CLK          ; CLK         ; 1.000        ; -0.064     ; 2.877      ;
; -1.938 ; clk_divider:inst5|cnt[7]  ; clk_divider:inst5|cnt[22] ; CLK          ; CLK         ; 1.000        ; -0.067     ; 2.871      ;
; -1.934 ; clk_divider:inst5|cnt[18] ; clk_divider:inst5|cnt[6]  ; CLK          ; CLK         ; 1.000        ; -0.061     ; 2.873      ;
; -1.933 ; clk_divider:inst5|cnt[2]  ; clk_divider:inst5|cnt[6]  ; CLK          ; CLK         ; 1.000        ; -0.064     ; 2.869      ;
; -1.929 ; clk_divider:inst5|cnt[3]  ; clk_divider:inst5|cnt[16] ; CLK          ; CLK         ; 1.000        ; -0.067     ; 2.862      ;
; -1.922 ; clk_divider:inst5|cnt[11] ; clk_divider:inst5|cnt[6]  ; CLK          ; CLK         ; 1.000        ; -0.064     ; 2.858      ;
; -1.921 ; clk_divider:inst5|cnt[3]  ; clk_divider:inst5|cnt[12] ; CLK          ; CLK         ; 1.000        ; -0.067     ; 2.854      ;
; -1.921 ; clk_divider:inst5|cnt[0]  ; clk_divider:inst5|cnt[19] ; CLK          ; CLK         ; 1.000        ; -0.068     ; 2.853      ;
; -1.918 ; clk_divider:inst5|cnt[10] ; clk_divider:inst5|cnt[19] ; CLK          ; CLK         ; 1.000        ; -0.068     ; 2.850      ;
; -1.911 ; clk_divider:inst5|cnt[0]  ; clk_divider:inst5|cnt[16] ; CLK          ; CLK         ; 1.000        ; -0.067     ; 2.844      ;
; -1.908 ; clk_divider:inst5|cnt[2]  ; clk_divider:inst5|cnt[24] ; CLK          ; CLK         ; 1.000        ; -0.068     ; 2.840      ;
; -1.906 ; clk_divider:inst5|cnt[9]  ; clk_divider:inst5|cnt[19] ; CLK          ; CLK         ; 1.000        ; -0.068     ; 2.838      ;
; -1.905 ; clk_divider:inst5|cnt[3]  ; clk_divider:inst5|cnt[21] ; CLK          ; CLK         ; 1.000        ; -0.067     ; 2.838      ;
; -1.903 ; clk_divider:inst5|cnt[2]  ; clk_divider:inst5|cnt[18] ; CLK          ; CLK         ; 1.000        ; -0.067     ; 2.836      ;
; -1.902 ; clk_divider:inst5|cnt[10] ; clk_divider:inst5|cnt[11] ; CLK          ; CLK         ; 1.000        ; -0.064     ; 2.838      ;
; -1.890 ; clk_divider:inst5|cnt[9]  ; clk_divider:inst5|cnt[11] ; CLK          ; CLK         ; 1.000        ; -0.064     ; 2.826      ;
; -1.889 ; clk_divider:inst5|cnt[0]  ; clk_divider:inst5|cnt[12] ; CLK          ; CLK         ; 1.000        ; -0.067     ; 2.822      ;
; -1.888 ; clk_divider:inst5|cnt[19] ; clk_divider:inst5|cnt[6]  ; CLK          ; CLK         ; 1.000        ; -0.060     ; 2.828      ;
; -1.882 ; clk_divider:inst5|cnt[1]  ; clk_divider:inst5|cnt[20] ; CLK          ; CLK         ; 1.000        ; -0.068     ; 2.814      ;
; -1.881 ; clk_divider:inst5|cnt[13] ; clk_divider:inst5|cnt[6]  ; CLK          ; CLK         ; 1.000        ; -0.061     ; 2.820      ;
; -1.880 ; clk_divider:inst5|cnt[4]  ; clk_divider:inst5|cnt[19] ; CLK          ; CLK         ; 1.000        ; -0.068     ; 2.812      ;
; -1.877 ; clk_divider:inst5|cnt[4]  ; clk_divider:inst5|cnt[21] ; CLK          ; CLK         ; 1.000        ; -0.067     ; 2.810      ;
; -1.876 ; clk_divider:inst5|cnt[16] ; clk_divider:inst5|cnt[6]  ; CLK          ; CLK         ; 1.000        ; -0.061     ; 2.815      ;
; -1.875 ; clk_divider:inst5|cnt[3]  ; clk_divider:inst5|cnt[20] ; CLK          ; CLK         ; 1.000        ; -0.068     ; 2.807      ;
; -1.874 ; clk_divider:inst5|cnt[5]  ; clk_divider:inst5|cnt[24] ; CLK          ; CLK         ; 1.000        ; -0.068     ; 2.806      ;
; -1.872 ; clk_divider:inst5|cnt[6]  ; clk_divider:inst5|cnt[22] ; CLK          ; CLK         ; 1.000        ; -0.067     ; 2.805      ;
; -1.869 ; clk_divider:inst5|cnt[5]  ; clk_divider:inst5|cnt[18] ; CLK          ; CLK         ; 1.000        ; -0.067     ; 2.802      ;
; -1.864 ; clk_divider:inst5|cnt[4]  ; clk_divider:inst5|cnt[11] ; CLK          ; CLK         ; 1.000        ; -0.064     ; 2.800      ;
; -1.862 ; clk_divider:inst5|cnt[6]  ; clk_divider:inst5|cnt[19] ; CLK          ; CLK         ; 1.000        ; -0.068     ; 2.794      ;
; -1.846 ; clk_divider:inst5|cnt[6]  ; clk_divider:inst5|cnt[11] ; CLK          ; CLK         ; 1.000        ; -0.064     ; 2.782      ;
; -1.839 ; clk_divider:inst5|cnt[9]  ; clk_divider:inst5|cnt[22] ; CLK          ; CLK         ; 1.000        ; -0.067     ; 2.772      ;
; -1.838 ; clk_divider:inst5|cnt[22] ; clk_divider:inst5|cnt[6]  ; CLK          ; CLK         ; 1.000        ; -0.061     ; 2.777      ;
; -1.835 ; clk_divider:inst5|cnt[8]  ; clk_divider:inst5|cnt[6]  ; CLK          ; CLK         ; 1.000        ; -0.064     ; 2.771      ;
; -1.835 ; clk_divider:inst5|cnt[23] ; clk_divider:inst5|cnt[19] ; CLK          ; CLK         ; 1.000        ; -0.064     ; 2.771      ;
; -1.833 ; clk_divider:inst5|cnt[21] ; clk_divider:inst5|cnt[6]  ; CLK          ; CLK         ; 1.000        ; -0.061     ; 2.772      ;
; -1.823 ; clk_divider:inst5|cnt[24] ; clk_divider:inst5|cnt[19] ; CLK          ; CLK         ; 1.000        ; -0.064     ; 2.759      ;
; -1.819 ; clk_divider:inst5|cnt[23] ; clk_divider:inst5|cnt[11] ; CLK          ; CLK         ; 1.000        ; -0.060     ; 2.759      ;
; -1.808 ; clk_divider:inst5|cnt[0]  ; clk_divider:inst5|cnt[20] ; CLK          ; CLK         ; 1.000        ; -0.068     ; 2.740      ;
; -1.807 ; clk_divider:inst5|cnt[24] ; clk_divider:inst5|cnt[11] ; CLK          ; CLK         ; 1.000        ; -0.060     ; 2.747      ;
; -1.803 ; clk_divider:inst5|cnt[5]  ; clk_divider:inst5|cnt[19] ; CLK          ; CLK         ; 1.000        ; -0.068     ; 2.735      ;
; -1.798 ; clk_divider:inst5|cnt[2]  ; clk_divider:inst5|cnt[19] ; CLK          ; CLK         ; 1.000        ; -0.068     ; 2.730      ;
; -1.797 ; clk_divider:inst5|cnt[2]  ; clk_divider:inst5|cnt[16] ; CLK          ; CLK         ; 1.000        ; -0.067     ; 2.730      ;
+--------+---------------------------+---------------------------+--------------+-------------+--------------+------------+------------+


+---------------------------------------------------------------------------------------------------------------------------------------+
; Slow 1200mV -40C Model Setup: 'clk_divider:inst5|clk_out'                                                                             ;
+--------+--------------+--------------+---------------------------+---------------------------+--------------+------------+------------+
; Slack  ; From Node    ; To Node      ; Launch Clock              ; Latch Clock               ; Relationship ; Clock Skew ; Data Delay ;
+--------+--------------+--------------+---------------------------+---------------------------+--------------+------------+------------+
; -0.052 ; 74160:inst|6 ; 74160:inst|8 ; clk_divider:inst5|clk_out ; clk_divider:inst5|clk_out ; 1.000        ; -0.062     ; 0.990      ;
; -0.025 ; 74160:inst|9 ; 74160:inst|7 ; clk_divider:inst5|clk_out ; clk_divider:inst5|clk_out ; 1.000        ; -0.062     ; 0.963      ;
; -0.011 ; 74160:inst|7 ; 74160:inst|9 ; clk_divider:inst5|clk_out ; clk_divider:inst5|clk_out ; 1.000        ; -0.062     ; 0.949      ;
; 0.006  ; 74160:inst|8 ; 74160:inst|9 ; clk_divider:inst5|clk_out ; clk_divider:inst5|clk_out ; 1.000        ; -0.062     ; 0.932      ;
; 0.176  ; 74160:inst|6 ; 74160:inst|9 ; clk_divider:inst5|clk_out ; clk_divider:inst5|clk_out ; 1.000        ; -0.062     ; 0.762      ;
; 0.178  ; 74160:inst|6 ; 74160:inst|7 ; clk_divider:inst5|clk_out ; clk_divider:inst5|clk_out ; 1.000        ; -0.062     ; 0.760      ;
; 0.206  ; 74160:inst|7 ; 74160:inst|8 ; clk_divider:inst5|clk_out ; clk_divider:inst5|clk_out ; 1.000        ; -0.062     ; 0.732      ;
; 0.276  ; 74160:inst|6 ; 74160:inst|6 ; clk_divider:inst5|clk_out ; clk_divider:inst5|clk_out ; 1.000        ; -0.062     ; 0.662      ;
; 0.276  ; 74160:inst|8 ; 74160:inst|8 ; clk_divider:inst5|clk_out ; clk_divider:inst5|clk_out ; 1.000        ; -0.062     ; 0.662      ;
; 0.276  ; 74160:inst|7 ; 74160:inst|7 ; clk_divider:inst5|clk_out ; clk_divider:inst5|clk_out ; 1.000        ; -0.062     ; 0.662      ;
; 0.300  ; 74160:inst|9 ; 74160:inst|9 ; clk_divider:inst5|clk_out ; clk_divider:inst5|clk_out ; 1.000        ; -0.062     ; 0.638      ;
+--------+--------------+--------------+---------------------------+---------------------------+--------------+------------+------------+


+--------------------------------------------------------------------------------------------------------------------------------------+
; Slow 1200mV -40C Model Hold: 'clk_divider:inst5|clk_out'                                                                             ;
+-------+--------------+--------------+---------------------------+---------------------------+--------------+------------+------------+
; Slack ; From Node    ; To Node      ; Launch Clock              ; Latch Clock               ; Relationship ; Clock Skew ; Data Delay ;
+-------+--------------+--------------+---------------------------+---------------------------+--------------+------------+------------+
; 0.344 ; 74160:inst|7 ; 74160:inst|7 ; clk_divider:inst5|clk_out ; clk_divider:inst5|clk_out ; 0.000        ; 0.062      ; 0.574      ;
; 0.344 ; 74160:inst|9 ; 74160:inst|9 ; clk_divider:inst5|clk_out ; clk_divider:inst5|clk_out ; 0.000        ; 0.062      ; 0.574      ;
; 0.344 ; 74160:inst|8 ; 74160:inst|8 ; clk_divider:inst5|clk_out ; clk_divider:inst5|clk_out ; 0.000        ; 0.062      ; 0.574      ;
; 0.358 ; 74160:inst|6 ; 74160:inst|6 ; clk_divider:inst5|clk_out ; clk_divider:inst5|clk_out ; 0.000        ; 0.062      ; 0.588      ;
; 0.406 ; 74160:inst|7 ; 74160:inst|8 ; clk_divider:inst5|clk_out ; clk_divider:inst5|clk_out ; 0.000        ; 0.062      ; 0.636      ;
; 0.430 ; 74160:inst|6 ; 74160:inst|7 ; clk_divider:inst5|clk_out ; clk_divider:inst5|clk_out ; 0.000        ; 0.062      ; 0.660      ;
; 0.431 ; 74160:inst|6 ; 74160:inst|9 ; clk_divider:inst5|clk_out ; clk_divider:inst5|clk_out ; 0.000        ; 0.062      ; 0.661      ;
; 0.598 ; 74160:inst|8 ; 74160:inst|9 ; clk_divider:inst5|clk_out ; clk_divider:inst5|clk_out ; 0.000        ; 0.062      ; 0.828      ;
; 0.601 ; 74160:inst|7 ; 74160:inst|9 ; clk_divider:inst5|clk_out ; clk_divider:inst5|clk_out ; 0.000        ; 0.062      ; 0.831      ;
; 0.607 ; 74160:inst|9 ; 74160:inst|7 ; clk_divider:inst5|clk_out ; clk_divider:inst5|clk_out ; 0.000        ; 0.062      ; 0.837      ;
; 0.626 ; 74160:inst|6 ; 74160:inst|8 ; clk_divider:inst5|clk_out ; clk_divider:inst5|clk_out ; 0.000        ; 0.062      ; 0.856      ;
+-------+--------------+--------------+---------------------------+---------------------------+--------------+------------+------------+


+--------------------------------------------------------------------------------------------------------------------------------------------------+
; Slow 1200mV -40C Model Hold: 'CLK'                                                                                                               ;
+-------+---------------------------+---------------------------+---------------------------+-------------+--------------+------------+------------+
; Slack ; From Node                 ; To Node                   ; Launch Clock              ; Latch Clock ; Relationship ; Clock Skew ; Data Delay ;
+-------+---------------------------+---------------------------+---------------------------+-------------+--------------+------------+------------+
; 0.577 ; clk_divider:inst5|cnt[7]  ; clk_divider:inst5|cnt[7]  ; CLK                       ; CLK         ; 0.000        ; 0.064      ; 0.809      ;
; 0.580 ; clk_divider:inst5|cnt[2]  ; clk_divider:inst5|cnt[2]  ; CLK                       ; CLK         ; 0.000        ; 0.064      ; 0.812      ;
; 0.581 ; clk_divider:inst5|cnt[8]  ; clk_divider:inst5|cnt[8]  ; CLK                       ; CLK         ; 0.000        ; 0.064      ; 0.813      ;
; 0.582 ; clk_divider:inst5|cnt[5]  ; clk_divider:inst5|cnt[5]  ; CLK                       ; CLK         ; 0.000        ; 0.064      ; 0.814      ;
; 0.584 ; clk_divider:inst5|cnt[4]  ; clk_divider:inst5|cnt[4]  ; CLK                       ; CLK         ; 0.000        ; 0.064      ; 0.816      ;
; 0.589 ; clk_divider:inst5|cnt[15] ; clk_divider:inst5|cnt[15] ; CLK                       ; CLK         ; 0.000        ; 0.064      ; 0.821      ;
; 0.589 ; clk_divider:inst5|cnt[9]  ; clk_divider:inst5|cnt[9]  ; CLK                       ; CLK         ; 0.000        ; 0.064      ; 0.821      ;
; 0.589 ; clk_divider:inst5|cnt[1]  ; clk_divider:inst5|cnt[1]  ; CLK                       ; CLK         ; 0.000        ; 0.064      ; 0.821      ;
; 0.590 ; clk_divider:inst5|cnt[23] ; clk_divider:inst5|cnt[23] ; CLK                       ; CLK         ; 0.000        ; 0.064      ; 0.822      ;
; 0.590 ; clk_divider:inst5|cnt[17] ; clk_divider:inst5|cnt[17] ; CLK                       ; CLK         ; 0.000        ; 0.064      ; 0.822      ;
; 0.593 ; clk_divider:inst5|cnt[3]  ; clk_divider:inst5|cnt[3]  ; CLK                       ; CLK         ; 0.000        ; 0.064      ; 0.825      ;
; 0.594 ; clk_divider:inst5|cnt[10] ; clk_divider:inst5|cnt[10] ; CLK                       ; CLK         ; 0.000        ; 0.064      ; 0.826      ;
; 0.613 ; clk_divider:inst5|cnt[0]  ; clk_divider:inst5|cnt[0]  ; CLK                       ; CLK         ; 0.000        ; 0.064      ; 0.845      ;
; 0.853 ; clk_divider:inst5|cnt[2]  ; clk_divider:inst5|cnt[3]  ; CLK                       ; CLK         ; 0.000        ; 0.064      ; 1.085      ;
; 0.854 ; clk_divider:inst5|cnt[7]  ; clk_divider:inst5|cnt[8]  ; CLK                       ; CLK         ; 0.000        ; 0.064      ; 1.086      ;
; 0.855 ; clk_divider:inst5|cnt[6]  ; clk_divider:inst5|cnt[7]  ; CLK                       ; CLK         ; 0.000        ; 0.064      ; 1.087      ;
; 0.857 ; clk_divider:inst5|cnt[8]  ; clk_divider:inst5|cnt[9]  ; CLK                       ; CLK         ; 0.000        ; 0.064      ; 1.089      ;
; 0.860 ; clk_divider:inst5|cnt[4]  ; clk_divider:inst5|cnt[5]  ; CLK                       ; CLK         ; 0.000        ; 0.064      ; 1.092      ;
; 0.866 ; clk_divider:inst5|cnt[1]  ; clk_divider:inst5|cnt[2]  ; CLK                       ; CLK         ; 0.000        ; 0.064      ; 1.098      ;
; 0.866 ; clk_divider:inst5|cnt[9]  ; clk_divider:inst5|cnt[10] ; CLK                       ; CLK         ; 0.000        ; 0.064      ; 1.098      ;
; 0.867 ; clk_divider:inst5|cnt[2]  ; clk_divider:inst5|cnt[4]  ; CLK                       ; CLK         ; 0.000        ; 0.064      ; 1.099      ;
; 0.869 ; clk_divider:inst5|cnt[6]  ; clk_divider:inst5|cnt[8]  ; CLK                       ; CLK         ; 0.000        ; 0.064      ; 1.101      ;
; 0.871 ; clk_divider:inst5|cnt[0]  ; clk_divider:inst5|cnt[1]  ; CLK                       ; CLK         ; 0.000        ; 0.064      ; 1.103      ;
; 0.871 ; clk_divider:inst5|cnt[8]  ; clk_divider:inst5|cnt[10] ; CLK                       ; CLK         ; 0.000        ; 0.064      ; 1.103      ;
; 0.871 ; clk_divider:inst5|cnt[3]  ; clk_divider:inst5|cnt[4]  ; CLK                       ; CLK         ; 0.000        ; 0.064      ; 1.103      ;
; 0.885 ; clk_divider:inst5|cnt[0]  ; clk_divider:inst5|cnt[2]  ; CLK                       ; CLK         ; 0.000        ; 0.064      ; 1.117      ;
; 0.894 ; clk_divider:inst5|cnt[6]  ; clk_divider:inst5|cnt[6]  ; CLK                       ; CLK         ; 0.000        ; 0.064      ; 1.126      ;
; 0.904 ; clk_divider:inst5|cnt[24] ; clk_divider:inst5|cnt[24] ; CLK                       ; CLK         ; 0.000        ; 0.064      ; 1.136      ;
; 0.905 ; clk_divider:inst5|cnt[20] ; clk_divider:inst5|cnt[20] ; CLK                       ; CLK         ; 0.000        ; 0.064      ; 1.137      ;
; 0.944 ; clk_divider:inst5|cnt[7]  ; clk_divider:inst5|cnt[9]  ; CLK                       ; CLK         ; 0.000        ; 0.064      ; 1.176      ;
; 0.950 ; clk_divider:inst5|cnt[5]  ; clk_divider:inst5|cnt[7]  ; CLK                       ; CLK         ; 0.000        ; 0.064      ; 1.182      ;
; 0.956 ; clk_divider:inst5|cnt[15] ; clk_divider:inst5|cnt[17] ; CLK                       ; CLK         ; 0.000        ; 0.064      ; 1.188      ;
; 0.956 ; clk_divider:inst5|cnt[1]  ; clk_divider:inst5|cnt[3]  ; CLK                       ; CLK         ; 0.000        ; 0.064      ; 1.188      ;
; 0.957 ; clk_divider:inst5|cnt[2]  ; clk_divider:inst5|cnt[5]  ; CLK                       ; CLK         ; 0.000        ; 0.064      ; 1.189      ;
; 0.958 ; clk_divider:inst5|cnt[7]  ; clk_divider:inst5|cnt[10] ; CLK                       ; CLK         ; 0.000        ; 0.064      ; 1.190      ;
; 0.959 ; clk_divider:inst5|cnt[6]  ; clk_divider:inst5|cnt[9]  ; CLK                       ; CLK         ; 0.000        ; 0.064      ; 1.191      ;
; 0.961 ; clk_divider:inst5|cnt[3]  ; clk_divider:inst5|cnt[5]  ; CLK                       ; CLK         ; 0.000        ; 0.064      ; 1.193      ;
; 0.964 ; clk_divider:inst5|cnt[5]  ; clk_divider:inst5|cnt[8]  ; CLK                       ; CLK         ; 0.000        ; 0.064      ; 1.196      ;
; 0.964 ; clk_divider:inst5|cnt[4]  ; clk_divider:inst5|cnt[7]  ; CLK                       ; CLK         ; 0.000        ; 0.064      ; 1.196      ;
; 0.970 ; clk_divider:inst5|cnt[1]  ; clk_divider:inst5|cnt[4]  ; CLK                       ; CLK         ; 0.000        ; 0.064      ; 1.202      ;
; 0.973 ; clk_divider:inst5|cnt[6]  ; clk_divider:inst5|cnt[10] ; CLK                       ; CLK         ; 0.000        ; 0.064      ; 1.205      ;
; 0.975 ; clk_divider:inst5|cnt[0]  ; clk_divider:inst5|cnt[3]  ; CLK                       ; CLK         ; 0.000        ; 0.064      ; 1.207      ;
; 0.976 ; clk_divider:inst5|cnt[20] ; clk_divider:inst5|cnt[23] ; CLK                       ; CLK         ; 0.000        ; 0.064      ; 1.208      ;
; 0.978 ; clk_divider:inst5|cnt[4]  ; clk_divider:inst5|cnt[8]  ; CLK                       ; CLK         ; 0.000        ; 0.064      ; 1.210      ;
; 0.989 ; clk_divider:inst5|cnt[0]  ; clk_divider:inst5|cnt[4]  ; CLK                       ; CLK         ; 0.000        ; 0.064      ; 1.221      ;
; 0.991 ; clk_divider:inst5|cnt[16] ; clk_divider:inst5|cnt[17] ; CLK                       ; CLK         ; 0.000        ; 0.063      ; 1.222      ;
; 0.993 ; clk_divider:inst5|cnt[14] ; clk_divider:inst5|cnt[15] ; CLK                       ; CLK         ; 0.000        ; 0.063      ; 1.224      ;
; 1.008 ; clk_divider:inst5|cnt[22] ; clk_divider:inst5|cnt[23] ; CLK                       ; CLK         ; 0.000        ; 0.063      ; 1.239      ;
; 1.014 ; clk_divider:inst5|clk_out ; clk_divider:inst5|clk_out ; clk_divider:inst5|clk_out ; CLK         ; 0.000        ; 2.327      ; 3.747      ;
; 1.017 ; clk_divider:inst5|cnt[19] ; clk_divider:inst5|cnt[19] ; CLK                       ; CLK         ; 0.000        ; 0.064      ; 1.249      ;
; 1.027 ; clk_divider:inst5|cnt[11] ; clk_divider:inst5|cnt[11] ; CLK                       ; CLK         ; 0.000        ; 0.064      ; 1.259      ;
; 1.054 ; clk_divider:inst5|cnt[5]  ; clk_divider:inst5|cnt[9]  ; CLK                       ; CLK         ; 0.000        ; 0.064      ; 1.286      ;
; 1.060 ; clk_divider:inst5|cnt[1]  ; clk_divider:inst5|cnt[5]  ; CLK                       ; CLK         ; 0.000        ; 0.064      ; 1.292      ;
; 1.061 ; clk_divider:inst5|cnt[2]  ; clk_divider:inst5|cnt[7]  ; CLK                       ; CLK         ; 0.000        ; 0.064      ; 1.293      ;
; 1.062 ; clk_divider:inst5|cnt[19] ; clk_divider:inst5|cnt[23] ; CLK                       ; CLK         ; 0.000        ; 0.064      ; 1.294      ;
; 1.065 ; clk_divider:inst5|cnt[3]  ; clk_divider:inst5|cnt[7]  ; CLK                       ; CLK         ; 0.000        ; 0.064      ; 1.297      ;
; 1.068 ; clk_divider:inst5|cnt[5]  ; clk_divider:inst5|cnt[10] ; CLK                       ; CLK         ; 0.000        ; 0.064      ; 1.300      ;
; 1.068 ; clk_divider:inst5|cnt[4]  ; clk_divider:inst5|cnt[9]  ; CLK                       ; CLK         ; 0.000        ; 0.064      ; 1.300      ;
; 1.073 ; clk_divider:inst5|cnt[11] ; clk_divider:inst5|cnt[15] ; CLK                       ; CLK         ; 0.000        ; 0.060      ; 1.301      ;
; 1.075 ; clk_divider:inst5|cnt[2]  ; clk_divider:inst5|cnt[8]  ; CLK                       ; CLK         ; 0.000        ; 0.064      ; 1.307      ;
; 1.075 ; clk_divider:inst5|cnt[13] ; clk_divider:inst5|cnt[15] ; CLK                       ; CLK         ; 0.000        ; 0.063      ; 1.306      ;
; 1.076 ; clk_divider:inst5|cnt[21] ; clk_divider:inst5|cnt[23] ; CLK                       ; CLK         ; 0.000        ; 0.063      ; 1.307      ;
; 1.079 ; clk_divider:inst5|cnt[0]  ; clk_divider:inst5|cnt[5]  ; CLK                       ; CLK         ; 0.000        ; 0.064      ; 1.311      ;
; 1.079 ; clk_divider:inst5|cnt[3]  ; clk_divider:inst5|cnt[8]  ; CLK                       ; CLK         ; 0.000        ; 0.064      ; 1.311      ;
; 1.082 ; clk_divider:inst5|cnt[4]  ; clk_divider:inst5|cnt[10] ; CLK                       ; CLK         ; 0.000        ; 0.064      ; 1.314      ;
; 1.082 ; clk_divider:inst5|cnt[10] ; clk_divider:inst5|cnt[15] ; CLK                       ; CLK         ; 0.000        ; 0.060      ; 1.310      ;
; 1.097 ; clk_divider:inst5|cnt[14] ; clk_divider:inst5|cnt[17] ; CLK                       ; CLK         ; 0.000        ; 0.063      ; 1.328      ;
; 1.131 ; clk_divider:inst5|cnt[12] ; clk_divider:inst5|cnt[15] ; CLK                       ; CLK         ; 0.000        ; 0.063      ; 1.362      ;
; 1.164 ; clk_divider:inst5|cnt[1]  ; clk_divider:inst5|cnt[7]  ; CLK                       ; CLK         ; 0.000        ; 0.064      ; 1.396      ;
; 1.165 ; clk_divider:inst5|cnt[17] ; clk_divider:inst5|cnt[23] ; CLK                       ; CLK         ; 0.000        ; 0.064      ; 1.397      ;
; 1.165 ; clk_divider:inst5|cnt[2]  ; clk_divider:inst5|cnt[9]  ; CLK                       ; CLK         ; 0.000        ; 0.064      ; 1.397      ;
; 1.168 ; clk_divider:inst5|cnt[9]  ; clk_divider:inst5|cnt[15] ; CLK                       ; CLK         ; 0.000        ; 0.060      ; 1.396      ;
; 1.169 ; clk_divider:inst5|cnt[13] ; clk_divider:inst5|cnt[13] ; CLK                       ; CLK         ; 0.000        ; 0.064      ; 1.401      ;
; 1.169 ; clk_divider:inst5|cnt[5]  ; clk_divider:inst5|cnt[6]  ; CLK                       ; CLK         ; 0.000        ; 0.064      ; 1.401      ;
; 1.169 ; clk_divider:inst5|cnt[3]  ; clk_divider:inst5|cnt[9]  ; CLK                       ; CLK         ; 0.000        ; 0.064      ; 1.401      ;
; 1.172 ; clk_divider:inst5|cnt[21] ; clk_divider:inst5|cnt[21] ; CLK                       ; CLK         ; 0.000        ; 0.064      ; 1.404      ;
; 1.173 ; clk_divider:inst5|cnt[8]  ; clk_divider:inst5|cnt[15] ; CLK                       ; CLK         ; 0.000        ; 0.060      ; 1.401      ;
; 1.174 ; clk_divider:inst5|cnt[14] ; clk_divider:inst5|cnt[14] ; CLK                       ; CLK         ; 0.000        ; 0.064      ; 1.406      ;
; 1.174 ; clk_divider:inst5|cnt[23] ; clk_divider:inst5|cnt[24] ; CLK                       ; CLK         ; 0.000        ; 0.064      ; 1.406      ;
; 1.175 ; clk_divider:inst5|cnt[19] ; clk_divider:inst5|cnt[20] ; CLK                       ; CLK         ; 0.000        ; 0.064      ; 1.407      ;
; 1.177 ; clk_divider:inst5|cnt[11] ; clk_divider:inst5|cnt[17] ; CLK                       ; CLK         ; 0.000        ; 0.060      ; 1.405      ;
; 1.178 ; clk_divider:inst5|cnt[1]  ; clk_divider:inst5|cnt[8]  ; CLK                       ; CLK         ; 0.000        ; 0.064      ; 1.410      ;
; 1.179 ; clk_divider:inst5|cnt[2]  ; clk_divider:inst5|cnt[10] ; CLK                       ; CLK         ; 0.000        ; 0.064      ; 1.411      ;
; 1.179 ; clk_divider:inst5|cnt[13] ; clk_divider:inst5|cnt[17] ; CLK                       ; CLK         ; 0.000        ; 0.063      ; 1.410      ;
; 1.183 ; clk_divider:inst5|cnt[0]  ; clk_divider:inst5|cnt[7]  ; CLK                       ; CLK         ; 0.000        ; 0.064      ; 1.415      ;
; 1.183 ; clk_divider:inst5|cnt[4]  ; clk_divider:inst5|cnt[6]  ; CLK                       ; CLK         ; 0.000        ; 0.064      ; 1.415      ;
; 1.183 ; clk_divider:inst5|cnt[3]  ; clk_divider:inst5|cnt[10] ; CLK                       ; CLK         ; 0.000        ; 0.064      ; 1.415      ;
; 1.186 ; clk_divider:inst5|cnt[10] ; clk_divider:inst5|cnt[17] ; CLK                       ; CLK         ; 0.000        ; 0.060      ; 1.414      ;
; 1.197 ; clk_divider:inst5|cnt[0]  ; clk_divider:inst5|cnt[8]  ; CLK                       ; CLK         ; 0.000        ; 0.064      ; 1.429      ;
; 1.201 ; clk_divider:inst5|cnt[18] ; clk_divider:inst5|cnt[23] ; CLK                       ; CLK         ; 0.000        ; 0.063      ; 1.432      ;
; 1.235 ; clk_divider:inst5|cnt[12] ; clk_divider:inst5|cnt[17] ; CLK                       ; CLK         ; 0.000        ; 0.063      ; 1.466      ;
; 1.260 ; clk_divider:inst5|cnt[7]  ; clk_divider:inst5|cnt[15] ; CLK                       ; CLK         ; 0.000        ; 0.060      ; 1.488      ;
; 1.268 ; clk_divider:inst5|cnt[15] ; clk_divider:inst5|cnt[23] ; CLK                       ; CLK         ; 0.000        ; 0.064      ; 1.500      ;
; 1.268 ; clk_divider:inst5|cnt[1]  ; clk_divider:inst5|cnt[9]  ; CLK                       ; CLK         ; 0.000        ; 0.064      ; 1.500      ;
; 1.272 ; clk_divider:inst5|cnt[9]  ; clk_divider:inst5|cnt[17] ; CLK                       ; CLK         ; 0.000        ; 0.060      ; 1.500      ;
; 1.275 ; clk_divider:inst5|cnt[6]  ; clk_divider:inst5|cnt[15] ; CLK                       ; CLK         ; 0.000        ; 0.060      ; 1.503      ;
; 1.277 ; clk_divider:inst5|cnt[8]  ; clk_divider:inst5|cnt[17] ; CLK                       ; CLK         ; 0.000        ; 0.060      ; 1.505      ;
; 1.278 ; clk_divider:inst5|cnt[17] ; clk_divider:inst5|cnt[20] ; CLK                       ; CLK         ; 0.000        ; 0.064      ; 1.510      ;
; 1.280 ; clk_divider:inst5|cnt[2]  ; clk_divider:inst5|cnt[6]  ; CLK                       ; CLK         ; 0.000        ; 0.064      ; 1.512      ;
; 1.282 ; clk_divider:inst5|cnt[1]  ; clk_divider:inst5|cnt[10] ; CLK                       ; CLK         ; 0.000        ; 0.064      ; 1.514      ;
+-------+---------------------------+---------------------------+---------------------------+-------------+--------------+------------+------------+


------------------------------------------------
; Slow 1200mV -40C Model Metastability Summary ;
------------------------------------------------
No synchronizer chains to report.


+----------------------------------------------------+
; Fast 1200mV -40C Model Setup Summary               ;
+---------------------------+--------+---------------+
; Clock                     ; Slack  ; End Point TNS ;
+---------------------------+--------+---------------+
; CLK                       ; -1.493 ; -10.291       ;
; clk_divider:inst5|clk_out ; 0.429  ; 0.000         ;
+---------------------------+--------+---------------+


+---------------------------------------------------+
; Fast 1200mV -40C Model Hold Summary               ;
+---------------------------+-------+---------------+
; Clock                     ; Slack ; End Point TNS ;
+---------------------------+-------+---------------+
; clk_divider:inst5|clk_out ; 0.179 ; 0.000         ;
; CLK                       ; 0.278 ; 0.000         ;
+---------------------------+-------+---------------+


-------------------------------------------
; Fast 1200mV -40C Model Recovery Summary ;
-------------------------------------------
No paths to report.


------------------------------------------
; Fast 1200mV -40C Model Removal Summary ;
------------------------------------------
No paths to report.


+----------------------------------------------------+
; Fast 1200mV -40C Model Minimum Pulse Width Summary ;
+---------------------------+--------+---------------+
; Clock                     ; Slack  ; End Point TNS ;
+---------------------------+--------+---------------+
; CLK                       ; -3.000 ; -30.312       ;
; clk_divider:inst5|clk_out ; -1.000 ; -4.000        ;
+---------------------------+--------+---------------+


+--------------------------------------------------------------------------------------------------------------------------------------+
; Fast 1200mV -40C Model Setup: 'CLK'                                                                                                  ;
+--------+---------------------------+---------------------------+--------------+-------------+--------------+------------+------------+
; Slack  ; From Node                 ; To Node                   ; Launch Clock ; Latch Clock ; Relationship ; Clock Skew ; Data Delay ;
+--------+---------------------------+---------------------------+--------------+-------------+--------------+------------+------------+
; -1.493 ; clk_divider:inst5|cnt[3]  ; clk_divider:inst5|clk_out ; CLK          ; CLK         ; 1.000        ; -0.039     ; 2.442      ;
; -1.435 ; clk_divider:inst5|cnt[1]  ; clk_divider:inst5|clk_out ; CLK          ; CLK         ; 1.000        ; -0.039     ; 2.384      ;
; -1.417 ; clk_divider:inst5|cnt[4]  ; clk_divider:inst5|clk_out ; CLK          ; CLK         ; 1.000        ; -0.039     ; 2.366      ;
; -1.389 ; clk_divider:inst5|cnt[5]  ; clk_divider:inst5|clk_out ; CLK          ; CLK         ; 1.000        ; -0.039     ; 2.338      ;
; -1.363 ; clk_divider:inst5|cnt[10] ; clk_divider:inst5|clk_out ; CLK          ; CLK         ; 1.000        ; -0.039     ; 2.312      ;
; -1.359 ; clk_divider:inst5|cnt[24] ; clk_divider:inst5|clk_out ; CLK          ; CLK         ; 1.000        ; -0.036     ; 2.311      ;
; -1.357 ; clk_divider:inst5|cnt[9]  ; clk_divider:inst5|clk_out ; CLK          ; CLK         ; 1.000        ; -0.039     ; 2.306      ;
; -1.352 ; clk_divider:inst5|cnt[6]  ; clk_divider:inst5|clk_out ; CLK          ; CLK         ; 1.000        ; -0.039     ; 2.301      ;
; -1.343 ; clk_divider:inst5|cnt[23] ; clk_divider:inst5|clk_out ; CLK          ; CLK         ; 1.000        ; -0.036     ; 2.295      ;
; -1.305 ; clk_divider:inst5|cnt[16] ; clk_divider:inst5|clk_out ; CLK          ; CLK         ; 1.000        ; -0.036     ; 2.257      ;
; -1.299 ; clk_divider:inst5|cnt[13] ; clk_divider:inst5|clk_out ; CLK          ; CLK         ; 1.000        ; -0.036     ; 2.251      ;
; -1.289 ; clk_divider:inst5|cnt[15] ; clk_divider:inst5|clk_out ; CLK          ; CLK         ; 1.000        ; -0.036     ; 2.241      ;
; -1.288 ; clk_divider:inst5|cnt[2]  ; clk_divider:inst5|clk_out ; CLK          ; CLK         ; 1.000        ; -0.039     ; 2.237      ;
; -1.288 ; clk_divider:inst5|cnt[21] ; clk_divider:inst5|clk_out ; CLK          ; CLK         ; 1.000        ; -0.036     ; 2.240      ;
; -1.287 ; clk_divider:inst5|cnt[22] ; clk_divider:inst5|clk_out ; CLK          ; CLK         ; 1.000        ; -0.036     ; 2.239      ;
; -1.285 ; clk_divider:inst5|cnt[18] ; clk_divider:inst5|clk_out ; CLK          ; CLK         ; 1.000        ; -0.036     ; 2.237      ;
; -1.282 ; clk_divider:inst5|cnt[20] ; clk_divider:inst5|clk_out ; CLK          ; CLK         ; 1.000        ; -0.036     ; 2.234      ;
; -1.270 ; clk_divider:inst5|cnt[11] ; clk_divider:inst5|clk_out ; CLK          ; CLK         ; 1.000        ; -0.039     ; 2.219      ;
; -1.263 ; clk_divider:inst5|cnt[7]  ; clk_divider:inst5|clk_out ; CLK          ; CLK         ; 1.000        ; -0.039     ; 2.212      ;
; -1.259 ; clk_divider:inst5|cnt[19] ; clk_divider:inst5|clk_out ; CLK          ; CLK         ; 1.000        ; -0.036     ; 2.211      ;
; -1.256 ; clk_divider:inst5|cnt[17] ; clk_divider:inst5|clk_out ; CLK          ; CLK         ; 1.000        ; -0.036     ; 2.208      ;
; -1.224 ; clk_divider:inst5|cnt[14] ; clk_divider:inst5|clk_out ; CLK          ; CLK         ; 1.000        ; -0.036     ; 2.176      ;
; -1.209 ; clk_divider:inst5|cnt[8]  ; clk_divider:inst5|clk_out ; CLK          ; CLK         ; 1.000        ; -0.039     ; 2.158      ;
; -1.202 ; clk_divider:inst5|cnt[0]  ; clk_divider:inst5|clk_out ; CLK          ; CLK         ; 1.000        ; -0.039     ; 2.151      ;
; -1.146 ; clk_divider:inst5|cnt[12] ; clk_divider:inst5|clk_out ; CLK          ; CLK         ; 1.000        ; -0.036     ; 2.098      ;
; -0.794 ; clk_divider:inst5|cnt[1]  ; clk_divider:inst5|cnt[22] ; CLK          ; CLK         ; 1.000        ; -0.039     ; 1.743      ;
; -0.762 ; clk_divider:inst5|cnt[3]  ; clk_divider:inst5|cnt[6]  ; CLK          ; CLK         ; 1.000        ; -0.036     ; 1.714      ;
; -0.753 ; clk_divider:inst5|cnt[0]  ; clk_divider:inst5|cnt[22] ; CLK          ; CLK         ; 1.000        ; -0.039     ; 1.702      ;
; -0.733 ; clk_divider:inst5|cnt[3]  ; clk_divider:inst5|cnt[22] ; CLK          ; CLK         ; 1.000        ; -0.039     ; 1.682      ;
; -0.709 ; clk_divider:inst5|cnt[1]  ; clk_divider:inst5|cnt[24] ; CLK          ; CLK         ; 1.000        ; -0.039     ; 1.658      ;
; -0.704 ; clk_divider:inst5|cnt[1]  ; clk_divider:inst5|cnt[6]  ; CLK          ; CLK         ; 1.000        ; -0.036     ; 1.656      ;
; -0.686 ; clk_divider:inst5|cnt[4]  ; clk_divider:inst5|cnt[6]  ; CLK          ; CLK         ; 1.000        ; -0.036     ; 1.638      ;
; -0.683 ; clk_divider:inst5|cnt[2]  ; clk_divider:inst5|cnt[22] ; CLK          ; CLK         ; 1.000        ; -0.039     ; 1.632      ;
; -0.680 ; clk_divider:inst5|cnt[1]  ; clk_divider:inst5|cnt[18] ; CLK          ; CLK         ; 1.000        ; -0.039     ; 1.629      ;
; -0.676 ; clk_divider:inst5|cnt[1]  ; clk_divider:inst5|cnt[21] ; CLK          ; CLK         ; 1.000        ; -0.039     ; 1.625      ;
; -0.668 ; clk_divider:inst5|cnt[0]  ; clk_divider:inst5|cnt[24] ; CLK          ; CLK         ; 1.000        ; -0.039     ; 1.617      ;
; -0.664 ; clk_divider:inst5|cnt[5]  ; clk_divider:inst5|cnt[22] ; CLK          ; CLK         ; 1.000        ; -0.039     ; 1.613      ;
; -0.663 ; clk_divider:inst5|cnt[0]  ; clk_divider:inst5|cnt[21] ; CLK          ; CLK         ; 1.000        ; -0.039     ; 1.612      ;
; -0.658 ; clk_divider:inst5|cnt[5]  ; clk_divider:inst5|cnt[6]  ; CLK          ; CLK         ; 1.000        ; -0.036     ; 1.610      ;
; -0.648 ; clk_divider:inst5|cnt[3]  ; clk_divider:inst5|cnt[24] ; CLK          ; CLK         ; 1.000        ; -0.039     ; 1.597      ;
; -0.639 ; clk_divider:inst5|cnt[0]  ; clk_divider:inst5|cnt[18] ; CLK          ; CLK         ; 1.000        ; -0.039     ; 1.588      ;
; -0.632 ; clk_divider:inst5|cnt[10] ; clk_divider:inst5|cnt[6]  ; CLK          ; CLK         ; 1.000        ; -0.036     ; 1.584      ;
; -0.629 ; clk_divider:inst5|cnt[3]  ; clk_divider:inst5|cnt[19] ; CLK          ; CLK         ; 1.000        ; -0.039     ; 1.578      ;
; -0.628 ; clk_divider:inst5|cnt[24] ; clk_divider:inst5|cnt[6]  ; CLK          ; CLK         ; 1.000        ; -0.033     ; 1.583      ;
; -0.626 ; clk_divider:inst5|cnt[3]  ; clk_divider:inst5|cnt[11] ; CLK          ; CLK         ; 1.000        ; -0.036     ; 1.578      ;
; -0.626 ; clk_divider:inst5|cnt[9]  ; clk_divider:inst5|cnt[6]  ; CLK          ; CLK         ; 1.000        ; -0.036     ; 1.578      ;
; -0.621 ; clk_divider:inst5|cnt[6]  ; clk_divider:inst5|cnt[6]  ; CLK          ; CLK         ; 1.000        ; -0.036     ; 1.573      ;
; -0.620 ; clk_divider:inst5|cnt[1]  ; clk_divider:inst5|cnt[16] ; CLK          ; CLK         ; 1.000        ; -0.039     ; 1.569      ;
; -0.620 ; clk_divider:inst5|cnt[4]  ; clk_divider:inst5|cnt[22] ; CLK          ; CLK         ; 1.000        ; -0.039     ; 1.569      ;
; -0.619 ; clk_divider:inst5|cnt[3]  ; clk_divider:inst5|cnt[18] ; CLK          ; CLK         ; 1.000        ; -0.039     ; 1.568      ;
; -0.615 ; clk_divider:inst5|cnt[3]  ; clk_divider:inst5|cnt[21] ; CLK          ; CLK         ; 1.000        ; -0.039     ; 1.564      ;
; -0.612 ; clk_divider:inst5|cnt[23] ; clk_divider:inst5|cnt[6]  ; CLK          ; CLK         ; 1.000        ; -0.033     ; 1.567      ;
; -0.598 ; clk_divider:inst5|cnt[2]  ; clk_divider:inst5|cnt[24] ; CLK          ; CLK         ; 1.000        ; -0.039     ; 1.547      ;
; -0.596 ; clk_divider:inst5|cnt[7]  ; clk_divider:inst5|cnt[22] ; CLK          ; CLK         ; 1.000        ; -0.039     ; 1.545      ;
; -0.594 ; clk_divider:inst5|cnt[1]  ; clk_divider:inst5|cnt[19] ; CLK          ; CLK         ; 1.000        ; -0.039     ; 1.543      ;
; -0.591 ; clk_divider:inst5|cnt[2]  ; clk_divider:inst5|cnt[21] ; CLK          ; CLK         ; 1.000        ; -0.039     ; 1.540      ;
; -0.587 ; clk_divider:inst5|cnt[3]  ; clk_divider:inst5|cnt[16] ; CLK          ; CLK         ; 1.000        ; -0.039     ; 1.536      ;
; -0.582 ; clk_divider:inst5|cnt[1]  ; clk_divider:inst5|cnt[12] ; CLK          ; CLK         ; 1.000        ; -0.039     ; 1.531      ;
; -0.582 ; clk_divider:inst5|cnt[1]  ; clk_divider:inst5|cnt[20] ; CLK          ; CLK         ; 1.000        ; -0.039     ; 1.531      ;
; -0.581 ; clk_divider:inst5|cnt[0]  ; clk_divider:inst5|cnt[19] ; CLK          ; CLK         ; 1.000        ; -0.039     ; 1.530      ;
; -0.580 ; clk_divider:inst5|cnt[3]  ; clk_divider:inst5|cnt[12] ; CLK          ; CLK         ; 1.000        ; -0.039     ; 1.529      ;
; -0.579 ; clk_divider:inst5|cnt[5]  ; clk_divider:inst5|cnt[24] ; CLK          ; CLK         ; 1.000        ; -0.039     ; 1.528      ;
; -0.579 ; clk_divider:inst5|cnt[0]  ; clk_divider:inst5|cnt[16] ; CLK          ; CLK         ; 1.000        ; -0.039     ; 1.528      ;
; -0.574 ; clk_divider:inst5|cnt[16] ; clk_divider:inst5|cnt[6]  ; CLK          ; CLK         ; 1.000        ; -0.033     ; 1.529      ;
; -0.569 ; clk_divider:inst5|cnt[2]  ; clk_divider:inst5|cnt[18] ; CLK          ; CLK         ; 1.000        ; -0.039     ; 1.518      ;
; -0.568 ; clk_divider:inst5|cnt[1]  ; clk_divider:inst5|cnt[11] ; CLK          ; CLK         ; 1.000        ; -0.036     ; 1.520      ;
; -0.568 ; clk_divider:inst5|cnt[13] ; clk_divider:inst5|cnt[6]  ; CLK          ; CLK         ; 1.000        ; -0.033     ; 1.523      ;
; -0.558 ; clk_divider:inst5|cnt[6]  ; clk_divider:inst5|cnt[22] ; CLK          ; CLK         ; 1.000        ; -0.039     ; 1.507      ;
; -0.558 ; clk_divider:inst5|cnt[15] ; clk_divider:inst5|cnt[6]  ; CLK          ; CLK         ; 1.000        ; -0.033     ; 1.513      ;
; -0.557 ; clk_divider:inst5|cnt[2]  ; clk_divider:inst5|cnt[6]  ; CLK          ; CLK         ; 1.000        ; -0.036     ; 1.509      ;
; -0.557 ; clk_divider:inst5|cnt[21] ; clk_divider:inst5|cnt[6]  ; CLK          ; CLK         ; 1.000        ; -0.033     ; 1.512      ;
; -0.556 ; clk_divider:inst5|cnt[22] ; clk_divider:inst5|cnt[6]  ; CLK          ; CLK         ; 1.000        ; -0.033     ; 1.511      ;
; -0.554 ; clk_divider:inst5|cnt[18] ; clk_divider:inst5|cnt[6]  ; CLK          ; CLK         ; 1.000        ; -0.033     ; 1.509      ;
; -0.553 ; clk_divider:inst5|cnt[4]  ; clk_divider:inst5|cnt[19] ; CLK          ; CLK         ; 1.000        ; -0.039     ; 1.502      ;
; -0.551 ; clk_divider:inst5|cnt[20] ; clk_divider:inst5|cnt[6]  ; CLK          ; CLK         ; 1.000        ; -0.033     ; 1.506      ;
; -0.550 ; clk_divider:inst5|cnt[5]  ; clk_divider:inst5|cnt[18] ; CLK          ; CLK         ; 1.000        ; -0.039     ; 1.499      ;
; -0.550 ; clk_divider:inst5|cnt[4]  ; clk_divider:inst5|cnt[11] ; CLK          ; CLK         ; 1.000        ; -0.036     ; 1.502      ;
; -0.546 ; clk_divider:inst5|cnt[5]  ; clk_divider:inst5|cnt[21] ; CLK          ; CLK         ; 1.000        ; -0.039     ; 1.495      ;
; -0.541 ; clk_divider:inst5|cnt[0]  ; clk_divider:inst5|cnt[12] ; CLK          ; CLK         ; 1.000        ; -0.039     ; 1.490      ;
; -0.541 ; clk_divider:inst5|cnt[0]  ; clk_divider:inst5|cnt[20] ; CLK          ; CLK         ; 1.000        ; -0.039     ; 1.490      ;
; -0.539 ; clk_divider:inst5|cnt[9]  ; clk_divider:inst5|cnt[22] ; CLK          ; CLK         ; 1.000        ; -0.039     ; 1.488      ;
; -0.539 ; clk_divider:inst5|cnt[11] ; clk_divider:inst5|cnt[6]  ; CLK          ; CLK         ; 1.000        ; -0.036     ; 1.491      ;
; -0.535 ; clk_divider:inst5|cnt[4]  ; clk_divider:inst5|cnt[24] ; CLK          ; CLK         ; 1.000        ; -0.039     ; 1.484      ;
; -0.532 ; clk_divider:inst5|cnt[7]  ; clk_divider:inst5|cnt[6]  ; CLK          ; CLK         ; 1.000        ; -0.036     ; 1.484      ;
; -0.528 ; clk_divider:inst5|cnt[4]  ; clk_divider:inst5|cnt[21] ; CLK          ; CLK         ; 1.000        ; -0.039     ; 1.477      ;
; -0.528 ; clk_divider:inst5|cnt[19] ; clk_divider:inst5|cnt[6]  ; CLK          ; CLK         ; 1.000        ; -0.033     ; 1.483      ;
; -0.525 ; clk_divider:inst5|cnt[5]  ; clk_divider:inst5|cnt[19] ; CLK          ; CLK         ; 1.000        ; -0.039     ; 1.474      ;
; -0.525 ; clk_divider:inst5|cnt[17] ; clk_divider:inst5|cnt[6]  ; CLK          ; CLK         ; 1.000        ; -0.033     ; 1.480      ;
; -0.524 ; clk_divider:inst5|cnt[3]  ; clk_divider:inst5|cnt[20] ; CLK          ; CLK         ; 1.000        ; -0.039     ; 1.473      ;
; -0.522 ; clk_divider:inst5|cnt[5]  ; clk_divider:inst5|cnt[11] ; CLK          ; CLK         ; 1.000        ; -0.036     ; 1.474      ;
; -0.516 ; clk_divider:inst5|cnt[10] ; clk_divider:inst5|cnt[19] ; CLK          ; CLK         ; 1.000        ; -0.039     ; 1.465      ;
; -0.511 ; clk_divider:inst5|cnt[7]  ; clk_divider:inst5|cnt[24] ; CLK          ; CLK         ; 1.000        ; -0.039     ; 1.460      ;
; -0.511 ; clk_divider:inst5|cnt[4]  ; clk_divider:inst5|cnt[16] ; CLK          ; CLK         ; 1.000        ; -0.039     ; 1.460      ;
; -0.509 ; clk_divider:inst5|cnt[2]  ; clk_divider:inst5|cnt[16] ; CLK          ; CLK         ; 1.000        ; -0.039     ; 1.458      ;
; -0.509 ; clk_divider:inst5|cnt[2]  ; clk_divider:inst5|cnt[19] ; CLK          ; CLK         ; 1.000        ; -0.039     ; 1.458      ;
; -0.508 ; clk_divider:inst5|cnt[10] ; clk_divider:inst5|cnt[11] ; CLK          ; CLK         ; 1.000        ; -0.036     ; 1.460      ;
; -0.506 ; clk_divider:inst5|cnt[4]  ; clk_divider:inst5|cnt[18] ; CLK          ; CLK         ; 1.000        ; -0.039     ; 1.455      ;
; -0.504 ; clk_divider:inst5|cnt[4]  ; clk_divider:inst5|cnt[12] ; CLK          ; CLK         ; 1.000        ; -0.039     ; 1.453      ;
; -0.500 ; clk_divider:inst5|cnt[9]  ; clk_divider:inst5|cnt[19] ; CLK          ; CLK         ; 1.000        ; -0.039     ; 1.449      ;
; -0.495 ; clk_divider:inst5|cnt[24] ; clk_divider:inst5|cnt[19] ; CLK          ; CLK         ; 1.000        ; -0.036     ; 1.447      ;
+--------+---------------------------+---------------------------+--------------+-------------+--------------+------------+------------+


+--------------------------------------------------------------------------------------------------------------------------------------+
; Fast 1200mV -40C Model Setup: 'clk_divider:inst5|clk_out'                                                                            ;
+-------+--------------+--------------+---------------------------+---------------------------+--------------+------------+------------+
; Slack ; From Node    ; To Node      ; Launch Clock              ; Latch Clock               ; Relationship ; Clock Skew ; Data Delay ;
+-------+--------------+--------------+---------------------------+---------------------------+--------------+------------+------------+
; 0.429 ; 74160:inst|6 ; 74160:inst|8 ; clk_divider:inst5|clk_out ; clk_divider:inst5|clk_out ; 1.000        ; -0.035     ; 0.524      ;
; 0.443 ; 74160:inst|9 ; 74160:inst|7 ; clk_divider:inst5|clk_out ; clk_divider:inst5|clk_out ; 1.000        ; -0.035     ; 0.510      ;
; 0.446 ; 74160:inst|7 ; 74160:inst|9 ; clk_divider:inst5|clk_out ; clk_divider:inst5|clk_out ; 1.000        ; -0.035     ; 0.507      ;
; 0.454 ; 74160:inst|8 ; 74160:inst|9 ; clk_divider:inst5|clk_out ; clk_divider:inst5|clk_out ; 1.000        ; -0.035     ; 0.499      ;
; 0.558 ; 74160:inst|6 ; 74160:inst|9 ; clk_divider:inst5|clk_out ; clk_divider:inst5|clk_out ; 1.000        ; -0.035     ; 0.395      ;
; 0.559 ; 74160:inst|6 ; 74160:inst|7 ; clk_divider:inst5|clk_out ; clk_divider:inst5|clk_out ; 1.000        ; -0.035     ; 0.394      ;
; 0.575 ; 74160:inst|7 ; 74160:inst|8 ; clk_divider:inst5|clk_out ; clk_divider:inst5|clk_out ; 1.000        ; -0.035     ; 0.378      ;
; 0.608 ; 74160:inst|6 ; 74160:inst|6 ; clk_divider:inst5|clk_out ; clk_divider:inst5|clk_out ; 1.000        ; -0.035     ; 0.345      ;
; 0.608 ; 74160:inst|8 ; 74160:inst|8 ; clk_divider:inst5|clk_out ; clk_divider:inst5|clk_out ; 1.000        ; -0.035     ; 0.345      ;
; 0.608 ; 74160:inst|7 ; 74160:inst|7 ; clk_divider:inst5|clk_out ; clk_divider:inst5|clk_out ; 1.000        ; -0.035     ; 0.345      ;
; 0.618 ; 74160:inst|9 ; 74160:inst|9 ; clk_divider:inst5|clk_out ; clk_divider:inst5|clk_out ; 1.000        ; -0.035     ; 0.335      ;
+-------+--------------+--------------+---------------------------+---------------------------+--------------+------------+------------+


+--------------------------------------------------------------------------------------------------------------------------------------+
; Fast 1200mV -40C Model Hold: 'clk_divider:inst5|clk_out'                                                                             ;
+-------+--------------+--------------+---------------------------+---------------------------+--------------+------------+------------+
; Slack ; From Node    ; To Node      ; Launch Clock              ; Latch Clock               ; Relationship ; Clock Skew ; Data Delay ;
+-------+--------------+--------------+---------------------------+---------------------------+--------------+------------+------------+
; 0.179 ; 74160:inst|7 ; 74160:inst|7 ; clk_divider:inst5|clk_out ; clk_divider:inst5|clk_out ; 0.000        ; 0.035      ; 0.296      ;
; 0.179 ; 74160:inst|9 ; 74160:inst|9 ; clk_divider:inst5|clk_out ; clk_divider:inst5|clk_out ; 0.000        ; 0.035      ; 0.296      ;
; 0.179 ; 74160:inst|8 ; 74160:inst|8 ; clk_divider:inst5|clk_out ; clk_divider:inst5|clk_out ; 0.000        ; 0.035      ; 0.296      ;
; 0.183 ; 74160:inst|6 ; 74160:inst|6 ; clk_divider:inst5|clk_out ; clk_divider:inst5|clk_out ; 0.000        ; 0.035      ; 0.300      ;
; 0.200 ; 74160:inst|7 ; 74160:inst|8 ; clk_divider:inst5|clk_out ; clk_divider:inst5|clk_out ; 0.000        ; 0.035      ; 0.317      ;
; 0.214 ; 74160:inst|6 ; 74160:inst|7 ; clk_divider:inst5|clk_out ; clk_divider:inst5|clk_out ; 0.000        ; 0.035      ; 0.331      ;
; 0.215 ; 74160:inst|6 ; 74160:inst|9 ; clk_divider:inst5|clk_out ; clk_divider:inst5|clk_out ; 0.000        ; 0.035      ; 0.332      ;
; 0.288 ; 74160:inst|8 ; 74160:inst|9 ; clk_divider:inst5|clk_out ; clk_divider:inst5|clk_out ; 0.000        ; 0.035      ; 0.405      ;
; 0.292 ; 74160:inst|7 ; 74160:inst|9 ; clk_divider:inst5|clk_out ; clk_divider:inst5|clk_out ; 0.000        ; 0.035      ; 0.409      ;
; 0.293 ; 74160:inst|9 ; 74160:inst|7 ; clk_divider:inst5|clk_out ; clk_divider:inst5|clk_out ; 0.000        ; 0.035      ; 0.410      ;
; 0.307 ; 74160:inst|6 ; 74160:inst|8 ; clk_divider:inst5|clk_out ; clk_divider:inst5|clk_out ; 0.000        ; 0.035      ; 0.424      ;
+-------+--------------+--------------+---------------------------+---------------------------+--------------+------------+------------+


+--------------------------------------------------------------------------------------------------------------------------------------------------+
; Fast 1200mV -40C Model Hold: 'CLK'                                                                                                               ;
+-------+---------------------------+---------------------------+---------------------------+-------------+--------------+------------+------------+
; Slack ; From Node                 ; To Node                   ; Launch Clock              ; Latch Clock ; Relationship ; Clock Skew ; Data Delay ;
+-------+---------------------------+---------------------------+---------------------------+-------------+--------------+------------+------------+
; 0.278 ; clk_divider:inst5|cnt[7]  ; clk_divider:inst5|cnt[7]  ; CLK                       ; CLK         ; 0.000        ; 0.036      ; 0.396      ;
; 0.279 ; clk_divider:inst5|cnt[8]  ; clk_divider:inst5|cnt[8]  ; CLK                       ; CLK         ; 0.000        ; 0.036      ; 0.397      ;
; 0.279 ; clk_divider:inst5|cnt[5]  ; clk_divider:inst5|cnt[5]  ; CLK                       ; CLK         ; 0.000        ; 0.036      ; 0.397      ;
; 0.280 ; clk_divider:inst5|cnt[4]  ; clk_divider:inst5|cnt[4]  ; CLK                       ; CLK         ; 0.000        ; 0.036      ; 0.398      ;
; 0.280 ; clk_divider:inst5|cnt[2]  ; clk_divider:inst5|cnt[2]  ; CLK                       ; CLK         ; 0.000        ; 0.036      ; 0.398      ;
; 0.286 ; clk_divider:inst5|cnt[17] ; clk_divider:inst5|cnt[17] ; CLK                       ; CLK         ; 0.000        ; 0.036      ; 0.404      ;
; 0.286 ; clk_divider:inst5|cnt[15] ; clk_divider:inst5|cnt[15] ; CLK                       ; CLK         ; 0.000        ; 0.036      ; 0.404      ;
; 0.286 ; clk_divider:inst5|cnt[10] ; clk_divider:inst5|cnt[10] ; CLK                       ; CLK         ; 0.000        ; 0.036      ; 0.404      ;
; 0.286 ; clk_divider:inst5|cnt[9]  ; clk_divider:inst5|cnt[9]  ; CLK                       ; CLK         ; 0.000        ; 0.036      ; 0.404      ;
; 0.286 ; clk_divider:inst5|cnt[3]  ; clk_divider:inst5|cnt[3]  ; CLK                       ; CLK         ; 0.000        ; 0.036      ; 0.404      ;
; 0.286 ; clk_divider:inst5|cnt[1]  ; clk_divider:inst5|cnt[1]  ; CLK                       ; CLK         ; 0.000        ; 0.036      ; 0.404      ;
; 0.287 ; clk_divider:inst5|cnt[23] ; clk_divider:inst5|cnt[23] ; CLK                       ; CLK         ; 0.000        ; 0.036      ; 0.405      ;
; 0.298 ; clk_divider:inst5|cnt[0]  ; clk_divider:inst5|cnt[0]  ; CLK                       ; CLK         ; 0.000        ; 0.036      ; 0.416      ;
; 0.406 ; clk_divider:inst5|clk_out ; clk_divider:inst5|clk_out ; clk_divider:inst5|clk_out ; CLK         ; 0.000        ; 1.280      ; 1.901      ;
; 0.422 ; clk_divider:inst5|cnt[7]  ; clk_divider:inst5|cnt[8]  ; CLK                       ; CLK         ; 0.000        ; 0.036      ; 0.540      ;
; 0.428 ; clk_divider:inst5|cnt[6]  ; clk_divider:inst5|cnt[6]  ; CLK                       ; CLK         ; 0.000        ; 0.036      ; 0.546      ;
; 0.430 ; clk_divider:inst5|cnt[3]  ; clk_divider:inst5|cnt[4]  ; CLK                       ; CLK         ; 0.000        ; 0.036      ; 0.548      ;
; 0.430 ; clk_divider:inst5|cnt[1]  ; clk_divider:inst5|cnt[2]  ; CLK                       ; CLK         ; 0.000        ; 0.036      ; 0.548      ;
; 0.430 ; clk_divider:inst5|cnt[9]  ; clk_divider:inst5|cnt[10] ; CLK                       ; CLK         ; 0.000        ; 0.036      ; 0.548      ;
; 0.432 ; clk_divider:inst5|cnt[8]  ; clk_divider:inst5|cnt[9]  ; CLK                       ; CLK         ; 0.000        ; 0.036      ; 0.550      ;
; 0.432 ; clk_divider:inst5|cnt[2]  ; clk_divider:inst5|cnt[3]  ; CLK                       ; CLK         ; 0.000        ; 0.036      ; 0.550      ;
; 0.433 ; clk_divider:inst5|cnt[24] ; clk_divider:inst5|cnt[24] ; CLK                       ; CLK         ; 0.000        ; 0.036      ; 0.551      ;
; 0.433 ; clk_divider:inst5|cnt[4]  ; clk_divider:inst5|cnt[5]  ; CLK                       ; CLK         ; 0.000        ; 0.036      ; 0.551      ;
; 0.434 ; clk_divider:inst5|cnt[6]  ; clk_divider:inst5|cnt[7]  ; CLK                       ; CLK         ; 0.000        ; 0.036      ; 0.552      ;
; 0.434 ; clk_divider:inst5|cnt[2]  ; clk_divider:inst5|cnt[4]  ; CLK                       ; CLK         ; 0.000        ; 0.036      ; 0.552      ;
; 0.434 ; clk_divider:inst5|cnt[8]  ; clk_divider:inst5|cnt[10] ; CLK                       ; CLK         ; 0.000        ; 0.036      ; 0.552      ;
; 0.435 ; clk_divider:inst5|cnt[20] ; clk_divider:inst5|cnt[20] ; CLK                       ; CLK         ; 0.000        ; 0.036      ; 0.553      ;
; 0.436 ; clk_divider:inst5|cnt[6]  ; clk_divider:inst5|cnt[8]  ; CLK                       ; CLK         ; 0.000        ; 0.036      ; 0.554      ;
; 0.440 ; clk_divider:inst5|cnt[0]  ; clk_divider:inst5|cnt[1]  ; CLK                       ; CLK         ; 0.000        ; 0.036      ; 0.558      ;
; 0.442 ; clk_divider:inst5|cnt[0]  ; clk_divider:inst5|cnt[2]  ; CLK                       ; CLK         ; 0.000        ; 0.036      ; 0.560      ;
; 0.480 ; clk_divider:inst5|cnt[7]  ; clk_divider:inst5|cnt[9]  ; CLK                       ; CLK         ; 0.000        ; 0.036      ; 0.598      ;
; 0.481 ; clk_divider:inst5|cnt[5]  ; clk_divider:inst5|cnt[7]  ; CLK                       ; CLK         ; 0.000        ; 0.036      ; 0.599      ;
; 0.482 ; clk_divider:inst5|cnt[7]  ; clk_divider:inst5|cnt[10] ; CLK                       ; CLK         ; 0.000        ; 0.036      ; 0.600      ;
; 0.483 ; clk_divider:inst5|cnt[5]  ; clk_divider:inst5|cnt[8]  ; CLK                       ; CLK         ; 0.000        ; 0.036      ; 0.601      ;
; 0.488 ; clk_divider:inst5|cnt[15] ; clk_divider:inst5|cnt[17] ; CLK                       ; CLK         ; 0.000        ; 0.036      ; 0.606      ;
; 0.488 ; clk_divider:inst5|cnt[1]  ; clk_divider:inst5|cnt[3]  ; CLK                       ; CLK         ; 0.000        ; 0.036      ; 0.606      ;
; 0.488 ; clk_divider:inst5|cnt[3]  ; clk_divider:inst5|cnt[5]  ; CLK                       ; CLK         ; 0.000        ; 0.036      ; 0.606      ;
; 0.489 ; clk_divider:inst5|cnt[19] ; clk_divider:inst5|cnt[19] ; CLK                       ; CLK         ; 0.000        ; 0.036      ; 0.607      ;
; 0.490 ; clk_divider:inst5|cnt[1]  ; clk_divider:inst5|cnt[4]  ; CLK                       ; CLK         ; 0.000        ; 0.036      ; 0.608      ;
; 0.492 ; clk_divider:inst5|cnt[2]  ; clk_divider:inst5|cnt[5]  ; CLK                       ; CLK         ; 0.000        ; 0.036      ; 0.610      ;
; 0.493 ; clk_divider:inst5|cnt[11] ; clk_divider:inst5|cnt[11] ; CLK                       ; CLK         ; 0.000        ; 0.036      ; 0.611      ;
; 0.493 ; clk_divider:inst5|cnt[4]  ; clk_divider:inst5|cnt[7]  ; CLK                       ; CLK         ; 0.000        ; 0.036      ; 0.611      ;
; 0.494 ; clk_divider:inst5|cnt[6]  ; clk_divider:inst5|cnt[9]  ; CLK                       ; CLK         ; 0.000        ; 0.036      ; 0.612      ;
; 0.495 ; clk_divider:inst5|cnt[4]  ; clk_divider:inst5|cnt[8]  ; CLK                       ; CLK         ; 0.000        ; 0.036      ; 0.613      ;
; 0.496 ; clk_divider:inst5|cnt[6]  ; clk_divider:inst5|cnt[10] ; CLK                       ; CLK         ; 0.000        ; 0.036      ; 0.614      ;
; 0.500 ; clk_divider:inst5|cnt[0]  ; clk_divider:inst5|cnt[3]  ; CLK                       ; CLK         ; 0.000        ; 0.036      ; 0.618      ;
; 0.502 ; clk_divider:inst5|cnt[20] ; clk_divider:inst5|cnt[23] ; CLK                       ; CLK         ; 0.000        ; 0.036      ; 0.620      ;
; 0.502 ; clk_divider:inst5|cnt[0]  ; clk_divider:inst5|cnt[4]  ; CLK                       ; CLK         ; 0.000        ; 0.036      ; 0.620      ;
; 0.503 ; clk_divider:inst5|cnt[16] ; clk_divider:inst5|cnt[17] ; CLK                       ; CLK         ; 0.000        ; 0.036      ; 0.621      ;
; 0.504 ; clk_divider:inst5|cnt[14] ; clk_divider:inst5|cnt[15] ; CLK                       ; CLK         ; 0.000        ; 0.036      ; 0.622      ;
; 0.505 ; clk_divider:inst5|cnt[22] ; clk_divider:inst5|cnt[23] ; CLK                       ; CLK         ; 0.000        ; 0.036      ; 0.623      ;
; 0.541 ; clk_divider:inst5|cnt[5]  ; clk_divider:inst5|cnt[9]  ; CLK                       ; CLK         ; 0.000        ; 0.036      ; 0.659      ;
; 0.543 ; clk_divider:inst5|cnt[5]  ; clk_divider:inst5|cnt[10] ; CLK                       ; CLK         ; 0.000        ; 0.036      ; 0.661      ;
; 0.548 ; clk_divider:inst5|cnt[1]  ; clk_divider:inst5|cnt[5]  ; CLK                       ; CLK         ; 0.000        ; 0.036      ; 0.666      ;
; 0.548 ; clk_divider:inst5|cnt[3]  ; clk_divider:inst5|cnt[7]  ; CLK                       ; CLK         ; 0.000        ; 0.036      ; 0.666      ;
; 0.550 ; clk_divider:inst5|cnt[3]  ; clk_divider:inst5|cnt[8]  ; CLK                       ; CLK         ; 0.000        ; 0.036      ; 0.668      ;
; 0.550 ; clk_divider:inst5|cnt[19] ; clk_divider:inst5|cnt[23] ; CLK                       ; CLK         ; 0.000        ; 0.036      ; 0.668      ;
; 0.552 ; clk_divider:inst5|cnt[2]  ; clk_divider:inst5|cnt[7]  ; CLK                       ; CLK         ; 0.000        ; 0.036      ; 0.670      ;
; 0.553 ; clk_divider:inst5|cnt[21] ; clk_divider:inst5|cnt[23] ; CLK                       ; CLK         ; 0.000        ; 0.036      ; 0.671      ;
; 0.553 ; clk_divider:inst5|cnt[4]  ; clk_divider:inst5|cnt[9]  ; CLK                       ; CLK         ; 0.000        ; 0.036      ; 0.671      ;
; 0.554 ; clk_divider:inst5|cnt[13] ; clk_divider:inst5|cnt[15] ; CLK                       ; CLK         ; 0.000        ; 0.036      ; 0.672      ;
; 0.554 ; clk_divider:inst5|cnt[2]  ; clk_divider:inst5|cnt[8]  ; CLK                       ; CLK         ; 0.000        ; 0.036      ; 0.672      ;
; 0.555 ; clk_divider:inst5|cnt[4]  ; clk_divider:inst5|cnt[10] ; CLK                       ; CLK         ; 0.000        ; 0.036      ; 0.673      ;
; 0.555 ; clk_divider:inst5|cnt[11] ; clk_divider:inst5|cnt[15] ; CLK                       ; CLK         ; 0.000        ; 0.033      ; 0.670      ;
; 0.560 ; clk_divider:inst5|cnt[0]  ; clk_divider:inst5|cnt[5]  ; CLK                       ; CLK         ; 0.000        ; 0.036      ; 0.678      ;
; 0.562 ; clk_divider:inst5|cnt[10] ; clk_divider:inst5|cnt[15] ; CLK                       ; CLK         ; 0.000        ; 0.033      ; 0.677      ;
; 0.564 ; clk_divider:inst5|cnt[14] ; clk_divider:inst5|cnt[17] ; CLK                       ; CLK         ; 0.000        ; 0.036      ; 0.682      ;
; 0.566 ; clk_divider:inst5|cnt[13] ; clk_divider:inst5|cnt[13] ; CLK                       ; CLK         ; 0.000        ; 0.036      ; 0.684      ;
; 0.569 ; clk_divider:inst5|cnt[5]  ; clk_divider:inst5|cnt[6]  ; CLK                       ; CLK         ; 0.000        ; 0.036      ; 0.687      ;
; 0.572 ; clk_divider:inst5|cnt[21] ; clk_divider:inst5|cnt[21] ; CLK                       ; CLK         ; 0.000        ; 0.036      ; 0.690      ;
; 0.574 ; clk_divider:inst5|cnt[14] ; clk_divider:inst5|cnt[14] ; CLK                       ; CLK         ; 0.000        ; 0.036      ; 0.692      ;
; 0.576 ; clk_divider:inst5|cnt[23] ; clk_divider:inst5|cnt[24] ; CLK                       ; CLK         ; 0.000        ; 0.036      ; 0.694      ;
; 0.576 ; clk_divider:inst5|cnt[12] ; clk_divider:inst5|cnt[15] ; CLK                       ; CLK         ; 0.000        ; 0.036      ; 0.694      ;
; 0.578 ; clk_divider:inst5|cnt[19] ; clk_divider:inst5|cnt[20] ; CLK                       ; CLK         ; 0.000        ; 0.036      ; 0.696      ;
; 0.581 ; clk_divider:inst5|cnt[4]  ; clk_divider:inst5|cnt[6]  ; CLK                       ; CLK         ; 0.000        ; 0.036      ; 0.699      ;
; 0.608 ; clk_divider:inst5|cnt[17] ; clk_divider:inst5|cnt[23] ; CLK                       ; CLK         ; 0.000        ; 0.036      ; 0.726      ;
; 0.608 ; clk_divider:inst5|cnt[1]  ; clk_divider:inst5|cnt[7]  ; CLK                       ; CLK         ; 0.000        ; 0.036      ; 0.726      ;
; 0.608 ; clk_divider:inst5|cnt[3]  ; clk_divider:inst5|cnt[9]  ; CLK                       ; CLK         ; 0.000        ; 0.036      ; 0.726      ;
; 0.610 ; clk_divider:inst5|cnt[1]  ; clk_divider:inst5|cnt[8]  ; CLK                       ; CLK         ; 0.000        ; 0.036      ; 0.728      ;
; 0.610 ; clk_divider:inst5|cnt[3]  ; clk_divider:inst5|cnt[10] ; CLK                       ; CLK         ; 0.000        ; 0.036      ; 0.728      ;
; 0.611 ; clk_divider:inst5|cnt[9]  ; clk_divider:inst5|cnt[15] ; CLK                       ; CLK         ; 0.000        ; 0.033      ; 0.726      ;
; 0.612 ; clk_divider:inst5|cnt[2]  ; clk_divider:inst5|cnt[9]  ; CLK                       ; CLK         ; 0.000        ; 0.036      ; 0.730      ;
; 0.614 ; clk_divider:inst5|cnt[13] ; clk_divider:inst5|cnt[17] ; CLK                       ; CLK         ; 0.000        ; 0.036      ; 0.732      ;
; 0.614 ; clk_divider:inst5|cnt[18] ; clk_divider:inst5|cnt[23] ; CLK                       ; CLK         ; 0.000        ; 0.036      ; 0.732      ;
; 0.614 ; clk_divider:inst5|cnt[2]  ; clk_divider:inst5|cnt[10] ; CLK                       ; CLK         ; 0.000        ; 0.036      ; 0.732      ;
; 0.615 ; clk_divider:inst5|cnt[8]  ; clk_divider:inst5|cnt[15] ; CLK                       ; CLK         ; 0.000        ; 0.033      ; 0.730      ;
; 0.615 ; clk_divider:inst5|cnt[11] ; clk_divider:inst5|cnt[17] ; CLK                       ; CLK         ; 0.000        ; 0.033      ; 0.730      ;
; 0.619 ; clk_divider:inst5|cnt[22] ; clk_divider:inst5|cnt[22] ; CLK                       ; CLK         ; 0.000        ; 0.036      ; 0.737      ;
; 0.620 ; clk_divider:inst5|cnt[18] ; clk_divider:inst5|cnt[18] ; CLK                       ; CLK         ; 0.000        ; 0.036      ; 0.738      ;
; 0.620 ; clk_divider:inst5|cnt[0]  ; clk_divider:inst5|cnt[7]  ; CLK                       ; CLK         ; 0.000        ; 0.036      ; 0.738      ;
; 0.622 ; clk_divider:inst5|cnt[0]  ; clk_divider:inst5|cnt[8]  ; CLK                       ; CLK         ; 0.000        ; 0.036      ; 0.740      ;
; 0.622 ; clk_divider:inst5|cnt[10] ; clk_divider:inst5|cnt[17] ; CLK                       ; CLK         ; 0.000        ; 0.033      ; 0.737      ;
; 0.630 ; clk_divider:inst5|cnt[16] ; clk_divider:inst5|cnt[16] ; CLK                       ; CLK         ; 0.000        ; 0.036      ; 0.748      ;
; 0.636 ; clk_divider:inst5|cnt[17] ; clk_divider:inst5|cnt[20] ; CLK                       ; CLK         ; 0.000        ; 0.036      ; 0.754      ;
; 0.636 ; clk_divider:inst5|cnt[3]  ; clk_divider:inst5|cnt[6]  ; CLK                       ; CLK         ; 0.000        ; 0.036      ; 0.754      ;
; 0.636 ; clk_divider:inst5|cnt[12] ; clk_divider:inst5|cnt[17] ; CLK                       ; CLK         ; 0.000        ; 0.036      ; 0.754      ;
; 0.640 ; clk_divider:inst5|cnt[2]  ; clk_divider:inst5|cnt[6]  ; CLK                       ; CLK         ; 0.000        ; 0.036      ; 0.758      ;
; 0.642 ; clk_divider:inst5|cnt[10] ; clk_divider:inst5|cnt[11] ; CLK                       ; CLK         ; 0.000        ; 0.036      ; 0.760      ;
; 0.642 ; clk_divider:inst5|cnt[18] ; clk_divider:inst5|cnt[20] ; CLK                       ; CLK         ; 0.000        ; 0.036      ; 0.760      ;
; 0.649 ; clk_divider:inst5|cnt[20] ; clk_divider:inst5|cnt[24] ; CLK                       ; CLK         ; 0.000        ; 0.036      ; 0.767      ;
+-------+---------------------------+---------------------------+---------------------------+-------------+--------------+------------+------------+


------------------------------------------------
; Fast 1200mV -40C Model Metastability Summary ;
------------------------------------------------
No synchronizer chains to report.


+-----------------------------------------------------------------------------------------+
; Multicorner Timing Analysis Summary                                                     ;
+----------------------------+---------+-------+----------+---------+---------------------+
; Clock                      ; Setup   ; Hold  ; Recovery ; Removal ; Minimum Pulse Width ;
+----------------------------+---------+-------+----------+---------+---------------------+
; Worst-case Slack           ; -4.174  ; 0.179 ; N/A      ; N/A     ; -3.000              ;
;  CLK                       ; -4.174  ; 0.278 ; N/A      ; N/A     ; -3.000              ;
;  clk_divider:inst5|clk_out ; -0.257  ; 0.179 ; N/A      ; N/A     ; -1.487              ;
; Design-wide TNS            ; -52.079 ; 0.0   ; 0.0      ; 0.0     ; -47.61              ;
;  CLK                       ; -51.374 ; 0.000 ; N/A      ; N/A     ; -41.662             ;
;  clk_divider:inst5|clk_out ; -0.705  ; 0.000 ; N/A      ; N/A     ; -5.948              ;
+----------------------------+---------+-------+----------+---------+---------------------+


+------------------------------------------------------------------------------------------------------------------------------------------------------------------------------------------------------------------------------------------------------------------------------------------------------------------------------------------------------------------------------------------------------------------+
; Board Trace Model Assignments                                                                                                                                                                                                                                                                                                                                                                                    ;
+---------------+--------------+-------------------+-------------------------+-------------------------+---------------+---------------------+----------------+------------------+--------+------------------+------------------------+------------------------+--------------+---------------+-----------------+-------+---------------------+--------------------+---------------+-----------------+-------------+
; Pin           ; I/O Standard ; Near Tline Length ; Near Tline L per Length ; Near Tline C per Length ; Near Series R ; Near Differential R ; Near Pull-up R ; Near Pull-down R ; Near C ; Far Tline Length ; Far Tline L per Length ; Far Tline C per Length ; Far Series R ; Far Pull-up R ; Far Pull-down R ; Far C ; Termination Voltage ; Far Differential R ; EBD File Name ; EBD Signal Name ; EBD Far-end ;
+---------------+--------------+-------------------+-------------------------+-------------------------+---------------+---------------------+----------------+------------------+--------+------------------+------------------------+------------------------+--------------+---------------+-----------------+-------+---------------------+--------------------+---------------+-----------------+-------------+
; QD            ; 2.5 V        ; 0 in              ; 0 H/in                  ; 0 F/in                  ; short         ; -                   ; open           ; open             ; open   ; 0 in             ; 0 H/in                 ; 0 F/in                 ; short        ; open          ; open            ; open  ; 0 V                 ; -                  ; n/a           ; n/a             ; n/a         ;
; QC            ; 2.5 V        ; 0 in              ; 0 H/in                  ; 0 F/in                  ; short         ; -                   ; open           ; open             ; open   ; 0 in             ; 0 H/in                 ; 0 F/in                 ; short        ; open          ; open            ; open  ; 0 V                 ; -                  ; n/a           ; n/a             ; n/a         ;
; QB            ; 2.5 V        ; 0 in              ; 0 H/in                  ; 0 F/in                  ; short         ; -                   ; open           ; open             ; open   ; 0 in             ; 0 H/in                 ; 0 F/in                 ; short        ; open          ; open            ; open  ; 0 V                 ; -                  ; n/a           ; n/a             ; n/a         ;
; QA            ; 2.5 V        ; 0 in              ; 0 H/in                  ; 0 F/in                  ; short         ; -                   ; open           ; open             ; open   ; 0 in             ; 0 H/in                 ; 0 F/in                 ; short        ; open          ; open            ; open  ; 0 V                 ; -                  ; n/a           ; n/a             ; n/a         ;
; CO            ; 2.5 V        ; 0 in              ; 0 H/in                  ; 0 F/in                  ; short         ; -                   ; open           ; open             ; open   ; 0 in             ; 0 H/in                 ; 0 F/in                 ; short        ; open          ; open            ; open  ; 0 V                 ; -                  ; n/a           ; n/a             ; n/a         ;
; ~ALTERA_DCLK~ ; 2.5 V        ; 0 in              ; 0 H/in                  ; 0 F/in                  ; short         ; -                   ; open           ; open             ; open   ; 0 in             ; 0 H/in                 ; 0 F/in                 ; short        ; open          ; open            ; open  ; 0 V                 ; -                  ; n/a           ; n/a             ; n/a         ;
; ~ALTERA_nCEO~ ; 2.5 V        ; 0 in              ; 0 H/in                  ; 0 F/in                  ; short         ; -                   ; open           ; open             ; open   ; 0 in             ; 0 H/in                 ; 0 F/in                 ; short        ; open          ; open            ; open  ; 0 V                 ; -                  ; n/a           ; n/a             ; n/a         ;
+---------------+--------------+-------------------+-------------------------+-------------------------+---------------+---------------------+----------------+------------------+--------+------------------+------------------------+------------------------+--------------+---------------+-----------------+-------+---------------------+--------------------+---------------+-----------------+-------------+


+----------------------------------------------------------------------------+
; Input Transition Times                                                     ;
+-------------------------+--------------+-----------------+-----------------+
; Pin                     ; I/O Standard ; 10-90 Rise Time ; 90-10 Fall Time ;
+-------------------------+--------------+-----------------+-----------------+
; RST_N                   ; 2.5 V        ; 2000 ps         ; 2000 ps         ;
; CLK                     ; 2.5 V        ; 2000 ps         ; 2000 ps         ;
; ~ALTERA_ASDO_DATA1~     ; 2.5 V        ; 2000 ps         ; 2000 ps         ;
; ~ALTERA_FLASH_nCE_nCSO~ ; 2.5 V        ; 2000 ps         ; 2000 ps         ;
; ~ALTERA_DATA0~          ; 2.5 V        ; 2000 ps         ; 2000 ps         ;
+-------------------------+--------------+-----------------+-----------------+


+--------------------------------------------------------------------------------------------------------------------------------------------------------------------------------------------------------------------------------------------------------------------------------------------------------------------------------------------------------------------------------------------------------------------------------------------------------------------------------------------------------------------------------------------------------------------------------------------------------------------------------------------------------------------------------------------+
; Signal Integrity Metrics (Slow 1200mv n40c Model)                                                                                                                                                                                                                                                                                                                                                                                                                                                                                                                                                                                                                                          ;
+---------------+--------------+---------------------+---------------------+------------------------------+------------------------------+---------------------+---------------------+--------------------------------------+--------------------------------------+-----------------------------+-----------------------------+----------------------------+----------------------------+-----------------------------+-----------------------------+--------------------+--------------------+-------------------------------------+-------------------------------------+----------------------------+----------------------------+---------------------------+---------------------------+
; Pin           ; I/O Standard ; Board Delay on Rise ; Board Delay on Fall ; Steady State Voh at FPGA Pin ; Steady State Vol at FPGA Pin ; Voh Max at FPGA Pin ; Vol Min at FPGA Pin ; Ringback Voltage on Rise at FPGA Pin ; Ringback Voltage on Fall at FPGA Pin ; 10-90 Rise Time at FPGA Pin ; 90-10 Fall Time at FPGA Pin ; Monotonic Rise at FPGA Pin ; Monotonic Fall at FPGA Pin ; Steady State Voh at Far-end ; Steady State Vol at Far-end ; Voh Max at Far-end ; Vol Min at Far-end ; Ringback Voltage on Rise at Far-end ; Ringback Voltage on Fall at Far-end ; 10-90 Rise Time at Far-end ; 90-10 Fall Time at Far-end ; Monotonic Rise at Far-end ; Monotonic Fall at Far-end ;
+---------------+--------------+---------------------+---------------------+------------------------------+------------------------------+---------------------+---------------------+--------------------------------------+--------------------------------------+-----------------------------+-----------------------------+----------------------------+----------------------------+-----------------------------+-----------------------------+--------------------+--------------------+-------------------------------------+-------------------------------------+----------------------------+----------------------------+---------------------------+---------------------------+
; QD            ; 2.5 V        ; 0 s                 ; 0 s                 ; 2.32 V                       ; 1.46e-09 V                   ; 2.37 V              ; -0.0241 V           ; 0.127 V                              ; 0.073 V                              ; 6.7e-10 s                   ; 6.3e-10 s                   ; No                         ; Yes                        ; 2.32 V                      ; 1.46e-09 V                  ; 2.37 V             ; -0.0241 V          ; 0.127 V                             ; 0.073 V                             ; 6.7e-10 s                  ; 6.3e-10 s                  ; No                        ; Yes                       ;
; QC            ; 2.5 V        ; 0 s                 ; 0 s                 ; 2.32 V                       ; 1.46e-09 V                   ; 2.39 V              ; -0.0221 V           ; 0.159 V                              ; 0.03 V                               ; 4.72e-10 s                  ; 4.62e-10 s                  ; Yes                        ; Yes                        ; 2.32 V                      ; 1.46e-09 V                  ; 2.39 V             ; -0.0221 V          ; 0.159 V                             ; 0.03 V                              ; 4.72e-10 s                 ; 4.62e-10 s                 ; Yes                       ; Yes                       ;
; QB            ; 2.5 V        ; 0 s                 ; 0 s                 ; 2.32 V                       ; 1.46e-09 V                   ; 2.37 V              ; -0.0241 V           ; 0.127 V                              ; 0.073 V                              ; 6.7e-10 s                   ; 6.3e-10 s                   ; No                         ; Yes                        ; 2.32 V                      ; 1.46e-09 V                  ; 2.37 V             ; -0.0241 V          ; 0.127 V                             ; 0.073 V                             ; 6.7e-10 s                  ; 6.3e-10 s                  ; No                        ; Yes                       ;
; QA            ; 2.5 V        ; 0 s                 ; 0 s                 ; 2.32 V                       ; 1.46e-09 V                   ; 2.37 V              ; -0.0241 V           ; 0.127 V                              ; 0.073 V                              ; 6.7e-10 s                   ; 6.3e-10 s                   ; No                         ; Yes                        ; 2.32 V                      ; 1.46e-09 V                  ; 2.37 V             ; -0.0241 V          ; 0.127 V                             ; 0.073 V                             ; 6.7e-10 s                  ; 6.3e-10 s                  ; No                        ; Yes                       ;
; CO            ; 2.5 V        ; 0 s                 ; 0 s                 ; 2.32 V                       ; 1.87e-09 V                   ; 2.41 V              ; -0.0441 V           ; 0.217 V                              ; 0.126 V                              ; 2.86e-10 s                  ; 3.07e-10 s                  ; Yes                        ; Yes                        ; 2.32 V                      ; 1.87e-09 V                  ; 2.41 V             ; -0.0441 V          ; 0.217 V                             ; 0.126 V                             ; 2.86e-10 s                 ; 3.07e-10 s                 ; Yes                       ; Yes                       ;
; ~ALTERA_DCLK~ ; 2.5 V        ; 0 s                 ; 0 s                 ; 2.32 V                       ; 1.16e-09 V                   ; 2.39 V              ; -0.0374 V           ; 0.127 V                              ; 0.051 V                              ; 4.57e-10 s                  ; 3.66e-10 s                  ; No                         ; Yes                        ; 2.32 V                      ; 1.16e-09 V                  ; 2.39 V             ; -0.0374 V          ; 0.127 V                             ; 0.051 V                             ; 4.57e-10 s                 ; 3.66e-10 s                 ; No                        ; Yes                       ;
; ~ALTERA_nCEO~ ; 2.5 V        ; 0 s                 ; 0 s                 ; 2.32 V                       ; 1.76e-09 V                   ; 2.38 V              ; -0.00636 V          ; 0.233 V                              ; 0.017 V                              ; 5.26e-10 s                  ; 7.33e-10 s                  ; No                         ; Yes                        ; 2.32 V                      ; 1.76e-09 V                  ; 2.38 V             ; -0.00636 V         ; 0.233 V                             ; 0.017 V                             ; 5.26e-10 s                 ; 7.33e-10 s                 ; No                        ; Yes                       ;
+---------------+--------------+---------------------+---------------------+------------------------------+------------------------------+---------------------+---------------------+--------------------------------------+--------------------------------------+-----------------------------+-----------------------------+----------------------------+----------------------------+-----------------------------+-----------------------------+--------------------+--------------------+-------------------------------------+-------------------------------------+----------------------------+----------------------------+---------------------------+---------------------------+


+--------------------------------------------------------------------------------------------------------------------------------------------------------------------------------------------------------------------------------------------------------------------------------------------------------------------------------------------------------------------------------------------------------------------------------------------------------------------------------------------------------------------------------------------------------------------------------------------------------------------------------------------------------------------------------------------+
; Signal Integrity Metrics (Slow 1200mv 125c Model)                                                                                                                                                                                                                                                                                                                                                                                                                                                                                                                                                                                                                                          ;
+---------------+--------------+---------------------+---------------------+------------------------------+------------------------------+---------------------+---------------------+--------------------------------------+--------------------------------------+-----------------------------+-----------------------------+----------------------------+----------------------------+-----------------------------+-----------------------------+--------------------+--------------------+-------------------------------------+-------------------------------------+----------------------------+----------------------------+---------------------------+---------------------------+
; Pin           ; I/O Standard ; Board Delay on Rise ; Board Delay on Fall ; Steady State Voh at FPGA Pin ; Steady State Vol at FPGA Pin ; Voh Max at FPGA Pin ; Vol Min at FPGA Pin ; Ringback Voltage on Rise at FPGA Pin ; Ringback Voltage on Fall at FPGA Pin ; 10-90 Rise Time at FPGA Pin ; 90-10 Fall Time at FPGA Pin ; Monotonic Rise at FPGA Pin ; Monotonic Fall at FPGA Pin ; Steady State Voh at Far-end ; Steady State Vol at Far-end ; Voh Max at Far-end ; Vol Min at Far-end ; Ringback Voltage on Rise at Far-end ; Ringback Voltage on Fall at Far-end ; 10-90 Rise Time at Far-end ; 90-10 Fall Time at Far-end ; Monotonic Rise at Far-end ; Monotonic Fall at Far-end ;
+---------------+--------------+---------------------+---------------------+------------------------------+------------------------------+---------------------+---------------------+--------------------------------------+--------------------------------------+-----------------------------+-----------------------------+----------------------------+----------------------------+-----------------------------+-----------------------------+--------------------+--------------------+-------------------------------------+-------------------------------------+----------------------------+----------------------------+---------------------------+---------------------------+
; QD            ; 2.5 V        ; 0 s                 ; 0 s                 ; 2.32 V                       ; 2.95e-06 V                   ; 2.34 V              ; -0.00547 V          ; 0.078 V                              ; 0.03 V                               ; 9.16e-10 s                  ; 9.07e-10 s                  ; Yes                        ; Yes                        ; 2.32 V                      ; 2.95e-06 V                  ; 2.34 V             ; -0.00547 V         ; 0.078 V                             ; 0.03 V                              ; 9.16e-10 s                 ; 9.07e-10 s                 ; Yes                       ; Yes                       ;
; QC            ; 2.5 V        ; 0 s                 ; 0 s                 ; 2.32 V                       ; 2.95e-06 V                   ; 2.34 V              ; -0.00607 V          ; 0.068 V                              ; 0.021 V                              ; 6.93e-10 s                  ; 7.01e-10 s                  ; Yes                        ; Yes                        ; 2.32 V                      ; 2.95e-06 V                  ; 2.34 V             ; -0.00607 V         ; 0.068 V                             ; 0.021 V                             ; 6.93e-10 s                 ; 7.01e-10 s                 ; Yes                       ; Yes                       ;
; QB            ; 2.5 V        ; 0 s                 ; 0 s                 ; 2.32 V                       ; 2.95e-06 V                   ; 2.34 V              ; -0.00547 V          ; 0.078 V                              ; 0.03 V                               ; 9.16e-10 s                  ; 9.07e-10 s                  ; Yes                        ; Yes                        ; 2.32 V                      ; 2.95e-06 V                  ; 2.34 V             ; -0.00547 V         ; 0.078 V                             ; 0.03 V                              ; 9.16e-10 s                 ; 9.07e-10 s                 ; Yes                       ; Yes                       ;
; QA            ; 2.5 V        ; 0 s                 ; 0 s                 ; 2.32 V                       ; 2.95e-06 V                   ; 2.34 V              ; -0.00547 V          ; 0.078 V                              ; 0.03 V                               ; 9.16e-10 s                  ; 9.07e-10 s                  ; Yes                        ; Yes                        ; 2.32 V                      ; 2.95e-06 V                  ; 2.34 V             ; -0.00547 V         ; 0.078 V                             ; 0.03 V                              ; 9.16e-10 s                 ; 9.07e-10 s                 ; Yes                       ; Yes                       ;
; CO            ; 2.5 V        ; 0 s                 ; 0 s                 ; 2.32 V                       ; 4.38e-06 V                   ; 2.34 V              ; -0.00104 V          ; 0.061 V                              ; 0.002 V                              ; 4.9e-10 s                   ; 5.16e-10 s                  ; Yes                        ; Yes                        ; 2.32 V                      ; 4.38e-06 V                  ; 2.34 V             ; -0.00104 V         ; 0.061 V                             ; 0.002 V                             ; 4.9e-10 s                  ; 5.16e-10 s                 ; Yes                       ; Yes                       ;
; ~ALTERA_DCLK~ ; 2.5 V        ; 0 s                 ; 0 s                 ; 2.32 V                       ; 2.3e-06 V                    ; 2.34 V              ; -0.0069 V           ; 0.107 V                              ; 0.016 V                              ; 6.58e-10 s                  ; 5.7e-10 s                   ; Yes                        ; Yes                        ; 2.32 V                      ; 2.3e-06 V                   ; 2.34 V             ; -0.0069 V          ; 0.107 V                             ; 0.016 V                             ; 6.58e-10 s                 ; 5.7e-10 s                  ; Yes                       ; Yes                       ;
; ~ALTERA_nCEO~ ; 2.5 V        ; 0 s                 ; 0 s                 ; 2.32 V                       ; 3.82e-06 V                   ; 2.34 V              ; -0.00418 V          ; 0.06 V                               ; 0.025 V                              ; 8.71e-10 s                  ; 1.13e-09 s                  ; Yes                        ; Yes                        ; 2.32 V                      ; 3.82e-06 V                  ; 2.34 V             ; -0.00418 V         ; 0.06 V                              ; 0.025 V                             ; 8.71e-10 s                 ; 1.13e-09 s                 ; Yes                       ; Yes                       ;
+---------------+--------------+---------------------+---------------------+------------------------------+------------------------------+---------------------+---------------------+--------------------------------------+--------------------------------------+-----------------------------+-----------------------------+----------------------------+----------------------------+-----------------------------+-----------------------------+--------------------+--------------------+-------------------------------------+-------------------------------------+----------------------------+----------------------------+---------------------------+---------------------------+


+--------------------------------------------------------------------------------------------------------------------------------------------------------------------------------------------------------------------------------------------------------------------------------------------------------------------------------------------------------------------------------------------------------------------------------------------------------------------------------------------------------------------------------------------------------------------------------------------------------------------------------------------------------------------------------------------+
; Signal Integrity Metrics (Fast 1200mv n40c Model)                                                                                                                                                                                                                                                                                                                                                                                                                                                                                                                                                                                                                                          ;
+---------------+--------------+---------------------+---------------------+------------------------------+------------------------------+---------------------+---------------------+--------------------------------------+--------------------------------------+-----------------------------+-----------------------------+----------------------------+----------------------------+-----------------------------+-----------------------------+--------------------+--------------------+-------------------------------------+-------------------------------------+----------------------------+----------------------------+---------------------------+---------------------------+
; Pin           ; I/O Standard ; Board Delay on Rise ; Board Delay on Fall ; Steady State Voh at FPGA Pin ; Steady State Vol at FPGA Pin ; Voh Max at FPGA Pin ; Vol Min at FPGA Pin ; Ringback Voltage on Rise at FPGA Pin ; Ringback Voltage on Fall at FPGA Pin ; 10-90 Rise Time at FPGA Pin ; 90-10 Fall Time at FPGA Pin ; Monotonic Rise at FPGA Pin ; Monotonic Fall at FPGA Pin ; Steady State Voh at Far-end ; Steady State Vol at Far-end ; Voh Max at Far-end ; Vol Min at Far-end ; Ringback Voltage on Rise at Far-end ; Ringback Voltage on Fall at Far-end ; 10-90 Rise Time at Far-end ; 90-10 Fall Time at Far-end ; Monotonic Rise at Far-end ; Monotonic Fall at Far-end ;
+---------------+--------------+---------------------+---------------------+------------------------------+------------------------------+---------------------+---------------------+--------------------------------------+--------------------------------------+-----------------------------+-----------------------------+----------------------------+----------------------------+-----------------------------+-----------------------------+--------------------+--------------------+-------------------------------------+-------------------------------------+----------------------------+----------------------------+---------------------------+---------------------------+
; QD            ; 2.5 V        ; 0 s                 ; 0 s                 ; 2.62 V                       ; 2.43e-09 V                   ; 2.73 V              ; -0.043 V            ; 0.216 V                              ; 0.135 V                              ; 4.76e-10 s                  ; 4.78e-10 s                  ; No                         ; Yes                        ; 2.62 V                      ; 2.43e-09 V                  ; 2.73 V             ; -0.043 V           ; 0.216 V                             ; 0.135 V                             ; 4.76e-10 s                 ; 4.78e-10 s                 ; No                        ; Yes                       ;
; QC            ; 2.5 V        ; 0 s                 ; 0 s                 ; 2.62 V                       ; 2.43e-09 V                   ; 2.74 V              ; -0.0602 V           ; 0.305 V                              ; 0.08 V                               ; 2.97e-10 s                  ; 3.46e-10 s                  ; No                         ; Yes                        ; 2.62 V                      ; 2.43e-09 V                  ; 2.74 V             ; -0.0602 V          ; 0.305 V                             ; 0.08 V                              ; 2.97e-10 s                 ; 3.46e-10 s                 ; No                        ; Yes                       ;
; QB            ; 2.5 V        ; 0 s                 ; 0 s                 ; 2.62 V                       ; 2.43e-09 V                   ; 2.73 V              ; -0.043 V            ; 0.216 V                              ; 0.135 V                              ; 4.76e-10 s                  ; 4.78e-10 s                  ; No                         ; Yes                        ; 2.62 V                      ; 2.43e-09 V                  ; 2.73 V             ; -0.043 V           ; 0.216 V                             ; 0.135 V                             ; 4.76e-10 s                 ; 4.78e-10 s                 ; No                        ; Yes                       ;
; QA            ; 2.5 V        ; 0 s                 ; 0 s                 ; 2.62 V                       ; 2.43e-09 V                   ; 2.73 V              ; -0.043 V            ; 0.216 V                              ; 0.135 V                              ; 4.76e-10 s                  ; 4.78e-10 s                  ; No                         ; Yes                        ; 2.62 V                      ; 2.43e-09 V                  ; 2.73 V             ; -0.043 V           ; 0.216 V                             ; 0.135 V                             ; 4.76e-10 s                 ; 4.78e-10 s                 ; No                        ; Yes                       ;
; CO            ; 2.5 V        ; 0 s                 ; 0 s                 ; 2.62 V                       ; 3.46e-09 V                   ; 2.76 V              ; -0.079 V            ; 0.178 V                              ; 0.111 V                              ; 2.58e-10 s                  ; 2.54e-10 s                  ; Yes                        ; Yes                        ; 2.62 V                      ; 3.46e-09 V                  ; 2.76 V             ; -0.079 V           ; 0.178 V                             ; 0.111 V                             ; 2.58e-10 s                 ; 2.54e-10 s                 ; Yes                       ; Yes                       ;
; ~ALTERA_DCLK~ ; 2.5 V        ; 0 s                 ; 0 s                 ; 2.62 V                       ; 2e-09 V                      ; 2.74 V              ; -0.103 V            ; 0.233 V                              ; 0.159 V                              ; 2.85e-10 s                  ; 2.77e-10 s                  ; Yes                        ; Yes                        ; 2.62 V                      ; 2e-09 V                     ; 2.74 V             ; -0.103 V           ; 0.233 V                             ; 0.159 V                             ; 2.85e-10 s                 ; 2.77e-10 s                 ; Yes                       ; Yes                       ;
; ~ALTERA_nCEO~ ; 2.5 V        ; 0 s                 ; 0 s                 ; 2.62 V                       ; 3.09e-09 V                   ; 2.72 V              ; -0.0273 V           ; 0.18 V                               ; 0.08 V                               ; 4.67e-10 s                  ; 6.1e-10 s                   ; No                         ; Yes                        ; 2.62 V                      ; 3.09e-09 V                  ; 2.72 V             ; -0.0273 V          ; 0.18 V                              ; 0.08 V                              ; 4.67e-10 s                 ; 6.1e-10 s                  ; No                        ; Yes                       ;
+---------------+--------------+---------------------+---------------------+------------------------------+------------------------------+---------------------+---------------------+--------------------------------------+--------------------------------------+-----------------------------+-----------------------------+----------------------------+----------------------------+-----------------------------+-----------------------------+--------------------+--------------------+-------------------------------------+-------------------------------------+----------------------------+----------------------------+---------------------------+---------------------------+


+---------------------------------------------------------------------------------------------------+
; Setup Transfers                                                                                   ;
+---------------------------+---------------------------+----------+----------+----------+----------+
; From Clock                ; To Clock                  ; RR Paths ; FR Paths ; RF Paths ; FF Paths ;
+---------------------------+---------------------------+----------+----------+----------+----------+
; CLK                       ; CLK                       ; 650      ; 0        ; 0        ; 0        ;
; clk_divider:inst5|clk_out ; CLK                       ; 1        ; 1        ; 0        ; 0        ;
; clk_divider:inst5|clk_out ; clk_divider:inst5|clk_out ; 11       ; 0        ; 0        ; 0        ;
+---------------------------+---------------------------+----------+----------+----------+----------+
Entries labeled "false path" only account for clock-to-clock false paths and not path-based false paths. As a result, actual path counts may be lower than reported.


+---------------------------------------------------------------------------------------------------+
; Hold Transfers                                                                                    ;
+---------------------------+---------------------------+----------+----------+----------+----------+
; From Clock                ; To Clock                  ; RR Paths ; FR Paths ; RF Paths ; FF Paths ;
+---------------------------+---------------------------+----------+----------+----------+----------+
; CLK                       ; CLK                       ; 650      ; 0        ; 0        ; 0        ;
; clk_divider:inst5|clk_out ; CLK                       ; 1        ; 1        ; 0        ; 0        ;
; clk_divider:inst5|clk_out ; clk_divider:inst5|clk_out ; 11       ; 0        ; 0        ; 0        ;
+---------------------------+---------------------------+----------+----------+----------+----------+
Entries labeled "false path" only account for clock-to-clock false paths and not path-based false paths. As a result, actual path counts may be lower than reported.


---------------
; Report TCCS ;
---------------
No dedicated SERDES Transmitter circuitry present in device or used in design


---------------
; Report RSKM ;
---------------
No non-DPA dedicated SERDES Receiver circuitry present in device or used in design


+------------------------------------------------+
; Unconstrained Paths Summary                    ;
+---------------------------------+-------+------+
; Property                        ; Setup ; Hold ;
+---------------------------------+-------+------+
; Illegal Clocks                  ; 0     ; 0    ;
; Unconstrained Clocks            ; 0     ; 0    ;
; Unconstrained Input Ports       ; 1     ; 1    ;
; Unconstrained Input Port Paths  ; 30    ; 30   ;
; Unconstrained Output Ports      ; 5     ; 5    ;
; Unconstrained Output Port Paths ; 6     ; 6    ;
+---------------------------------+-------+------+


+----------------------------------------------------------------------------+
; Clock Status Summary                                                       ;
+---------------------------+---------------------------+------+-------------+
; Target                    ; Clock                     ; Type ; Status      ;
+---------------------------+---------------------------+------+-------------+
; CLK                       ; CLK                       ; Base ; Constrained ;
; clk_divider:inst5|clk_out ; clk_divider:inst5|clk_out ; Base ; Constrained ;
+---------------------------+---------------------------+------+-------------+


+---------------------------------------------------------------------------------------------------+
; Unconstrained Input Ports                                                                         ;
+------------+--------------------------------------------------------------------------------------+
; Input Port ; Comment                                                                              ;
+------------+--------------------------------------------------------------------------------------+
; RST_N      ; No input delay, min/max delays, false-path exceptions, or max skew assignments found ;
+------------+--------------------------------------------------------------------------------------+


+-----------------------------------------------------------------------------------------------------+
; Unconstrained Output Ports                                                                          ;
+-------------+---------------------------------------------------------------------------------------+
; Output Port ; Comment                                                                               ;
+-------------+---------------------------------------------------------------------------------------+
; CO          ; No output delay, min/max delays, false-path exceptions, or max skew assignments found ;
; QA          ; No output delay, min/max delays, false-path exceptions, or max skew assignments found ;
; QB          ; No output delay, min/max delays, false-path exceptions, or max skew assignments found ;
; QC          ; No output delay, min/max delays, false-path exceptions, or max skew assignments found ;
; QD          ; No output delay, min/max delays, false-path exceptions, or max skew assignments found ;
+-------------+---------------------------------------------------------------------------------------+


+---------------------------------------------------------------------------------------------------+
; Unconstrained Input Ports                                                                         ;
+------------+--------------------------------------------------------------------------------------+
; Input Port ; Comment                                                                              ;
+------------+--------------------------------------------------------------------------------------+
; RST_N      ; No input delay, min/max delays, false-path exceptions, or max skew assignments found ;
+------------+--------------------------------------------------------------------------------------+


+-----------------------------------------------------------------------------------------------------+
; Unconstrained Output Ports                                                                          ;
+-------------+---------------------------------------------------------------------------------------+
; Output Port ; Comment                                                                               ;
+-------------+---------------------------------------------------------------------------------------+
; CO          ; No output delay, min/max delays, false-path exceptions, or max skew assignments found ;
; QA          ; No output delay, min/max delays, false-path exceptions, or max skew assignments found ;
; QB          ; No output delay, min/max delays, false-path exceptions, or max skew assignments found ;
; QC          ; No output delay, min/max delays, false-path exceptions, or max skew assignments found ;
; QD          ; No output delay, min/max delays, false-path exceptions, or max skew assignments found ;
+-------------+---------------------------------------------------------------------------------------+


+------------------------------------+
; TimeQuest Timing Analyzer Messages ;
+------------------------------------+
Info: *******************************************************************
Info: Running Quartus Prime TimeQuest Timing Analyzer
    Info: Version 17.1.0 Build 590 10/25/2017 SJ Lite Edition
    Info: Processing started: Wed Dec 24 20:29:30 2025
Info: Command: quartus_sta M10 -c M10
Info: qsta_default_script.tcl version: #3
Warning (18236): Number of processors has not been specified which may cause overloading on shared machines.  Set the global assignment NUM_PARALLEL_PROCESSORS in your QSF to an appropriate value for best performance.
Info (20030): Parallel compilation is enabled and will use 16 of the 32 processors detected
Info (21077): Low junction temperature is -40 degrees C
Info (21077): High junction temperature is 125 degrees C
Critical Warning (332012): Synopsys Design Constraints File file not found: 'M10.sdc'. A Synopsys Design Constraints File is required by the TimeQuest Timing Analyzer to get proper timing constraints. Without it, the Compiler will not properly optimize the design.
Info (332142): No user constrained base clocks found in the design. Calling "derive_clocks -period 1.0"
Info (332105): Deriving Clocks
    Info (332105): create_clock -period 1.000 -name CLK CLK
    Info (332105): create_clock -period 1.000 -name clk_divider:inst5|clk_out clk_divider:inst5|clk_out
Info (332143): No user constrained clock uncertainty found in the design. Calling "derive_clock_uncertainty"
Info (332123): Deriving Clock Uncertainty. Please refer to report_sdc in TimeQuest to see clock uncertainties.
Info: Found TIMEQUEST_REPORT_SCRIPT_INCLUDE_DEFAULT_ANALYSIS = ON
Info: Analyzing Slow 1200mV 125C Model
Critical Warning (332148): Timing requirements not met
    Info (11105): For recommendations on closing timing, run Report Timing Closure Recommendations in the TimeQuest Timing Analyzer.
Info (332146): Worst-case setup slack is -4.174
    Info (332119):     Slack       End Point TNS Clock 
    Info (332119): ========= =================== =====================
    Info (332119):    -4.174             -51.374 CLK 
    Info (332119):    -0.257              -0.705 clk_divider:inst5|clk_out 
Info (332146): Worst-case hold slack is 0.428
    Info (332119):     Slack       End Point TNS Clock 
    Info (332119): ========= =================== =====================
    Info (332119):     0.428               0.000 clk_divider:inst5|clk_out 
    Info (332119):     0.662               0.000 CLK 
Info (332140): No Recovery paths to report
Info (332140): No Removal paths to report
Info (332146): Worst-case minimum pulse width slack is -3.000
    Info (332119):     Slack       End Point TNS Clock 
    Info (332119): ========= =================== =====================
    Info (332119):    -3.000             -41.662 CLK 
    Info (332119):    -1.487              -5.948 clk_divider:inst5|clk_out 
Info: Analyzing Slow 1200mV -40C Model
Info (334003): Started post-fitting delay annotation
Info (334004): Delay annotation completed successfully
Info (332123): Deriving Clock Uncertainty. Please refer to report_sdc in TimeQuest to see clock uncertainties.
Critical Warning (332148): Timing requirements not met
    Info (11105): For recommendations on closing timing, run Report Timing Closure Recommendations in the TimeQuest Timing Analyzer.
Info (332146): Worst-case setup slack is -3.462
    Info (332119):     Slack       End Point TNS Clock 
    Info (332119): ========= =================== =====================
    Info (332119):    -3.462             -38.851 CLK 
    Info (332119):    -0.052              -0.088 clk_divider:inst5|clk_out 
Info (332146): Worst-case hold slack is 0.344
    Info (332119):     Slack       End Point TNS Clock 
    Info (332119): ========= =================== =====================
    Info (332119):     0.344               0.000 clk_divider:inst5|clk_out 
    Info (332119):     0.577               0.000 CLK 
Info (332140): No Recovery paths to report
Info (332140): No Removal paths to report
Info (332146): Worst-case minimum pulse width slack is -3.000
    Info (332119):     Slack       End Point TNS Clock 
    Info (332119): ========= =================== =====================
    Info (332119):    -3.000             -36.410 CLK 
    Info (332119):    -1.285              -5.140 clk_divider:inst5|clk_out 
Info: Analyzing Fast 1200mV -40C Model
Info (332123): Deriving Clock Uncertainty. Please refer to report_sdc in TimeQuest to see clock uncertainties.
Critical Warning (332148): Timing requirements not met
    Info (11105): For recommendations on closing timing, run Report Timing Closure Recommendations in the TimeQuest Timing Analyzer.
Info (332146): Worst-case setup slack is -1.493
    Info (332119):     Slack       End Point TNS Clock 
    Info (332119): ========= =================== =====================
    Info (332119):    -1.493             -10.291 CLK 
    Info (332119):     0.429               0.000 clk_divider:inst5|clk_out 
Info (332146): Worst-case hold slack is 0.179
    Info (332119):     Slack       End Point TNS Clock 
    Info (332119): ========= =================== =====================
    Info (332119):     0.179               0.000 clk_divider:inst5|clk_out 
    Info (332119):     0.278               0.000 CLK 
Info (332140): No Recovery paths to report
Info (332140): No Removal paths to report
Info (332146): Worst-case minimum pulse width slack is -3.000
    Info (332119):     Slack       End Point TNS Clock 
    Info (332119): ========= =================== =====================
    Info (332119):    -3.000             -30.312 CLK 
    Info (332119):    -1.000              -4.000 clk_divider:inst5|clk_out 
Info (332102): Design is not fully constrained for setup requirements
Info (332102): Design is not fully constrained for hold requirements
Info: Quartus Prime TimeQuest Timing Analyzer was successful. 0 errors, 5 warnings
    Info: Peak virtual memory: 4891 megabytes
    Info: Processing ended: Wed Dec 24 20:29:32 2025
    Info: Elapsed time: 00:00:02
    Info: Total CPU time (on all processors): 00:00:02


