TimeQuest Timing Analyzer report for trafficlight
Fri Dec 26 21:06:39 2025
Quartus Prime Version 17.1.0 Build 590 10/25/2017 SJ Lite Edition


---------------------
; Table of Contents ;
---------------------
  1. Legal Notice
  2. TimeQuest Timing Analyzer Summary
  3. Parallel Compilation
  4. Clocks
  5. Slow 1200mV 125C Model Fmax Summary
  6. Timing Closure Recommendations
  7. Slow 1200mV 125C Model Setup Summary
  8. Slow 1200mV 125C Model Hold Summary
  9. Slow 1200mV 125C Model Recovery Summary
 10. Slow 1200mV 125C Model Removal Summary
 11. Slow 1200mV 125C Model Minimum Pulse Width Summary
 12. Slow 1200mV 125C Model Setup: 'clk'
 13. Slow 1200mV 125C Model Setup: 'clk_1hz'
 14. Slow 1200mV 125C Model Hold: 'clk'
 15. Slow 1200mV 125C Model Hold: 'clk_1hz'
 16. Slow 1200mV 125C Model Metastability Summary
 17. Slow 1200mV -40C Model Fmax Summary
 18. Slow 1200mV -40C Model Setup Summary
 19. Slow 1200mV -40C Model Hold Summary
 20. Slow 1200mV -40C Model Recovery Summary
 21. Slow 1200mV -40C Model Removal Summary
 22. Slow 1200mV -40C Model Minimum Pulse Width Summary
 23. Slow 1200mV -40C Model Setup: 'clk'
 24. Slow 1200mV -40C Model Setup: 'clk_1hz'
 25. Slow 1200mV -40C Model Hold: 'clk'
 26. Slow 1200mV -40C Model Hold: 'clk_1hz'
 27. Slow 1200mV -40C Model Metastability Summary
 28. Fast 1200mV -40C Model Setup Summary
 29. Fast 1200mV -40C Model Hold Summary
 30. Fast 1200mV -40C Model Recovery Summary
 31. Fast 1200mV -40C Model Removal Summary
 32. Fast 1200mV -40C Model Minimum Pulse Width Summary
 33. Fast 1200mV -40C Model Setup: 'clk'
 34. Fast 1200mV -40C Model Setup: 'clk_1hz'
 35. Fast 1200mV -40C Model Hold: 'clk'
 36. Fast 1200mV -40C Model Hold: 'clk_1hz'
 37. Fast 1200mV -40C Model Metastability Summary
 38. Multicorner Timing Analysis Summary
 39. Board Trace Model Assignments
 40. Input Transition Times
 41. Signal Integrity Metrics (Slow 1200mv n40c Model)
 42. Signal Integrity Metrics (Slow 1200mv 125c Model)
 43. Signal Integrity Metrics (Fast 1200mv n40c Model)
 44. Setup Transfers
 45. Hold Transfers
 46. Report TCCS
 47. Report RSKM
 48. Unconstrained Paths Summary
 49. Clock Status Summary
 50. Unconstrained Input Ports
 51. Unconstrained Output Ports
 52. Unconstrained Input Ports
 53. Unconstrained Output Ports
 54. TimeQuest Timing Analyzer Messages



----------------
; Legal Notice ;
----------------
Copyright (C) 2017  Intel Corporation. All rights reserved.
Your use of Intel Corporation's design tools, logic functions 
and other software and tools, and its AMPP partner logic 
functions, and any output files from any of the foregoing 
(including device programming or simulation files), and any 
associated documentation or information are expressly subject 
to the terms and conditions of the Intel Program License 
Subscription Agreement, the Intel Quartus Prime License Agreement,
the Intel FPGA IP License Agreement, or other applicable license
agreement, including, without limitation, that your use is for
the sole purpose of programming logic devices manufactured by
Intel and sold by Intel or its authorized distributors.  Please
refer to the applicable agreement for further details.



+-----------------------------------------------------------------------------+
; TimeQuest Timing Analyzer Summary                                           ;
+-----------------------+-----------------------------------------------------+
; Quartus Prime Version ; Version 17.1.0 Build 590 10/25/2017 SJ Lite Edition ;
; Timing Analyzer       ; TimeQuest                                           ;
; Revision Name         ; trafficlight                                        ;
; Device Family         ; Cyclone IV E                                        ;
; Device Name           ; EP4CE40U19A7                                        ;
; Timing Models         ; Final                                               ;
; Delay Model           ; Combined                                            ;
; Rise/Fall Delays      ; Enabled                                             ;
+-----------------------+-----------------------------------------------------+


+------------------------------------------+
; Parallel Compilation                     ;
+----------------------------+-------------+
; Processors                 ; Number      ;
+----------------------------+-------------+
; Number detected on machine ; 32          ;
; Maximum allowed            ; 16          ;
;                            ;             ;
; Average used               ; 1.07        ;
; Maximum used               ; 16          ;
;                            ;             ;
; Usage by Processor         ; % Time Used ;
;     Processor 1            ; 100.0%      ;
;     Processor 2            ;   0.5%      ;
;     Processors 3-16        ;   0.5%      ;
+----------------------------+-------------+


+-------------------------------------------------------------------------------------------------------------------------------------------------------------------------------------+
; Clocks                                                                                                                                                                              ;
+------------+------+--------+------------+-------+-------+------------+-----------+-------------+-------+--------+-----------+------------+----------+--------+--------+-------------+
; Clock Name ; Type ; Period ; Frequency  ; Rise  ; Fall  ; Duty Cycle ; Divide by ; Multiply by ; Phase ; Offset ; Edge List ; Edge Shift ; Inverted ; Master ; Source ; Targets     ;
+------------+------+--------+------------+-------+-------+------------+-----------+-------------+-------+--------+-----------+------------+----------+--------+--------+-------------+
; clk        ; Base ; 1.000  ; 1000.0 MHz ; 0.000 ; 0.500 ;            ;           ;             ;       ;        ;           ;            ;          ;        ;        ; { clk }     ;
; clk_1hz    ; Base ; 1.000  ; 1000.0 MHz ; 0.000 ; 0.500 ;            ;           ;             ;       ;        ;           ;            ;          ;        ;        ; { clk_1hz } ;
+------------+------+--------+------------+-------+-------+------------+-----------+-------------+-------+--------+-----------+------------+----------+--------+--------+-------------+


+--------------------------------------------------+
; Slow 1200mV 125C Model Fmax Summary              ;
+------------+-----------------+------------+------+
; Fmax       ; Restricted Fmax ; Clock Name ; Note ;
+------------+-----------------+------------+------+
; 200.52 MHz ; 200.52 MHz      ; clk        ;      ;
; 348.92 MHz ; 348.92 MHz      ; clk_1hz    ;      ;
+------------+-----------------+------------+------+
This panel reports FMAX for every clock in the design, regardless of the user-specified clock periods.  FMAX is only computed for paths where the source and destination registers or ports are driven by the same clock.  Paths of different clocks, including generated clocks, are ignored.  For paths between a clock and its inversion, FMAX is computed as if the rising and falling edges are scaled along with FMAX, such that the duty cycle (in terms of a percentage) is maintained. Altera recommends that you always use clock constraints and other slack reports for sign-off analysis.


----------------------------------
; Timing Closure Recommendations ;
----------------------------------
HTML report is unavailable in plain text report export.


+--------------------------------------+
; Slow 1200mV 125C Model Setup Summary ;
+---------+--------+-------------------+
; Clock   ; Slack  ; End Point TNS     ;
+---------+--------+-------------------+
; clk     ; -3.987 ; -115.708          ;
; clk_1hz ; -1.866 ; -27.991           ;
+---------+--------+-------------------+


+-------------------------------------+
; Slow 1200mV 125C Model Hold Summary ;
+---------+-------+-------------------+
; Clock   ; Slack ; End Point TNS     ;
+---------+-------+-------------------+
; clk     ; 0.411 ; 0.000             ;
; clk_1hz ; 0.462 ; 0.000             ;
+---------+-------+-------------------+


-------------------------------------------
; Slow 1200mV 125C Model Recovery Summary ;
-------------------------------------------
No paths to report.


------------------------------------------
; Slow 1200mV 125C Model Removal Summary ;
------------------------------------------
No paths to report.


+----------------------------------------------------+
; Slow 1200mV 125C Model Minimum Pulse Width Summary ;
+---------+--------+---------------------------------+
; Clock   ; Slack  ; End Point TNS                   ;
+---------+--------+---------------------------------+
; clk     ; -3.000 ; -68.428                         ;
; clk_1hz ; -1.487 ; -23.792                         ;
+---------+--------+---------------------------------+


+----------------------------------------------------------------------------------------------------------+
; Slow 1200mV 125C Model Setup: 'clk'                                                                      ;
+--------+-------------+-------------+--------------+-------------+--------------+------------+------------+
; Slack  ; From Node   ; To Node     ; Launch Clock ; Latch Clock ; Relationship ; Clock Skew ; Data Delay ;
+--------+-------------+-------------+--------------+-------------+--------------+------------+------------+
; -3.987 ; clk_cnt[1]  ; clk_1hz     ; clk          ; clk         ; 1.000        ; -0.075     ; 4.909      ;
; -3.985 ; clk_cnt[0]  ; clk_1hz     ; clk          ; clk         ; 1.000        ; -0.075     ; 4.907      ;
; -3.968 ; clk_cnt[2]  ; clk_1hz     ; clk          ; clk         ; 1.000        ; -0.075     ; 4.890      ;
; -3.942 ; clk_cnt[11] ; clk_1hz     ; clk          ; clk         ; 1.000        ; -0.075     ; 4.864      ;
; -3.872 ; clk_cnt[8]  ; clk_1hz     ; clk          ; clk         ; 1.000        ; -0.075     ; 4.794      ;
; -3.864 ; clk_cnt[6]  ; clk_1hz     ; clk          ; clk         ; 1.000        ; -0.075     ; 4.786      ;
; -3.825 ; clk_cnt[9]  ; clk_1hz     ; clk          ; clk         ; 1.000        ; -0.075     ; 4.747      ;
; -3.817 ; clk_cnt[13] ; clk_1hz     ; clk          ; clk         ; 1.000        ; -0.072     ; 4.742      ;
; -3.748 ; clk_cnt[14] ; clk_1hz     ; clk          ; clk         ; 1.000        ; -0.072     ; 4.673      ;
; -3.722 ; clk_cnt[12] ; clk_1hz     ; clk          ; clk         ; 1.000        ; -0.075     ; 4.644      ;
; -3.697 ; clk_cnt[3]  ; clk_1hz     ; clk          ; clk         ; 1.000        ; -0.075     ; 4.619      ;
; -3.664 ; clk_cnt[5]  ; clk_1hz     ; clk          ; clk         ; 1.000        ; -0.075     ; 4.586      ;
; -3.550 ; clk_cnt[7]  ; clk_1hz     ; clk          ; clk         ; 1.000        ; -0.075     ; 4.472      ;
; -3.457 ; clk_cnt[19] ; clk_1hz     ; clk          ; clk         ; 1.000        ; -0.495     ; 3.959      ;
; -3.451 ; clk_cnt[4]  ; clk_1hz     ; clk          ; clk         ; 1.000        ; -0.075     ; 4.373      ;
; -3.421 ; clk_cnt[16] ; clk_1hz     ; clk          ; clk         ; 1.000        ; -0.072     ; 4.346      ;
; -3.400 ; clk_cnt[11] ; clk_cnt[25] ; clk          ; clk         ; 1.000        ; -0.079     ; 4.318      ;
; -3.400 ; clk_cnt[11] ; clk_cnt[24] ; clk          ; clk         ; 1.000        ; -0.079     ; 4.318      ;
; -3.400 ; clk_cnt[11] ; clk_cnt[23] ; clk          ; clk         ; 1.000        ; -0.079     ; 4.318      ;
; -3.400 ; clk_cnt[11] ; clk_cnt[22] ; clk          ; clk         ; 1.000        ; -0.079     ; 4.318      ;
; -3.400 ; clk_cnt[11] ; clk_cnt[21] ; clk          ; clk         ; 1.000        ; -0.079     ; 4.318      ;
; -3.400 ; clk_cnt[11] ; clk_cnt[20] ; clk          ; clk         ; 1.000        ; -0.079     ; 4.318      ;
; -3.400 ; clk_cnt[11] ; clk_cnt[18] ; clk          ; clk         ; 1.000        ; -0.079     ; 4.318      ;
; -3.400 ; clk_cnt[11] ; clk_cnt[17] ; clk          ; clk         ; 1.000        ; -0.079     ; 4.318      ;
; -3.400 ; clk_cnt[11] ; clk_cnt[16] ; clk          ; clk         ; 1.000        ; -0.079     ; 4.318      ;
; -3.400 ; clk_cnt[11] ; clk_cnt[15] ; clk          ; clk         ; 1.000        ; -0.079     ; 4.318      ;
; -3.400 ; clk_cnt[11] ; clk_cnt[14] ; clk          ; clk         ; 1.000        ; -0.079     ; 4.318      ;
; -3.400 ; clk_cnt[11] ; clk_cnt[13] ; clk          ; clk         ; 1.000        ; -0.079     ; 4.318      ;
; -3.393 ; clk_cnt[2]  ; clk_cnt[25] ; clk          ; clk         ; 1.000        ; -0.079     ; 4.311      ;
; -3.393 ; clk_cnt[2]  ; clk_cnt[24] ; clk          ; clk         ; 1.000        ; -0.079     ; 4.311      ;
; -3.393 ; clk_cnt[2]  ; clk_cnt[23] ; clk          ; clk         ; 1.000        ; -0.079     ; 4.311      ;
; -3.393 ; clk_cnt[2]  ; clk_cnt[22] ; clk          ; clk         ; 1.000        ; -0.079     ; 4.311      ;
; -3.393 ; clk_cnt[2]  ; clk_cnt[21] ; clk          ; clk         ; 1.000        ; -0.079     ; 4.311      ;
; -3.393 ; clk_cnt[2]  ; clk_cnt[20] ; clk          ; clk         ; 1.000        ; -0.079     ; 4.311      ;
; -3.393 ; clk_cnt[2]  ; clk_cnt[18] ; clk          ; clk         ; 1.000        ; -0.079     ; 4.311      ;
; -3.393 ; clk_cnt[2]  ; clk_cnt[17] ; clk          ; clk         ; 1.000        ; -0.079     ; 4.311      ;
; -3.393 ; clk_cnt[2]  ; clk_cnt[16] ; clk          ; clk         ; 1.000        ; -0.079     ; 4.311      ;
; -3.393 ; clk_cnt[2]  ; clk_cnt[15] ; clk          ; clk         ; 1.000        ; -0.079     ; 4.311      ;
; -3.393 ; clk_cnt[2]  ; clk_cnt[14] ; clk          ; clk         ; 1.000        ; -0.079     ; 4.311      ;
; -3.393 ; clk_cnt[2]  ; clk_cnt[13] ; clk          ; clk         ; 1.000        ; -0.079     ; 4.311      ;
; -3.391 ; clk_cnt[1]  ; clk_cnt[25] ; clk          ; clk         ; 1.000        ; -0.079     ; 4.309      ;
; -3.391 ; clk_cnt[1]  ; clk_cnt[24] ; clk          ; clk         ; 1.000        ; -0.079     ; 4.309      ;
; -3.391 ; clk_cnt[1]  ; clk_cnt[23] ; clk          ; clk         ; 1.000        ; -0.079     ; 4.309      ;
; -3.391 ; clk_cnt[1]  ; clk_cnt[22] ; clk          ; clk         ; 1.000        ; -0.079     ; 4.309      ;
; -3.391 ; clk_cnt[1]  ; clk_cnt[21] ; clk          ; clk         ; 1.000        ; -0.079     ; 4.309      ;
; -3.391 ; clk_cnt[1]  ; clk_cnt[20] ; clk          ; clk         ; 1.000        ; -0.079     ; 4.309      ;
; -3.391 ; clk_cnt[1]  ; clk_cnt[18] ; clk          ; clk         ; 1.000        ; -0.079     ; 4.309      ;
; -3.391 ; clk_cnt[1]  ; clk_cnt[17] ; clk          ; clk         ; 1.000        ; -0.079     ; 4.309      ;
; -3.391 ; clk_cnt[1]  ; clk_cnt[16] ; clk          ; clk         ; 1.000        ; -0.079     ; 4.309      ;
; -3.391 ; clk_cnt[1]  ; clk_cnt[15] ; clk          ; clk         ; 1.000        ; -0.079     ; 4.309      ;
; -3.391 ; clk_cnt[1]  ; clk_cnt[14] ; clk          ; clk         ; 1.000        ; -0.079     ; 4.309      ;
; -3.391 ; clk_cnt[1]  ; clk_cnt[13] ; clk          ; clk         ; 1.000        ; -0.079     ; 4.309      ;
; -3.389 ; clk_cnt[0]  ; clk_cnt[25] ; clk          ; clk         ; 1.000        ; -0.079     ; 4.307      ;
; -3.389 ; clk_cnt[0]  ; clk_cnt[24] ; clk          ; clk         ; 1.000        ; -0.079     ; 4.307      ;
; -3.389 ; clk_cnt[0]  ; clk_cnt[23] ; clk          ; clk         ; 1.000        ; -0.079     ; 4.307      ;
; -3.389 ; clk_cnt[0]  ; clk_cnt[22] ; clk          ; clk         ; 1.000        ; -0.079     ; 4.307      ;
; -3.389 ; clk_cnt[0]  ; clk_cnt[21] ; clk          ; clk         ; 1.000        ; -0.079     ; 4.307      ;
; -3.389 ; clk_cnt[0]  ; clk_cnt[20] ; clk          ; clk         ; 1.000        ; -0.079     ; 4.307      ;
; -3.389 ; clk_cnt[0]  ; clk_cnt[18] ; clk          ; clk         ; 1.000        ; -0.079     ; 4.307      ;
; -3.389 ; clk_cnt[0]  ; clk_cnt[17] ; clk          ; clk         ; 1.000        ; -0.079     ; 4.307      ;
; -3.389 ; clk_cnt[0]  ; clk_cnt[16] ; clk          ; clk         ; 1.000        ; -0.079     ; 4.307      ;
; -3.389 ; clk_cnt[0]  ; clk_cnt[15] ; clk          ; clk         ; 1.000        ; -0.079     ; 4.307      ;
; -3.389 ; clk_cnt[0]  ; clk_cnt[14] ; clk          ; clk         ; 1.000        ; -0.079     ; 4.307      ;
; -3.389 ; clk_cnt[0]  ; clk_cnt[13] ; clk          ; clk         ; 1.000        ; -0.079     ; 4.307      ;
; -3.323 ; clk_cnt[18] ; clk_1hz     ; clk          ; clk         ; 1.000        ; -0.072     ; 4.248      ;
; -3.322 ; clk_cnt[21] ; clk_1hz     ; clk          ; clk         ; 1.000        ; -0.072     ; 4.247      ;
; -3.276 ; clk_cnt[8]  ; clk_cnt[25] ; clk          ; clk         ; 1.000        ; -0.079     ; 4.194      ;
; -3.276 ; clk_cnt[8]  ; clk_cnt[24] ; clk          ; clk         ; 1.000        ; -0.079     ; 4.194      ;
; -3.276 ; clk_cnt[8]  ; clk_cnt[23] ; clk          ; clk         ; 1.000        ; -0.079     ; 4.194      ;
; -3.276 ; clk_cnt[8]  ; clk_cnt[22] ; clk          ; clk         ; 1.000        ; -0.079     ; 4.194      ;
; -3.276 ; clk_cnt[8]  ; clk_cnt[21] ; clk          ; clk         ; 1.000        ; -0.079     ; 4.194      ;
; -3.276 ; clk_cnt[8]  ; clk_cnt[20] ; clk          ; clk         ; 1.000        ; -0.079     ; 4.194      ;
; -3.276 ; clk_cnt[8]  ; clk_cnt[18] ; clk          ; clk         ; 1.000        ; -0.079     ; 4.194      ;
; -3.276 ; clk_cnt[8]  ; clk_cnt[17] ; clk          ; clk         ; 1.000        ; -0.079     ; 4.194      ;
; -3.276 ; clk_cnt[8]  ; clk_cnt[16] ; clk          ; clk         ; 1.000        ; -0.079     ; 4.194      ;
; -3.276 ; clk_cnt[8]  ; clk_cnt[15] ; clk          ; clk         ; 1.000        ; -0.079     ; 4.194      ;
; -3.276 ; clk_cnt[8]  ; clk_cnt[14] ; clk          ; clk         ; 1.000        ; -0.079     ; 4.194      ;
; -3.276 ; clk_cnt[8]  ; clk_cnt[13] ; clk          ; clk         ; 1.000        ; -0.079     ; 4.194      ;
; -3.275 ; clk_cnt[13] ; clk_cnt[25] ; clk          ; clk         ; 1.000        ; -0.076     ; 4.196      ;
; -3.275 ; clk_cnt[13] ; clk_cnt[24] ; clk          ; clk         ; 1.000        ; -0.076     ; 4.196      ;
; -3.275 ; clk_cnt[13] ; clk_cnt[23] ; clk          ; clk         ; 1.000        ; -0.076     ; 4.196      ;
; -3.275 ; clk_cnt[13] ; clk_cnt[22] ; clk          ; clk         ; 1.000        ; -0.076     ; 4.196      ;
; -3.275 ; clk_cnt[13] ; clk_cnt[21] ; clk          ; clk         ; 1.000        ; -0.076     ; 4.196      ;
; -3.275 ; clk_cnt[13] ; clk_cnt[20] ; clk          ; clk         ; 1.000        ; -0.076     ; 4.196      ;
; -3.275 ; clk_cnt[13] ; clk_cnt[18] ; clk          ; clk         ; 1.000        ; -0.076     ; 4.196      ;
; -3.275 ; clk_cnt[13] ; clk_cnt[17] ; clk          ; clk         ; 1.000        ; -0.076     ; 4.196      ;
; -3.275 ; clk_cnt[13] ; clk_cnt[16] ; clk          ; clk         ; 1.000        ; -0.076     ; 4.196      ;
; -3.275 ; clk_cnt[13] ; clk_cnt[15] ; clk          ; clk         ; 1.000        ; -0.076     ; 4.196      ;
; -3.275 ; clk_cnt[13] ; clk_cnt[14] ; clk          ; clk         ; 1.000        ; -0.076     ; 4.196      ;
; -3.275 ; clk_cnt[13] ; clk_cnt[13] ; clk          ; clk         ; 1.000        ; -0.076     ; 4.196      ;
; -3.273 ; clk_cnt[6]  ; clk_cnt[25] ; clk          ; clk         ; 1.000        ; -0.079     ; 4.191      ;
; -3.273 ; clk_cnt[6]  ; clk_cnt[24] ; clk          ; clk         ; 1.000        ; -0.079     ; 4.191      ;
; -3.273 ; clk_cnt[6]  ; clk_cnt[23] ; clk          ; clk         ; 1.000        ; -0.079     ; 4.191      ;
; -3.273 ; clk_cnt[6]  ; clk_cnt[22] ; clk          ; clk         ; 1.000        ; -0.079     ; 4.191      ;
; -3.273 ; clk_cnt[6]  ; clk_cnt[21] ; clk          ; clk         ; 1.000        ; -0.079     ; 4.191      ;
; -3.273 ; clk_cnt[6]  ; clk_cnt[20] ; clk          ; clk         ; 1.000        ; -0.079     ; 4.191      ;
; -3.273 ; clk_cnt[6]  ; clk_cnt[18] ; clk          ; clk         ; 1.000        ; -0.079     ; 4.191      ;
; -3.273 ; clk_cnt[6]  ; clk_cnt[17] ; clk          ; clk         ; 1.000        ; -0.079     ; 4.191      ;
; -3.273 ; clk_cnt[6]  ; clk_cnt[16] ; clk          ; clk         ; 1.000        ; -0.079     ; 4.191      ;
; -3.273 ; clk_cnt[6]  ; clk_cnt[15] ; clk          ; clk         ; 1.000        ; -0.079     ; 4.191      ;
+--------+-------------+-------------+--------------+-------------+--------------+------------+------------+


+--------------------------------------------------------------------------------------------------------------------+
; Slow 1200mV 125C Model Setup: 'clk_1hz'                                                                            ;
+--------+------------------+------------------+--------------+-------------+--------------+------------+------------+
; Slack  ; From Node        ; To Node          ; Launch Clock ; Latch Clock ; Relationship ; Clock Skew ; Data Delay ;
+--------+------------------+------------------+--------------+-------------+--------------+------------+------------+
; -1.866 ; cnt_time[7]      ; cnt_time[3]      ; clk_1hz      ; clk_1hz     ; 1.000        ; -0.076     ; 2.787      ;
; -1.866 ; cnt_time[7]      ; cnt_time[2]      ; clk_1hz      ; clk_1hz     ; 1.000        ; -0.076     ; 2.787      ;
; -1.822 ; cnt_time[7]      ; state.S_A_STR_G  ; clk_1hz      ; clk_1hz     ; 1.000        ; -0.074     ; 2.745      ;
; -1.822 ; cnt_time[7]      ; state.S_B_LEFT_Y ; clk_1hz      ; clk_1hz     ; 1.000        ; -0.074     ; 2.745      ;
; -1.822 ; cnt_time[7]      ; state.S_B_LEFT_G ; clk_1hz      ; clk_1hz     ; 1.000        ; -0.074     ; 2.745      ;
; -1.822 ; cnt_time[7]      ; state.S_B_STR_Y  ; clk_1hz      ; clk_1hz     ; 1.000        ; -0.074     ; 2.745      ;
; -1.822 ; cnt_time[7]      ; state.S_B_STR_G  ; clk_1hz      ; clk_1hz     ; 1.000        ; -0.074     ; 2.745      ;
; -1.822 ; cnt_time[7]      ; state.S_A_LEFT_Y ; clk_1hz      ; clk_1hz     ; 1.000        ; -0.074     ; 2.745      ;
; -1.822 ; cnt_time[7]      ; state.S_A_LEFT_G ; clk_1hz      ; clk_1hz     ; 1.000        ; -0.074     ; 2.745      ;
; -1.822 ; cnt_time[7]      ; state.S_A_STR_Y  ; clk_1hz      ; clk_1hz     ; 1.000        ; -0.074     ; 2.745      ;
; -1.746 ; cnt_time[2]      ; cnt_time[3]      ; clk_1hz      ; clk_1hz     ; 1.000        ; -0.076     ; 2.667      ;
; -1.746 ; cnt_time[2]      ; cnt_time[2]      ; clk_1hz      ; clk_1hz     ; 1.000        ; -0.076     ; 2.667      ;
; -1.715 ; cnt_time[0]      ; cnt_time[7]      ; clk_1hz      ; clk_1hz     ; 1.000        ; -0.076     ; 2.636      ;
; -1.686 ; cnt_time[2]      ; state.S_A_STR_G  ; clk_1hz      ; clk_1hz     ; 1.000        ; -0.074     ; 2.609      ;
; -1.686 ; cnt_time[2]      ; state.S_B_LEFT_Y ; clk_1hz      ; clk_1hz     ; 1.000        ; -0.074     ; 2.609      ;
; -1.686 ; cnt_time[2]      ; state.S_B_LEFT_G ; clk_1hz      ; clk_1hz     ; 1.000        ; -0.074     ; 2.609      ;
; -1.686 ; cnt_time[2]      ; state.S_B_STR_Y  ; clk_1hz      ; clk_1hz     ; 1.000        ; -0.074     ; 2.609      ;
; -1.686 ; cnt_time[2]      ; state.S_B_STR_G  ; clk_1hz      ; clk_1hz     ; 1.000        ; -0.074     ; 2.609      ;
; -1.686 ; cnt_time[2]      ; state.S_A_LEFT_Y ; clk_1hz      ; clk_1hz     ; 1.000        ; -0.074     ; 2.609      ;
; -1.686 ; cnt_time[2]      ; state.S_A_LEFT_G ; clk_1hz      ; clk_1hz     ; 1.000        ; -0.074     ; 2.609      ;
; -1.686 ; cnt_time[2]      ; state.S_A_STR_Y  ; clk_1hz      ; clk_1hz     ; 1.000        ; -0.074     ; 2.609      ;
; -1.635 ; cnt_time[1]      ; cnt_time[4]      ; clk_1hz      ; clk_1hz     ; 1.000        ; -0.078     ; 2.554      ;
; -1.624 ; cnt_time[0]      ; cnt_time[1]      ; clk_1hz      ; clk_1hz     ; 1.000        ; -0.074     ; 2.547      ;
; -1.616 ; cnt_time[1]      ; cnt_time[6]      ; clk_1hz      ; clk_1hz     ; 1.000        ; -0.078     ; 2.535      ;
; -1.615 ; cnt_time[1]      ; cnt_time[7]      ; clk_1hz      ; clk_1hz     ; 1.000        ; -0.078     ; 2.534      ;
; -1.610 ; cnt_time[3]      ; cnt_time[3]      ; clk_1hz      ; clk_1hz     ; 1.000        ; -0.076     ; 2.531      ;
; -1.610 ; cnt_time[3]      ; cnt_time[2]      ; clk_1hz      ; clk_1hz     ; 1.000        ; -0.076     ; 2.531      ;
; -1.586 ; cnt_time[0]      ; cnt_time[3]      ; clk_1hz      ; clk_1hz     ; 1.000        ; -0.076     ; 2.507      ;
; -1.586 ; cnt_time[0]      ; cnt_time[2]      ; clk_1hz      ; clk_1hz     ; 1.000        ; -0.076     ; 2.507      ;
; -1.585 ; cnt_time[0]      ; cnt_time[4]      ; clk_1hz      ; clk_1hz     ; 1.000        ; -0.076     ; 2.506      ;
; -1.574 ; cnt_time[0]      ; cnt_time[5]      ; clk_1hz      ; clk_1hz     ; 1.000        ; -0.076     ; 2.495      ;
; -1.573 ; cnt_time[1]      ; cnt_time[3]      ; clk_1hz      ; clk_1hz     ; 1.000        ; -0.078     ; 2.492      ;
; -1.573 ; cnt_time[1]      ; cnt_time[2]      ; clk_1hz      ; clk_1hz     ; 1.000        ; -0.078     ; 2.492      ;
; -1.572 ; cnt_time[2]      ; cnt_time[7]      ; clk_1hz      ; clk_1hz     ; 1.000        ; -0.076     ; 2.493      ;
; -1.560 ; cnt_time[0]      ; cnt_time[6]      ; clk_1hz      ; clk_1hz     ; 1.000        ; -0.076     ; 2.481      ;
; -1.550 ; cnt_time[3]      ; state.S_A_STR_G  ; clk_1hz      ; clk_1hz     ; 1.000        ; -0.074     ; 2.473      ;
; -1.550 ; cnt_time[3]      ; state.S_B_LEFT_Y ; clk_1hz      ; clk_1hz     ; 1.000        ; -0.074     ; 2.473      ;
; -1.550 ; cnt_time[3]      ; state.S_B_LEFT_G ; clk_1hz      ; clk_1hz     ; 1.000        ; -0.074     ; 2.473      ;
; -1.550 ; cnt_time[3]      ; state.S_B_STR_Y  ; clk_1hz      ; clk_1hz     ; 1.000        ; -0.074     ; 2.473      ;
; -1.550 ; cnt_time[3]      ; state.S_B_STR_G  ; clk_1hz      ; clk_1hz     ; 1.000        ; -0.074     ; 2.473      ;
; -1.550 ; cnt_time[3]      ; state.S_A_LEFT_Y ; clk_1hz      ; clk_1hz     ; 1.000        ; -0.074     ; 2.473      ;
; -1.550 ; cnt_time[3]      ; state.S_A_LEFT_G ; clk_1hz      ; clk_1hz     ; 1.000        ; -0.074     ; 2.473      ;
; -1.550 ; cnt_time[3]      ; state.S_A_STR_Y  ; clk_1hz      ; clk_1hz     ; 1.000        ; -0.074     ; 2.473      ;
; -1.548 ; state.S_A_LEFT_G ; cnt_time[3]      ; clk_1hz      ; clk_1hz     ; 1.000        ; -0.078     ; 2.467      ;
; -1.547 ; cnt_time[5]      ; cnt_time[3]      ; clk_1hz      ; clk_1hz     ; 1.000        ; -0.076     ; 2.468      ;
; -1.547 ; cnt_time[5]      ; cnt_time[2]      ; clk_1hz      ; clk_1hz     ; 1.000        ; -0.076     ; 2.468      ;
; -1.526 ; cnt_time[0]      ; state.S_A_STR_G  ; clk_1hz      ; clk_1hz     ; 1.000        ; -0.074     ; 2.449      ;
; -1.526 ; cnt_time[0]      ; state.S_B_LEFT_Y ; clk_1hz      ; clk_1hz     ; 1.000        ; -0.074     ; 2.449      ;
; -1.526 ; cnt_time[0]      ; state.S_B_LEFT_G ; clk_1hz      ; clk_1hz     ; 1.000        ; -0.074     ; 2.449      ;
; -1.526 ; cnt_time[0]      ; state.S_B_STR_Y  ; clk_1hz      ; clk_1hz     ; 1.000        ; -0.074     ; 2.449      ;
; -1.526 ; cnt_time[0]      ; state.S_B_STR_G  ; clk_1hz      ; clk_1hz     ; 1.000        ; -0.074     ; 2.449      ;
; -1.526 ; cnt_time[0]      ; state.S_A_LEFT_Y ; clk_1hz      ; clk_1hz     ; 1.000        ; -0.074     ; 2.449      ;
; -1.526 ; cnt_time[0]      ; state.S_A_LEFT_G ; clk_1hz      ; clk_1hz     ; 1.000        ; -0.074     ; 2.449      ;
; -1.526 ; cnt_time[0]      ; state.S_A_STR_Y  ; clk_1hz      ; clk_1hz     ; 1.000        ; -0.074     ; 2.449      ;
; -1.519 ; cnt_time[7]      ; cnt_time[0]      ; clk_1hz      ; clk_1hz     ; 1.000        ; -0.076     ; 2.440      ;
; -1.513 ; cnt_time[1]      ; state.S_A_STR_G  ; clk_1hz      ; clk_1hz     ; 1.000        ; -0.076     ; 2.434      ;
; -1.513 ; cnt_time[1]      ; state.S_B_LEFT_Y ; clk_1hz      ; clk_1hz     ; 1.000        ; -0.076     ; 2.434      ;
; -1.513 ; cnt_time[1]      ; state.S_B_LEFT_G ; clk_1hz      ; clk_1hz     ; 1.000        ; -0.076     ; 2.434      ;
; -1.513 ; cnt_time[1]      ; state.S_B_STR_Y  ; clk_1hz      ; clk_1hz     ; 1.000        ; -0.076     ; 2.434      ;
; -1.513 ; cnt_time[1]      ; state.S_B_STR_G  ; clk_1hz      ; clk_1hz     ; 1.000        ; -0.076     ; 2.434      ;
; -1.513 ; cnt_time[1]      ; state.S_A_LEFT_Y ; clk_1hz      ; clk_1hz     ; 1.000        ; -0.076     ; 2.434      ;
; -1.513 ; cnt_time[1]      ; state.S_A_LEFT_G ; clk_1hz      ; clk_1hz     ; 1.000        ; -0.076     ; 2.434      ;
; -1.513 ; cnt_time[1]      ; state.S_A_STR_Y  ; clk_1hz      ; clk_1hz     ; 1.000        ; -0.076     ; 2.434      ;
; -1.503 ; cnt_time[5]      ; state.S_A_STR_G  ; clk_1hz      ; clk_1hz     ; 1.000        ; -0.074     ; 2.426      ;
; -1.503 ; cnt_time[5]      ; state.S_B_LEFT_Y ; clk_1hz      ; clk_1hz     ; 1.000        ; -0.074     ; 2.426      ;
; -1.503 ; cnt_time[5]      ; state.S_B_LEFT_G ; clk_1hz      ; clk_1hz     ; 1.000        ; -0.074     ; 2.426      ;
; -1.503 ; cnt_time[5]      ; state.S_B_STR_Y  ; clk_1hz      ; clk_1hz     ; 1.000        ; -0.074     ; 2.426      ;
; -1.503 ; cnt_time[5]      ; state.S_B_STR_G  ; clk_1hz      ; clk_1hz     ; 1.000        ; -0.074     ; 2.426      ;
; -1.503 ; cnt_time[5]      ; state.S_A_LEFT_Y ; clk_1hz      ; clk_1hz     ; 1.000        ; -0.074     ; 2.426      ;
; -1.503 ; cnt_time[5]      ; state.S_A_LEFT_G ; clk_1hz      ; clk_1hz     ; 1.000        ; -0.074     ; 2.426      ;
; -1.503 ; cnt_time[5]      ; state.S_A_STR_Y  ; clk_1hz      ; clk_1hz     ; 1.000        ; -0.074     ; 2.426      ;
; -1.474 ; cnt_time[1]      ; cnt_time[5]      ; clk_1hz      ; clk_1hz     ; 1.000        ; -0.078     ; 2.393      ;
; -1.442 ; cnt_time[2]      ; cnt_time[4]      ; clk_1hz      ; clk_1hz     ; 1.000        ; -0.076     ; 2.363      ;
; -1.432 ; cnt_time[6]      ; cnt_time[7]      ; clk_1hz      ; clk_1hz     ; 1.000        ; -0.076     ; 2.353      ;
; -1.432 ; cnt_time[6]      ; cnt_time[6]      ; clk_1hz      ; clk_1hz     ; 1.000        ; -0.076     ; 2.353      ;
; -1.431 ; cnt_time[4]      ; cnt_time[3]      ; clk_1hz      ; clk_1hz     ; 1.000        ; -0.076     ; 2.352      ;
; -1.431 ; cnt_time[4]      ; cnt_time[2]      ; clk_1hz      ; clk_1hz     ; 1.000        ; -0.076     ; 2.352      ;
; -1.431 ; cnt_time[2]      ; cnt_time[5]      ; clk_1hz      ; clk_1hz     ; 1.000        ; -0.076     ; 2.352      ;
; -1.428 ; cnt_time[6]      ; cnt_time[5]      ; clk_1hz      ; clk_1hz     ; 1.000        ; -0.076     ; 2.349      ;
; -1.417 ; cnt_time[2]      ; cnt_time[6]      ; clk_1hz      ; clk_1hz     ; 1.000        ; -0.076     ; 2.338      ;
; -1.407 ; cnt_time[5]      ; cnt_time[7]      ; clk_1hz      ; clk_1hz     ; 1.000        ; -0.076     ; 2.328      ;
; -1.407 ; cnt_time[5]      ; cnt_time[6]      ; clk_1hz      ; clk_1hz     ; 1.000        ; -0.076     ; 2.328      ;
; -1.403 ; cnt_time[5]      ; cnt_time[5]      ; clk_1hz      ; clk_1hz     ; 1.000        ; -0.076     ; 2.324      ;
; -1.400 ; cnt_time[2]      ; cnt_time[0]      ; clk_1hz      ; clk_1hz     ; 1.000        ; -0.076     ; 2.321      ;
; -1.390 ; cnt_time[7]      ; cnt_time[7]      ; clk_1hz      ; clk_1hz     ; 1.000        ; -0.076     ; 2.311      ;
; -1.390 ; cnt_time[7]      ; cnt_time[6]      ; clk_1hz      ; clk_1hz     ; 1.000        ; -0.076     ; 2.311      ;
; -1.387 ; cnt_time[4]      ; state.S_A_STR_G  ; clk_1hz      ; clk_1hz     ; 1.000        ; -0.074     ; 2.310      ;
; -1.387 ; cnt_time[4]      ; state.S_B_LEFT_Y ; clk_1hz      ; clk_1hz     ; 1.000        ; -0.074     ; 2.310      ;
; -1.387 ; cnt_time[4]      ; state.S_B_LEFT_G ; clk_1hz      ; clk_1hz     ; 1.000        ; -0.074     ; 2.310      ;
; -1.387 ; cnt_time[4]      ; state.S_B_STR_Y  ; clk_1hz      ; clk_1hz     ; 1.000        ; -0.074     ; 2.310      ;
; -1.387 ; cnt_time[4]      ; state.S_B_STR_G  ; clk_1hz      ; clk_1hz     ; 1.000        ; -0.074     ; 2.310      ;
; -1.387 ; cnt_time[4]      ; state.S_A_LEFT_Y ; clk_1hz      ; clk_1hz     ; 1.000        ; -0.074     ; 2.310      ;
; -1.387 ; cnt_time[4]      ; state.S_A_LEFT_G ; clk_1hz      ; clk_1hz     ; 1.000        ; -0.074     ; 2.310      ;
; -1.387 ; cnt_time[4]      ; state.S_A_STR_Y  ; clk_1hz      ; clk_1hz     ; 1.000        ; -0.074     ; 2.310      ;
; -1.386 ; cnt_time[7]      ; cnt_time[5]      ; clk_1hz      ; clk_1hz     ; 1.000        ; -0.076     ; 2.307      ;
; -1.373 ; cnt_time[3]      ; cnt_time[7]      ; clk_1hz      ; clk_1hz     ; 1.000        ; -0.076     ; 2.294      ;
; -1.354 ; cnt_time[6]      ; cnt_time[3]      ; clk_1hz      ; clk_1hz     ; 1.000        ; -0.076     ; 2.275      ;
; -1.354 ; cnt_time[6]      ; cnt_time[2]      ; clk_1hz      ; clk_1hz     ; 1.000        ; -0.076     ; 2.275      ;
; -1.342 ; cnt_time[7]      ; cnt_time[1]      ; clk_1hz      ; clk_1hz     ; 1.000        ; -0.074     ; 2.265      ;
; -1.333 ; cnt_time[3]      ; cnt_time[4]      ; clk_1hz      ; clk_1hz     ; 1.000        ; -0.076     ; 2.254      ;
+--------+------------------+------------------+--------------+-------------+--------------+------------+------------+


+-----------------------------------------------------------------------------------------------------------+
; Slow 1200mV 125C Model Hold: 'clk'                                                                        ;
+-------+--------------+--------------+--------------+-------------+--------------+------------+------------+
; Slack ; From Node    ; To Node      ; Launch Clock ; Latch Clock ; Relationship ; Clock Skew ; Data Delay ;
+-------+--------------+--------------+--------------+-------------+--------------+------------+------------+
; 0.411 ; scan_cnt[0]  ; scan_cnt[0]  ; clk          ; clk         ; 0.000        ; 0.093      ; 0.693      ;
; 0.461 ; clk_cnt[25]  ; clk_cnt[25]  ; clk          ; clk         ; 0.000        ; 0.076      ; 0.726      ;
; 0.585 ; clk_cnt[18]  ; clk_cnt[19]  ; clk          ; clk         ; 0.000        ; 0.499      ; 1.273      ;
; 0.649 ; clk_cnt[19]  ; clk_cnt[19]  ; clk          ; clk         ; 0.000        ; 0.092      ; 0.930      ;
; 0.656 ; scan_cnt[13] ; scan_cnt[13] ; clk          ; clk         ; 0.000        ; 0.076      ; 0.921      ;
; 0.656 ; scan_cnt[12] ; scan_cnt[12] ; clk          ; clk         ; 0.000        ; 0.076      ; 0.921      ;
; 0.656 ; scan_cnt[11] ; scan_cnt[11] ; clk          ; clk         ; 0.000        ; 0.076      ; 0.921      ;
; 0.656 ; scan_cnt[6]  ; scan_cnt[6]  ; clk          ; clk         ; 0.000        ; 0.076      ; 0.921      ;
; 0.656 ; scan_cnt[4]  ; scan_cnt[4]  ; clk          ; clk         ; 0.000        ; 0.076      ; 0.921      ;
; 0.656 ; scan_cnt[3]  ; scan_cnt[3]  ; clk          ; clk         ; 0.000        ; 0.076      ; 0.921      ;
; 0.656 ; scan_cnt[2]  ; scan_cnt[2]  ; clk          ; clk         ; 0.000        ; 0.076      ; 0.921      ;
; 0.657 ; scan_cnt[10] ; scan_cnt[10] ; clk          ; clk         ; 0.000        ; 0.076      ; 0.922      ;
; 0.657 ; scan_cnt[5]  ; scan_cnt[5]  ; clk          ; clk         ; 0.000        ; 0.076      ; 0.922      ;
; 0.658 ; scan_cnt[8]  ; scan_cnt[8]  ; clk          ; clk         ; 0.000        ; 0.076      ; 0.923      ;
; 0.660 ; scan_cnt[9]  ; scan_cnt[9]  ; clk          ; clk         ; 0.000        ; 0.076      ; 0.925      ;
; 0.661 ; scan_cnt[7]  ; scan_cnt[7]  ; clk          ; clk         ; 0.000        ; 0.076      ; 0.926      ;
; 0.664 ; clk_cnt[8]   ; clk_cnt[8]   ; clk          ; clk         ; 0.000        ; 0.076      ; 0.929      ;
; 0.664 ; clk_cnt[3]   ; clk_cnt[3]   ; clk          ; clk         ; 0.000        ; 0.076      ; 0.929      ;
; 0.664 ; clk_cnt[1]   ; clk_cnt[1]   ; clk          ; clk         ; 0.000        ; 0.076      ; 0.929      ;
; 0.665 ; clk_cnt[18]  ; clk_cnt[18]  ; clk          ; clk         ; 0.000        ; 0.076      ; 0.930      ;
; 0.665 ; clk_cnt[7]   ; clk_cnt[7]   ; clk          ; clk         ; 0.000        ; 0.076      ; 0.930      ;
; 0.665 ; clk_cnt[5]   ; clk_cnt[5]   ; clk          ; clk         ; 0.000        ; 0.076      ; 0.930      ;
; 0.666 ; clk_cnt[21]  ; clk_cnt[21]  ; clk          ; clk         ; 0.000        ; 0.076      ; 0.931      ;
; 0.668 ; clk_cnt[6]   ; clk_cnt[6]   ; clk          ; clk         ; 0.000        ; 0.076      ; 0.933      ;
; 0.668 ; clk_cnt[4]   ; clk_cnt[4]   ; clk          ; clk         ; 0.000        ; 0.076      ; 0.933      ;
; 0.669 ; clk_cnt[20]  ; clk_cnt[20]  ; clk          ; clk         ; 0.000        ; 0.076      ; 0.934      ;
; 0.671 ; scan_cnt[1]  ; scan_cnt[1]  ; clk          ; clk         ; 0.000        ; 0.076      ; 0.936      ;
; 0.678 ; clk_cnt[13]  ; clk_cnt[13]  ; clk          ; clk         ; 0.000        ; 0.076      ; 0.943      ;
; 0.678 ; clk_cnt[12]  ; clk_cnt[12]  ; clk          ; clk         ; 0.000        ; 0.076      ; 0.943      ;
; 0.678 ; clk_cnt[11]  ; clk_cnt[11]  ; clk          ; clk         ; 0.000        ; 0.076      ; 0.943      ;
; 0.678 ; clk_cnt[10]  ; clk_cnt[10]  ; clk          ; clk         ; 0.000        ; 0.076      ; 0.943      ;
; 0.678 ; clk_cnt[9]   ; clk_cnt[9]   ; clk          ; clk         ; 0.000        ; 0.076      ; 0.943      ;
; 0.679 ; clk_cnt[24]  ; clk_cnt[24]  ; clk          ; clk         ; 0.000        ; 0.076      ; 0.944      ;
; 0.679 ; clk_cnt[17]  ; clk_cnt[17]  ; clk          ; clk         ; 0.000        ; 0.076      ; 0.944      ;
; 0.679 ; clk_cnt[16]  ; clk_cnt[16]  ; clk          ; clk         ; 0.000        ; 0.076      ; 0.944      ;
; 0.679 ; clk_cnt[15]  ; clk_cnt[15]  ; clk          ; clk         ; 0.000        ; 0.076      ; 0.944      ;
; 0.679 ; clk_cnt[2]   ; clk_cnt[2]   ; clk          ; clk         ; 0.000        ; 0.076      ; 0.944      ;
; 0.680 ; clk_cnt[23]  ; clk_cnt[23]  ; clk          ; clk         ; 0.000        ; 0.076      ; 0.945      ;
; 0.681 ; clk_cnt[14]  ; clk_cnt[14]  ; clk          ; clk         ; 0.000        ; 0.076      ; 0.946      ;
; 0.681 ; scan_cnt[15] ; scan_cnt[15] ; clk          ; clk         ; 0.000        ; 0.076      ; 0.946      ;
; 0.684 ; clk_cnt[22]  ; clk_cnt[22]  ; clk          ; clk         ; 0.000        ; 0.076      ; 0.949      ;
; 0.686 ; clk_cnt[0]   ; clk_cnt[0]   ; clk          ; clk         ; 0.000        ; 0.076      ; 0.951      ;
; 0.702 ; scan_cnt[14] ; scan_cnt[14] ; clk          ; clk         ; 0.000        ; 0.076      ; 0.967      ;
; 0.717 ; clk_cnt[17]  ; clk_cnt[19]  ; clk          ; clk         ; 0.000        ; 0.499      ; 1.405      ;
; 0.733 ; clk_cnt[16]  ; clk_cnt[19]  ; clk          ; clk         ; 0.000        ; 0.499      ; 1.421      ;
; 0.851 ; clk_cnt[15]  ; clk_cnt[19]  ; clk          ; clk         ; 0.000        ; 0.499      ; 1.539      ;
; 0.873 ; clk_cnt[14]  ; clk_cnt[19]  ; clk          ; clk         ; 0.000        ; 0.499      ; 1.561      ;
; 0.983 ; scan_cnt[6]  ; scan_cnt[7]  ; clk          ; clk         ; 0.000        ; 0.076      ; 1.248      ;
; 0.984 ; scan_cnt[12] ; scan_cnt[13] ; clk          ; clk         ; 0.000        ; 0.076      ; 1.249      ;
; 0.984 ; scan_cnt[2]  ; scan_cnt[3]  ; clk          ; clk         ; 0.000        ; 0.076      ; 1.249      ;
; 0.984 ; scan_cnt[4]  ; scan_cnt[5]  ; clk          ; clk         ; 0.000        ; 0.076      ; 1.249      ;
; 0.984 ; clk_cnt[13]  ; clk_cnt[19]  ; clk          ; clk         ; 0.000        ; 0.499      ; 1.672      ;
; 0.985 ; scan_cnt[10] ; scan_cnt[11] ; clk          ; clk         ; 0.000        ; 0.076      ; 1.250      ;
; 0.986 ; scan_cnt[8]  ; scan_cnt[9]  ; clk          ; clk         ; 0.000        ; 0.076      ; 1.251      ;
; 0.990 ; clk_1hz      ; clk_1hz      ; clk_1hz      ; clk         ; 0.000        ; 2.715      ; 4.161      ;
; 0.991 ; clk_cnt[3]   ; clk_cnt[4]   ; clk          ; clk         ; 0.000        ; 0.076      ; 1.256      ;
; 0.992 ; clk_cnt[1]   ; clk_cnt[2]   ; clk          ; clk         ; 0.000        ; 0.076      ; 1.257      ;
; 0.993 ; clk_cnt[7]   ; clk_cnt[8]   ; clk          ; clk         ; 0.000        ; 0.076      ; 1.258      ;
; 0.993 ; clk_cnt[5]   ; clk_cnt[6]   ; clk          ; clk         ; 0.000        ; 0.076      ; 1.258      ;
; 0.994 ; clk_cnt[21]  ; clk_cnt[22]  ; clk          ; clk         ; 0.000        ; 0.076      ; 1.259      ;
; 0.999 ; scan_cnt[11] ; scan_cnt[12] ; clk          ; clk         ; 0.000        ; 0.076      ; 1.264      ;
; 0.999 ; scan_cnt[3]  ; scan_cnt[4]  ; clk          ; clk         ; 0.000        ; 0.076      ; 1.264      ;
; 0.999 ; scan_cnt[13] ; scan_cnt[14] ; clk          ; clk         ; 0.000        ; 0.076      ; 1.264      ;
; 1.000 ; scan_cnt[5]  ; scan_cnt[6]  ; clk          ; clk         ; 0.000        ; 0.076      ; 1.265      ;
; 1.000 ; scan_cnt[13] ; scan_cnt[15] ; clk          ; clk         ; 0.000        ; 0.076      ; 1.265      ;
; 1.000 ; scan_cnt[11] ; scan_cnt[13] ; clk          ; clk         ; 0.000        ; 0.076      ; 1.265      ;
; 1.000 ; scan_cnt[3]  ; scan_cnt[5]  ; clk          ; clk         ; 0.000        ; 0.076      ; 1.265      ;
; 1.001 ; scan_cnt[5]  ; scan_cnt[7]  ; clk          ; clk         ; 0.000        ; 0.076      ; 1.266      ;
; 1.003 ; clk_cnt[12]  ; clk_cnt[19]  ; clk          ; clk         ; 0.000        ; 0.496      ; 1.688      ;
; 1.005 ; scan_cnt[1]  ; scan_cnt[2]  ; clk          ; clk         ; 0.000        ; 0.076      ; 1.270      ;
; 1.006 ; clk_cnt[11]  ; clk_cnt[12]  ; clk          ; clk         ; 0.000        ; 0.076      ; 1.271      ;
; 1.006 ; clk_cnt[9]   ; clk_cnt[10]  ; clk          ; clk         ; 0.000        ; 0.076      ; 1.271      ;
; 1.006 ; clk_cnt[13]  ; clk_cnt[14]  ; clk          ; clk         ; 0.000        ; 0.076      ; 1.271      ;
; 1.006 ; scan_cnt[1]  ; scan_cnt[3]  ; clk          ; clk         ; 0.000        ; 0.076      ; 1.271      ;
; 1.007 ; clk_cnt[17]  ; clk_cnt[18]  ; clk          ; clk         ; 0.000        ; 0.076      ; 1.272      ;
; 1.007 ; clk_cnt[15]  ; clk_cnt[16]  ; clk          ; clk         ; 0.000        ; 0.076      ; 1.272      ;
; 1.007 ; scan_cnt[9]  ; scan_cnt[10] ; clk          ; clk         ; 0.000        ; 0.076      ; 1.272      ;
; 1.007 ; clk_cnt[0]   ; clk_cnt[1]   ; clk          ; clk         ; 0.000        ; 0.076      ; 1.272      ;
; 1.007 ; clk_cnt[8]   ; clk_cnt[9]   ; clk          ; clk         ; 0.000        ; 0.076      ; 1.272      ;
; 1.008 ; clk_cnt[23]  ; clk_cnt[24]  ; clk          ; clk         ; 0.000        ; 0.076      ; 1.273      ;
; 1.008 ; scan_cnt[7]  ; scan_cnt[8]  ; clk          ; clk         ; 0.000        ; 0.076      ; 1.273      ;
; 1.008 ; scan_cnt[9]  ; scan_cnt[11] ; clk          ; clk         ; 0.000        ; 0.076      ; 1.273      ;
; 1.008 ; clk_cnt[0]   ; clk_cnt[2]   ; clk          ; clk         ; 0.000        ; 0.076      ; 1.273      ;
; 1.008 ; clk_cnt[8]   ; clk_cnt[10]  ; clk          ; clk         ; 0.000        ; 0.076      ; 1.273      ;
; 1.009 ; clk_cnt[18]  ; clk_cnt[20]  ; clk          ; clk         ; 0.000        ; 0.076      ; 1.274      ;
; 1.009 ; scan_cnt[7]  ; scan_cnt[9]  ; clk          ; clk         ; 0.000        ; 0.076      ; 1.274      ;
; 1.015 ; clk_cnt[6]   ; clk_cnt[7]   ; clk          ; clk         ; 0.000        ; 0.076      ; 1.280      ;
; 1.015 ; clk_cnt[4]   ; clk_cnt[5]   ; clk          ; clk         ; 0.000        ; 0.076      ; 1.280      ;
; 1.016 ; clk_cnt[20]  ; clk_cnt[21]  ; clk          ; clk         ; 0.000        ; 0.076      ; 1.281      ;
; 1.016 ; clk_cnt[6]   ; clk_cnt[8]   ; clk          ; clk         ; 0.000        ; 0.076      ; 1.281      ;
; 1.016 ; clk_cnt[4]   ; clk_cnt[6]   ; clk          ; clk         ; 0.000        ; 0.076      ; 1.281      ;
; 1.017 ; clk_cnt[20]  ; clk_cnt[22]  ; clk          ; clk         ; 0.000        ; 0.076      ; 1.282      ;
; 1.021 ; clk_cnt[10]  ; clk_cnt[11]  ; clk          ; clk         ; 0.000        ; 0.076      ; 1.286      ;
; 1.022 ; clk_cnt[24]  ; clk_cnt[25]  ; clk          ; clk         ; 0.000        ; 0.076      ; 1.287      ;
; 1.022 ; clk_cnt[2]   ; clk_cnt[3]   ; clk          ; clk         ; 0.000        ; 0.076      ; 1.287      ;
; 1.022 ; clk_cnt[16]  ; clk_cnt[17]  ; clk          ; clk         ; 0.000        ; 0.076      ; 1.287      ;
; 1.022 ; clk_cnt[10]  ; clk_cnt[12]  ; clk          ; clk         ; 0.000        ; 0.076      ; 1.287      ;
; 1.023 ; clk_cnt[2]   ; clk_cnt[4]   ; clk          ; clk         ; 0.000        ; 0.076      ; 1.288      ;
; 1.023 ; clk_cnt[16]  ; clk_cnt[18]  ; clk          ; clk         ; 0.000        ; 0.076      ; 1.288      ;
; 1.024 ; clk_cnt[12]  ; clk_cnt[13]  ; clk          ; clk         ; 0.000        ; 0.073      ; 1.286      ;
+-------+--------------+--------------+--------------+-------------+--------------+------------+------------+


+-------------------------------------------------------------------------------------------------------------------+
; Slow 1200mV 125C Model Hold: 'clk_1hz'                                                                            ;
+-------+------------------+------------------+--------------+-------------+--------------+------------+------------+
; Slack ; From Node        ; To Node          ; Launch Clock ; Latch Clock ; Relationship ; Clock Skew ; Data Delay ;
+-------+------------------+------------------+--------------+-------------+--------------+------------+------------+
; 0.462 ; state.S_B_LEFT_Y ; state.S_A_STR_G  ; clk_1hz      ; clk_1hz     ; 0.000        ; 0.076      ; 0.727      ;
; 0.463 ; state.S_A_STR_G  ; state.S_A_STR_Y  ; clk_1hz      ; clk_1hz     ; 0.000        ; 0.076      ; 0.728      ;
; 0.642 ; state.S_B_LEFT_G ; state.S_B_LEFT_Y ; clk_1hz      ; clk_1hz     ; 0.000        ; 0.076      ; 0.907      ;
; 0.643 ; state.S_B_STR_Y  ; state.S_B_LEFT_G ; clk_1hz      ; clk_1hz     ; 0.000        ; 0.076      ; 0.908      ;
; 0.656 ; state.S_A_LEFT_Y ; state.S_B_STR_G  ; clk_1hz      ; clk_1hz     ; 0.000        ; 0.076      ; 0.921      ;
; 0.715 ; cnt_time[3]      ; cnt_time[4]      ; clk_1hz      ; clk_1hz     ; 0.000        ; 0.076      ; 0.980      ;
; 0.742 ; state.S_A_STR_Y  ; cnt_time[0]      ; clk_1hz      ; clk_1hz     ; 0.000        ; 0.074      ; 1.005      ;
; 0.761 ; cnt_time[3]      ; cnt_time[5]      ; clk_1hz      ; clk_1hz     ; 0.000        ; 0.076      ; 1.026      ;
; 0.764 ; cnt_time[3]      ; cnt_time[6]      ; clk_1hz      ; clk_1hz     ; 0.000        ; 0.076      ; 1.029      ;
; 0.764 ; cnt_time[3]      ; cnt_time[7]      ; clk_1hz      ; clk_1hz     ; 0.000        ; 0.076      ; 1.029      ;
; 0.814 ; cnt_time[7]      ; cnt_time[7]      ; clk_1hz      ; clk_1hz     ; 0.000        ; 0.076      ; 1.079      ;
; 0.833 ; state.S_A_STR_Y  ; state.S_A_LEFT_G ; clk_1hz      ; clk_1hz     ; 0.000        ; 0.076      ; 1.098      ;
; 0.862 ; state.S_A_LEFT_Y ; cnt_time[2]      ; clk_1hz      ; clk_1hz     ; 0.000        ; 0.074      ; 1.125      ;
; 0.874 ; state.S_B_STR_Y  ; cnt_time[1]      ; clk_1hz      ; clk_1hz     ; 0.000        ; 0.076      ; 1.139      ;
; 0.891 ; state.S_A_STR_Y  ; cnt_time[1]      ; clk_1hz      ; clk_1hz     ; 0.000        ; 0.076      ; 1.156      ;
; 0.905 ; state.S_B_LEFT_Y ; cnt_time[2]      ; clk_1hz      ; clk_1hz     ; 0.000        ; 0.074      ; 1.168      ;
; 1.019 ; state.S_A_LEFT_G ; state.S_A_LEFT_Y ; clk_1hz      ; clk_1hz     ; 0.000        ; 0.076      ; 1.284      ;
; 1.027 ; cnt_time[5]      ; cnt_time[5]      ; clk_1hz      ; clk_1hz     ; 0.000        ; 0.076      ; 1.292      ;
; 1.049 ; cnt_time[2]      ; cnt_time[2]      ; clk_1hz      ; clk_1hz     ; 0.000        ; 0.076      ; 1.314      ;
; 1.051 ; cnt_time[6]      ; cnt_time[6]      ; clk_1hz      ; clk_1hz     ; 0.000        ; 0.076      ; 1.316      ;
; 1.060 ; cnt_time[3]      ; cnt_time[3]      ; clk_1hz      ; clk_1hz     ; 0.000        ; 0.076      ; 1.325      ;
; 1.063 ; state.S_B_STR_G  ; state.S_B_STR_Y  ; clk_1hz      ; clk_1hz     ; 0.000        ; 0.076      ; 1.328      ;
; 1.130 ; state.S_B_STR_Y  ; cnt_time[0]      ; clk_1hz      ; clk_1hz     ; 0.000        ; 0.074      ; 1.393      ;
; 1.177 ; cnt_time[4]      ; cnt_time[4]      ; clk_1hz      ; clk_1hz     ; 0.000        ; 0.076      ; 1.442      ;
; 1.280 ; state.S_B_LEFT_G ; cnt_time[3]      ; clk_1hz      ; clk_1hz     ; 0.000        ; 0.074      ; 1.543      ;
; 1.333 ; cnt_time[0]      ; cnt_time[0]      ; clk_1hz      ; clk_1hz     ; 0.000        ; 0.076      ; 1.598      ;
; 1.353 ; cnt_time[5]      ; cnt_time[6]      ; clk_1hz      ; clk_1hz     ; 0.000        ; 0.076      ; 1.618      ;
; 1.355 ; cnt_time[6]      ; cnt_time[1]      ; clk_1hz      ; clk_1hz     ; 0.000        ; 0.078      ; 1.622      ;
; 1.375 ; cnt_time[2]      ; cnt_time[3]      ; clk_1hz      ; clk_1hz     ; 0.000        ; 0.076      ; 1.640      ;
; 1.401 ; cnt_time[4]      ; cnt_time[5]      ; clk_1hz      ; clk_1hz     ; 0.000        ; 0.076      ; 1.666      ;
; 1.401 ; cnt_time[4]      ; cnt_time[6]      ; clk_1hz      ; clk_1hz     ; 0.000        ; 0.076      ; 1.666      ;
; 1.403 ; cnt_time[6]      ; cnt_time[7]      ; clk_1hz      ; clk_1hz     ; 0.000        ; 0.076      ; 1.668      ;
; 1.410 ; cnt_time[4]      ; cnt_time[1]      ; clk_1hz      ; clk_1hz     ; 0.000        ; 0.078      ; 1.677      ;
; 1.419 ; state.S_B_STR_G  ; cnt_time[3]      ; clk_1hz      ; clk_1hz     ; 0.000        ; 0.074      ; 1.682      ;
; 1.441 ; cnt_time[2]      ; cnt_time[4]      ; clk_1hz      ; clk_1hz     ; 0.000        ; 0.076      ; 1.706      ;
; 1.462 ; cnt_time[1]      ; cnt_time[4]      ; clk_1hz      ; clk_1hz     ; 0.000        ; 0.074      ; 1.725      ;
; 1.483 ; cnt_time[2]      ; cnt_time[6]      ; clk_1hz      ; clk_1hz     ; 0.000        ; 0.076      ; 1.748      ;
; 1.483 ; cnt_time[2]      ; cnt_time[7]      ; clk_1hz      ; clk_1hz     ; 0.000        ; 0.076      ; 1.748      ;
; 1.487 ; cnt_time[2]      ; cnt_time[5]      ; clk_1hz      ; clk_1hz     ; 0.000        ; 0.076      ; 1.752      ;
; 1.488 ; cnt_time[5]      ; cnt_time[7]      ; clk_1hz      ; clk_1hz     ; 0.000        ; 0.076      ; 1.753      ;
; 1.489 ; cnt_time[1]      ; cnt_time[1]      ; clk_1hz      ; clk_1hz     ; 0.000        ; 0.076      ; 1.754      ;
; 1.504 ; cnt_time[1]      ; cnt_time[6]      ; clk_1hz      ; clk_1hz     ; 0.000        ; 0.074      ; 1.767      ;
; 1.504 ; cnt_time[1]      ; cnt_time[7]      ; clk_1hz      ; clk_1hz     ; 0.000        ; 0.074      ; 1.767      ;
; 1.508 ; cnt_time[1]      ; cnt_time[5]      ; clk_1hz      ; clk_1hz     ; 0.000        ; 0.074      ; 1.771      ;
; 1.510 ; cnt_time[0]      ; cnt_time[2]      ; clk_1hz      ; clk_1hz     ; 0.000        ; 0.076      ; 1.775      ;
; 1.510 ; cnt_time[0]      ; cnt_time[3]      ; clk_1hz      ; clk_1hz     ; 0.000        ; 0.076      ; 1.775      ;
; 1.513 ; state.S_A_STR_G  ; cnt_time[3]      ; clk_1hz      ; clk_1hz     ; 0.000        ; 0.074      ; 1.776      ;
; 1.514 ; cnt_time[6]      ; cnt_time[0]      ; clk_1hz      ; clk_1hz     ; 0.000        ; 0.076      ; 1.779      ;
; 1.520 ; cnt_time[7]      ; cnt_time[4]      ; clk_1hz      ; clk_1hz     ; 0.000        ; 0.076      ; 1.785      ;
; 1.536 ; cnt_time[4]      ; cnt_time[7]      ; clk_1hz      ; clk_1hz     ; 0.000        ; 0.076      ; 1.801      ;
; 1.554 ; cnt_time[5]      ; cnt_time[4]      ; clk_1hz      ; clk_1hz     ; 0.000        ; 0.076      ; 1.819      ;
; 1.554 ; cnt_time[5]      ; cnt_time[1]      ; clk_1hz      ; clk_1hz     ; 0.000        ; 0.078      ; 1.821      ;
; 1.556 ; cnt_time[0]      ; cnt_time[1]      ; clk_1hz      ; clk_1hz     ; 0.000        ; 0.078      ; 1.823      ;
; 1.558 ; cnt_time[1]      ; cnt_time[2]      ; clk_1hz      ; clk_1hz     ; 0.000        ; 0.074      ; 1.821      ;
; 1.566 ; cnt_time[1]      ; cnt_time[3]      ; clk_1hz      ; clk_1hz     ; 0.000        ; 0.074      ; 1.829      ;
; 1.569 ; cnt_time[4]      ; cnt_time[0]      ; clk_1hz      ; clk_1hz     ; 0.000        ; 0.076      ; 1.834      ;
; 1.595 ; cnt_time[6]      ; cnt_time[4]      ; clk_1hz      ; clk_1hz     ; 0.000        ; 0.076      ; 1.860      ;
; 1.595 ; cnt_time[3]      ; cnt_time[1]      ; clk_1hz      ; clk_1hz     ; 0.000        ; 0.078      ; 1.862      ;
; 1.644 ; cnt_time[0]      ; cnt_time[5]      ; clk_1hz      ; clk_1hz     ; 0.000        ; 0.076      ; 1.909      ;
; 1.658 ; cnt_time[1]      ; cnt_time[0]      ; clk_1hz      ; clk_1hz     ; 0.000        ; 0.074      ; 1.921      ;
; 1.668 ; cnt_time[0]      ; cnt_time[4]      ; clk_1hz      ; clk_1hz     ; 0.000        ; 0.076      ; 1.933      ;
; 1.696 ; cnt_time[2]      ; cnt_time[1]      ; clk_1hz      ; clk_1hz     ; 0.000        ; 0.078      ; 1.963      ;
; 1.710 ; cnt_time[0]      ; cnt_time[6]      ; clk_1hz      ; clk_1hz     ; 0.000        ; 0.076      ; 1.975      ;
; 1.710 ; cnt_time[0]      ; cnt_time[7]      ; clk_1hz      ; clk_1hz     ; 0.000        ; 0.076      ; 1.975      ;
; 1.713 ; cnt_time[5]      ; cnt_time[0]      ; clk_1hz      ; clk_1hz     ; 0.000        ; 0.076      ; 1.978      ;
; 1.764 ; cnt_time[3]      ; cnt_time[0]      ; clk_1hz      ; clk_1hz     ; 0.000        ; 0.076      ; 2.029      ;
; 1.818 ; cnt_time[6]      ; cnt_time[2]      ; clk_1hz      ; clk_1hz     ; 0.000        ; 0.076      ; 2.083      ;
; 1.818 ; cnt_time[6]      ; cnt_time[3]      ; clk_1hz      ; clk_1hz     ; 0.000        ; 0.076      ; 2.083      ;
; 1.822 ; cnt_time[7]      ; cnt_time[1]      ; clk_1hz      ; clk_1hz     ; 0.000        ; 0.078      ; 2.089      ;
; 1.844 ; cnt_time[7]      ; cnt_time[5]      ; clk_1hz      ; clk_1hz     ; 0.000        ; 0.076      ; 2.109      ;
; 1.847 ; cnt_time[7]      ; cnt_time[6]      ; clk_1hz      ; clk_1hz     ; 0.000        ; 0.076      ; 2.112      ;
; 1.865 ; cnt_time[2]      ; cnt_time[0]      ; clk_1hz      ; clk_1hz     ; 0.000        ; 0.076      ; 2.130      ;
; 1.873 ; cnt_time[4]      ; cnt_time[2]      ; clk_1hz      ; clk_1hz     ; 0.000        ; 0.076      ; 2.138      ;
; 1.873 ; cnt_time[4]      ; cnt_time[3]      ; clk_1hz      ; clk_1hz     ; 0.000        ; 0.076      ; 2.138      ;
; 1.919 ; cnt_time[6]      ; cnt_time[5]      ; clk_1hz      ; clk_1hz     ; 0.000        ; 0.076      ; 2.184      ;
; 1.949 ; cnt_time[6]      ; state.S_A_STR_G  ; clk_1hz      ; clk_1hz     ; 0.000        ; 0.078      ; 2.216      ;
; 1.949 ; cnt_time[6]      ; state.S_B_LEFT_Y ; clk_1hz      ; clk_1hz     ; 0.000        ; 0.078      ; 2.216      ;
; 1.949 ; cnt_time[6]      ; state.S_B_LEFT_G ; clk_1hz      ; clk_1hz     ; 0.000        ; 0.078      ; 2.216      ;
; 1.949 ; cnt_time[6]      ; state.S_B_STR_Y  ; clk_1hz      ; clk_1hz     ; 0.000        ; 0.078      ; 2.216      ;
; 1.949 ; cnt_time[6]      ; state.S_B_STR_G  ; clk_1hz      ; clk_1hz     ; 0.000        ; 0.078      ; 2.216      ;
; 1.949 ; cnt_time[6]      ; state.S_A_LEFT_Y ; clk_1hz      ; clk_1hz     ; 0.000        ; 0.078      ; 2.216      ;
; 1.949 ; cnt_time[6]      ; state.S_A_LEFT_G ; clk_1hz      ; clk_1hz     ; 0.000        ; 0.078      ; 2.216      ;
; 1.949 ; cnt_time[6]      ; state.S_A_STR_Y  ; clk_1hz      ; clk_1hz     ; 0.000        ; 0.078      ; 2.216      ;
; 1.981 ; cnt_time[7]      ; cnt_time[0]      ; clk_1hz      ; clk_1hz     ; 0.000        ; 0.076      ; 2.246      ;
; 1.997 ; state.S_A_LEFT_G ; cnt_time[3]      ; clk_1hz      ; clk_1hz     ; 0.000        ; 0.074      ; 2.260      ;
; 2.004 ; cnt_time[4]      ; state.S_A_STR_G  ; clk_1hz      ; clk_1hz     ; 0.000        ; 0.078      ; 2.271      ;
; 2.004 ; cnt_time[4]      ; state.S_B_LEFT_Y ; clk_1hz      ; clk_1hz     ; 0.000        ; 0.078      ; 2.271      ;
; 2.004 ; cnt_time[4]      ; state.S_B_LEFT_G ; clk_1hz      ; clk_1hz     ; 0.000        ; 0.078      ; 2.271      ;
; 2.004 ; cnt_time[4]      ; state.S_B_STR_Y  ; clk_1hz      ; clk_1hz     ; 0.000        ; 0.078      ; 2.271      ;
; 2.004 ; cnt_time[4]      ; state.S_B_STR_G  ; clk_1hz      ; clk_1hz     ; 0.000        ; 0.078      ; 2.271      ;
; 2.004 ; cnt_time[4]      ; state.S_A_LEFT_Y ; clk_1hz      ; clk_1hz     ; 0.000        ; 0.078      ; 2.271      ;
; 2.004 ; cnt_time[4]      ; state.S_A_LEFT_G ; clk_1hz      ; clk_1hz     ; 0.000        ; 0.078      ; 2.271      ;
; 2.004 ; cnt_time[4]      ; state.S_A_STR_Y  ; clk_1hz      ; clk_1hz     ; 0.000        ; 0.078      ; 2.271      ;
; 2.017 ; cnt_time[5]      ; cnt_time[2]      ; clk_1hz      ; clk_1hz     ; 0.000        ; 0.076      ; 2.282      ;
; 2.017 ; cnt_time[5]      ; cnt_time[3]      ; clk_1hz      ; clk_1hz     ; 0.000        ; 0.076      ; 2.282      ;
; 2.098 ; cnt_time[3]      ; cnt_time[2]      ; clk_1hz      ; clk_1hz     ; 0.000        ; 0.076      ; 2.363      ;
; 2.108 ; cnt_time[1]      ; state.S_A_STR_G  ; clk_1hz      ; clk_1hz     ; 0.000        ; 0.076      ; 2.373      ;
; 2.108 ; cnt_time[1]      ; state.S_B_LEFT_Y ; clk_1hz      ; clk_1hz     ; 0.000        ; 0.076      ; 2.373      ;
; 2.108 ; cnt_time[1]      ; state.S_B_LEFT_G ; clk_1hz      ; clk_1hz     ; 0.000        ; 0.076      ; 2.373      ;
; 2.108 ; cnt_time[1]      ; state.S_B_STR_Y  ; clk_1hz      ; clk_1hz     ; 0.000        ; 0.076      ; 2.373      ;
+-------+------------------+------------------+--------------+-------------+--------------+------------+------------+


------------------------------------------------
; Slow 1200mV 125C Model Metastability Summary ;
------------------------------------------------
No synchronizer chains to report.


+--------------------------------------------------+
; Slow 1200mV -40C Model Fmax Summary              ;
+------------+-----------------+------------+------+
; Fmax       ; Restricted Fmax ; Clock Name ; Note ;
+------------+-----------------+------------+------+
; 224.97 MHz ; 224.97 MHz      ; clk        ;      ;
; 401.93 MHz ; 401.93 MHz      ; clk_1hz    ;      ;
+------------+-----------------+------------+------+
This panel reports FMAX for every clock in the design, regardless of the user-specified clock periods.  FMAX is only computed for paths where the source and destination registers or ports are driven by the same clock.  Paths of different clocks, including generated clocks, are ignored.  For paths between a clock and its inversion, FMAX is computed as if the rising and falling edges are scaled along with FMAX, such that the duty cycle (in terms of a percentage) is maintained. Altera recommends that you always use clock constraints and other slack reports for sign-off analysis.


+--------------------------------------+
; Slow 1200mV -40C Model Setup Summary ;
+---------+--------+-------------------+
; Clock   ; Slack  ; End Point TNS     ;
+---------+--------+-------------------+
; clk     ; -3.445 ; -94.866           ;
; clk_1hz ; -1.488 ; -21.696           ;
+---------+--------+-------------------+


+-------------------------------------+
; Slow 1200mV -40C Model Hold Summary ;
+---------+-------+-------------------+
; Clock   ; Slack ; End Point TNS     ;
+---------+-------+-------------------+
; clk     ; 0.342 ; 0.000             ;
; clk_1hz ; 0.394 ; 0.000             ;
+---------+-------+-------------------+


-------------------------------------------
; Slow 1200mV -40C Model Recovery Summary ;
-------------------------------------------
No paths to report.


------------------------------------------
; Slow 1200mV -40C Model Removal Summary ;
------------------------------------------
No paths to report.


+----------------------------------------------------+
; Slow 1200mV -40C Model Minimum Pulse Width Summary ;
+---------+--------+---------------------------------+
; Clock   ; Slack  ; End Point TNS                   ;
+---------+--------+---------------------------------+
; clk     ; -3.000 ; -59.540                         ;
; clk_1hz ; -1.285 ; -20.560                         ;
+---------+--------+---------------------------------+


+----------------------------------------------------------------------------------------------------------+
; Slow 1200mV -40C Model Setup: 'clk'                                                                      ;
+--------+-------------+-------------+--------------+-------------+--------------+------------+------------+
; Slack  ; From Node   ; To Node     ; Launch Clock ; Latch Clock ; Relationship ; Clock Skew ; Data Delay ;
+--------+-------------+-------------+--------------+-------------+--------------+------------+------------+
; -3.445 ; clk_cnt[1]  ; clk_1hz     ; clk          ; clk         ; 1.000        ; -0.063     ; 4.382      ;
; -3.445 ; clk_cnt[2]  ; clk_1hz     ; clk          ; clk         ; 1.000        ; -0.063     ; 4.382      ;
; -3.443 ; clk_cnt[0]  ; clk_1hz     ; clk          ; clk         ; 1.000        ; -0.063     ; 4.380      ;
; -3.346 ; clk_cnt[11] ; clk_1hz     ; clk          ; clk         ; 1.000        ; -0.063     ; 4.283      ;
; -3.324 ; clk_cnt[8]  ; clk_1hz     ; clk          ; clk         ; 1.000        ; -0.063     ; 4.261      ;
; -3.317 ; clk_cnt[6]  ; clk_1hz     ; clk          ; clk         ; 1.000        ; -0.063     ; 4.254      ;
; -3.305 ; clk_cnt[9]  ; clk_1hz     ; clk          ; clk         ; 1.000        ; -0.063     ; 4.242      ;
; -3.246 ; clk_cnt[13] ; clk_1hz     ; clk          ; clk         ; 1.000        ; -0.060     ; 4.186      ;
; -3.213 ; clk_cnt[3]  ; clk_1hz     ; clk          ; clk         ; 1.000        ; -0.063     ; 4.150      ;
; -3.208 ; clk_cnt[14] ; clk_1hz     ; clk          ; clk         ; 1.000        ; -0.060     ; 4.148      ;
; -3.176 ; clk_cnt[12] ; clk_1hz     ; clk          ; clk         ; 1.000        ; -0.063     ; 4.113      ;
; -3.152 ; clk_cnt[5]  ; clk_1hz     ; clk          ; clk         ; 1.000        ; -0.063     ; 4.089      ;
; -3.069 ; clk_cnt[7]  ; clk_1hz     ; clk          ; clk         ; 1.000        ; -0.063     ; 4.006      ;
; -2.997 ; clk_cnt[19] ; clk_1hz     ; clk          ; clk         ; 1.000        ; -0.446     ; 3.551      ;
; -2.990 ; clk_cnt[4]  ; clk_1hz     ; clk          ; clk         ; 1.000        ; -0.063     ; 3.927      ;
; -2.927 ; clk_cnt[16] ; clk_1hz     ; clk          ; clk         ; 1.000        ; -0.060     ; 3.867      ;
; -2.845 ; clk_cnt[1]  ; clk_cnt[25] ; clk          ; clk         ; 1.000        ; -0.066     ; 3.779      ;
; -2.845 ; clk_cnt[1]  ; clk_cnt[24] ; clk          ; clk         ; 1.000        ; -0.066     ; 3.779      ;
; -2.845 ; clk_cnt[1]  ; clk_cnt[23] ; clk          ; clk         ; 1.000        ; -0.066     ; 3.779      ;
; -2.845 ; clk_cnt[1]  ; clk_cnt[22] ; clk          ; clk         ; 1.000        ; -0.066     ; 3.779      ;
; -2.845 ; clk_cnt[1]  ; clk_cnt[21] ; clk          ; clk         ; 1.000        ; -0.066     ; 3.779      ;
; -2.845 ; clk_cnt[1]  ; clk_cnt[20] ; clk          ; clk         ; 1.000        ; -0.066     ; 3.779      ;
; -2.845 ; clk_cnt[1]  ; clk_cnt[18] ; clk          ; clk         ; 1.000        ; -0.066     ; 3.779      ;
; -2.845 ; clk_cnt[1]  ; clk_cnt[17] ; clk          ; clk         ; 1.000        ; -0.066     ; 3.779      ;
; -2.845 ; clk_cnt[1]  ; clk_cnt[16] ; clk          ; clk         ; 1.000        ; -0.066     ; 3.779      ;
; -2.845 ; clk_cnt[1]  ; clk_cnt[15] ; clk          ; clk         ; 1.000        ; -0.066     ; 3.779      ;
; -2.845 ; clk_cnt[1]  ; clk_cnt[14] ; clk          ; clk         ; 1.000        ; -0.066     ; 3.779      ;
; -2.845 ; clk_cnt[1]  ; clk_cnt[13] ; clk          ; clk         ; 1.000        ; -0.066     ; 3.779      ;
; -2.845 ; clk_cnt[2]  ; clk_cnt[25] ; clk          ; clk         ; 1.000        ; -0.066     ; 3.779      ;
; -2.845 ; clk_cnt[2]  ; clk_cnt[24] ; clk          ; clk         ; 1.000        ; -0.066     ; 3.779      ;
; -2.845 ; clk_cnt[2]  ; clk_cnt[23] ; clk          ; clk         ; 1.000        ; -0.066     ; 3.779      ;
; -2.845 ; clk_cnt[2]  ; clk_cnt[22] ; clk          ; clk         ; 1.000        ; -0.066     ; 3.779      ;
; -2.845 ; clk_cnt[2]  ; clk_cnt[21] ; clk          ; clk         ; 1.000        ; -0.066     ; 3.779      ;
; -2.845 ; clk_cnt[2]  ; clk_cnt[20] ; clk          ; clk         ; 1.000        ; -0.066     ; 3.779      ;
; -2.845 ; clk_cnt[2]  ; clk_cnt[18] ; clk          ; clk         ; 1.000        ; -0.066     ; 3.779      ;
; -2.845 ; clk_cnt[2]  ; clk_cnt[17] ; clk          ; clk         ; 1.000        ; -0.066     ; 3.779      ;
; -2.845 ; clk_cnt[2]  ; clk_cnt[16] ; clk          ; clk         ; 1.000        ; -0.066     ; 3.779      ;
; -2.845 ; clk_cnt[2]  ; clk_cnt[15] ; clk          ; clk         ; 1.000        ; -0.066     ; 3.779      ;
; -2.845 ; clk_cnt[2]  ; clk_cnt[14] ; clk          ; clk         ; 1.000        ; -0.066     ; 3.779      ;
; -2.845 ; clk_cnt[2]  ; clk_cnt[13] ; clk          ; clk         ; 1.000        ; -0.066     ; 3.779      ;
; -2.843 ; clk_cnt[0]  ; clk_cnt[25] ; clk          ; clk         ; 1.000        ; -0.066     ; 3.777      ;
; -2.843 ; clk_cnt[0]  ; clk_cnt[24] ; clk          ; clk         ; 1.000        ; -0.066     ; 3.777      ;
; -2.843 ; clk_cnt[0]  ; clk_cnt[23] ; clk          ; clk         ; 1.000        ; -0.066     ; 3.777      ;
; -2.843 ; clk_cnt[0]  ; clk_cnt[22] ; clk          ; clk         ; 1.000        ; -0.066     ; 3.777      ;
; -2.843 ; clk_cnt[0]  ; clk_cnt[21] ; clk          ; clk         ; 1.000        ; -0.066     ; 3.777      ;
; -2.843 ; clk_cnt[0]  ; clk_cnt[20] ; clk          ; clk         ; 1.000        ; -0.066     ; 3.777      ;
; -2.843 ; clk_cnt[0]  ; clk_cnt[18] ; clk          ; clk         ; 1.000        ; -0.066     ; 3.777      ;
; -2.843 ; clk_cnt[0]  ; clk_cnt[17] ; clk          ; clk         ; 1.000        ; -0.066     ; 3.777      ;
; -2.843 ; clk_cnt[0]  ; clk_cnt[16] ; clk          ; clk         ; 1.000        ; -0.066     ; 3.777      ;
; -2.843 ; clk_cnt[0]  ; clk_cnt[15] ; clk          ; clk         ; 1.000        ; -0.066     ; 3.777      ;
; -2.843 ; clk_cnt[0]  ; clk_cnt[14] ; clk          ; clk         ; 1.000        ; -0.066     ; 3.777      ;
; -2.843 ; clk_cnt[0]  ; clk_cnt[13] ; clk          ; clk         ; 1.000        ; -0.066     ; 3.777      ;
; -2.842 ; clk_cnt[18] ; clk_1hz     ; clk          ; clk         ; 1.000        ; -0.060     ; 3.782      ;
; -2.842 ; clk_cnt[21] ; clk_1hz     ; clk          ; clk         ; 1.000        ; -0.060     ; 3.782      ;
; -2.840 ; clk_cnt[11] ; clk_cnt[25] ; clk          ; clk         ; 1.000        ; -0.066     ; 3.774      ;
; -2.840 ; clk_cnt[11] ; clk_cnt[24] ; clk          ; clk         ; 1.000        ; -0.066     ; 3.774      ;
; -2.840 ; clk_cnt[11] ; clk_cnt[23] ; clk          ; clk         ; 1.000        ; -0.066     ; 3.774      ;
; -2.840 ; clk_cnt[11] ; clk_cnt[22] ; clk          ; clk         ; 1.000        ; -0.066     ; 3.774      ;
; -2.840 ; clk_cnt[11] ; clk_cnt[21] ; clk          ; clk         ; 1.000        ; -0.066     ; 3.774      ;
; -2.840 ; clk_cnt[11] ; clk_cnt[20] ; clk          ; clk         ; 1.000        ; -0.066     ; 3.774      ;
; -2.840 ; clk_cnt[11] ; clk_cnt[18] ; clk          ; clk         ; 1.000        ; -0.066     ; 3.774      ;
; -2.840 ; clk_cnt[11] ; clk_cnt[17] ; clk          ; clk         ; 1.000        ; -0.066     ; 3.774      ;
; -2.840 ; clk_cnt[11] ; clk_cnt[16] ; clk          ; clk         ; 1.000        ; -0.066     ; 3.774      ;
; -2.840 ; clk_cnt[11] ; clk_cnt[15] ; clk          ; clk         ; 1.000        ; -0.066     ; 3.774      ;
; -2.840 ; clk_cnt[11] ; clk_cnt[14] ; clk          ; clk         ; 1.000        ; -0.066     ; 3.774      ;
; -2.840 ; clk_cnt[11] ; clk_cnt[13] ; clk          ; clk         ; 1.000        ; -0.066     ; 3.774      ;
; -2.758 ; clk_cnt[10] ; clk_1hz     ; clk          ; clk         ; 1.000        ; -0.063     ; 3.695      ;
; -2.741 ; clk_cnt[13] ; clk_cnt[25] ; clk          ; clk         ; 1.000        ; -0.063     ; 3.678      ;
; -2.741 ; clk_cnt[13] ; clk_cnt[24] ; clk          ; clk         ; 1.000        ; -0.063     ; 3.678      ;
; -2.741 ; clk_cnt[13] ; clk_cnt[23] ; clk          ; clk         ; 1.000        ; -0.063     ; 3.678      ;
; -2.741 ; clk_cnt[13] ; clk_cnt[22] ; clk          ; clk         ; 1.000        ; -0.063     ; 3.678      ;
; -2.741 ; clk_cnt[13] ; clk_cnt[21] ; clk          ; clk         ; 1.000        ; -0.063     ; 3.678      ;
; -2.741 ; clk_cnt[13] ; clk_cnt[20] ; clk          ; clk         ; 1.000        ; -0.063     ; 3.678      ;
; -2.741 ; clk_cnt[13] ; clk_cnt[18] ; clk          ; clk         ; 1.000        ; -0.063     ; 3.678      ;
; -2.741 ; clk_cnt[13] ; clk_cnt[17] ; clk          ; clk         ; 1.000        ; -0.063     ; 3.678      ;
; -2.741 ; clk_cnt[13] ; clk_cnt[16] ; clk          ; clk         ; 1.000        ; -0.063     ; 3.678      ;
; -2.741 ; clk_cnt[13] ; clk_cnt[15] ; clk          ; clk         ; 1.000        ; -0.063     ; 3.678      ;
; -2.741 ; clk_cnt[13] ; clk_cnt[14] ; clk          ; clk         ; 1.000        ; -0.063     ; 3.678      ;
; -2.741 ; clk_cnt[13] ; clk_cnt[13] ; clk          ; clk         ; 1.000        ; -0.063     ; 3.678      ;
; -2.728 ; clk_cnt[15] ; clk_1hz     ; clk          ; clk         ; 1.000        ; -0.060     ; 3.668      ;
; -2.724 ; clk_cnt[8]  ; clk_cnt[25] ; clk          ; clk         ; 1.000        ; -0.066     ; 3.658      ;
; -2.724 ; clk_cnt[8]  ; clk_cnt[24] ; clk          ; clk         ; 1.000        ; -0.066     ; 3.658      ;
; -2.724 ; clk_cnt[8]  ; clk_cnt[23] ; clk          ; clk         ; 1.000        ; -0.066     ; 3.658      ;
; -2.724 ; clk_cnt[8]  ; clk_cnt[22] ; clk          ; clk         ; 1.000        ; -0.066     ; 3.658      ;
; -2.724 ; clk_cnt[8]  ; clk_cnt[21] ; clk          ; clk         ; 1.000        ; -0.066     ; 3.658      ;
; -2.724 ; clk_cnt[8]  ; clk_cnt[20] ; clk          ; clk         ; 1.000        ; -0.066     ; 3.658      ;
; -2.724 ; clk_cnt[8]  ; clk_cnt[18] ; clk          ; clk         ; 1.000        ; -0.066     ; 3.658      ;
; -2.724 ; clk_cnt[8]  ; clk_cnt[17] ; clk          ; clk         ; 1.000        ; -0.066     ; 3.658      ;
; -2.724 ; clk_cnt[8]  ; clk_cnt[16] ; clk          ; clk         ; 1.000        ; -0.066     ; 3.658      ;
; -2.724 ; clk_cnt[8]  ; clk_cnt[15] ; clk          ; clk         ; 1.000        ; -0.066     ; 3.658      ;
; -2.724 ; clk_cnt[8]  ; clk_cnt[14] ; clk          ; clk         ; 1.000        ; -0.066     ; 3.658      ;
; -2.724 ; clk_cnt[8]  ; clk_cnt[13] ; clk          ; clk         ; 1.000        ; -0.066     ; 3.658      ;
; -2.717 ; clk_cnt[6]  ; clk_cnt[25] ; clk          ; clk         ; 1.000        ; -0.066     ; 3.651      ;
; -2.717 ; clk_cnt[6]  ; clk_cnt[24] ; clk          ; clk         ; 1.000        ; -0.066     ; 3.651      ;
; -2.717 ; clk_cnt[6]  ; clk_cnt[23] ; clk          ; clk         ; 1.000        ; -0.066     ; 3.651      ;
; -2.717 ; clk_cnt[6]  ; clk_cnt[22] ; clk          ; clk         ; 1.000        ; -0.066     ; 3.651      ;
; -2.717 ; clk_cnt[6]  ; clk_cnt[21] ; clk          ; clk         ; 1.000        ; -0.066     ; 3.651      ;
; -2.717 ; clk_cnt[6]  ; clk_cnt[20] ; clk          ; clk         ; 1.000        ; -0.066     ; 3.651      ;
; -2.717 ; clk_cnt[6]  ; clk_cnt[18] ; clk          ; clk         ; 1.000        ; -0.066     ; 3.651      ;
; -2.717 ; clk_cnt[6]  ; clk_cnt[17] ; clk          ; clk         ; 1.000        ; -0.066     ; 3.651      ;
+--------+-------------+-------------+--------------+-------------+--------------+------------+------------+


+--------------------------------------------------------------------------------------------------------------------+
; Slow 1200mV -40C Model Setup: 'clk_1hz'                                                                            ;
+--------+------------------+------------------+--------------+-------------+--------------+------------+------------+
; Slack  ; From Node        ; To Node          ; Launch Clock ; Latch Clock ; Relationship ; Clock Skew ; Data Delay ;
+--------+------------------+------------------+--------------+-------------+--------------+------------+------------+
; -1.488 ; cnt_time[7]      ; cnt_time[3]      ; clk_1hz      ; clk_1hz     ; 1.000        ; -0.064     ; 2.424      ;
; -1.487 ; cnt_time[7]      ; cnt_time[2]      ; clk_1hz      ; clk_1hz     ; 1.000        ; -0.064     ; 2.423      ;
; -1.431 ; cnt_time[7]      ; state.S_A_STR_G  ; clk_1hz      ; clk_1hz     ; 1.000        ; -0.065     ; 2.366      ;
; -1.431 ; cnt_time[7]      ; state.S_B_LEFT_Y ; clk_1hz      ; clk_1hz     ; 1.000        ; -0.065     ; 2.366      ;
; -1.431 ; cnt_time[7]      ; state.S_B_LEFT_G ; clk_1hz      ; clk_1hz     ; 1.000        ; -0.065     ; 2.366      ;
; -1.431 ; cnt_time[7]      ; state.S_B_STR_Y  ; clk_1hz      ; clk_1hz     ; 1.000        ; -0.065     ; 2.366      ;
; -1.431 ; cnt_time[7]      ; state.S_B_STR_G  ; clk_1hz      ; clk_1hz     ; 1.000        ; -0.065     ; 2.366      ;
; -1.431 ; cnt_time[7]      ; state.S_A_LEFT_Y ; clk_1hz      ; clk_1hz     ; 1.000        ; -0.065     ; 2.366      ;
; -1.431 ; cnt_time[7]      ; state.S_A_LEFT_G ; clk_1hz      ; clk_1hz     ; 1.000        ; -0.065     ; 2.366      ;
; -1.431 ; cnt_time[7]      ; state.S_A_STR_Y  ; clk_1hz      ; clk_1hz     ; 1.000        ; -0.065     ; 2.366      ;
; -1.374 ; cnt_time[2]      ; cnt_time[3]      ; clk_1hz      ; clk_1hz     ; 1.000        ; -0.064     ; 2.310      ;
; -1.373 ; cnt_time[2]      ; cnt_time[2]      ; clk_1hz      ; clk_1hz     ; 1.000        ; -0.064     ; 2.309      ;
; -1.317 ; cnt_time[2]      ; state.S_A_STR_G  ; clk_1hz      ; clk_1hz     ; 1.000        ; -0.065     ; 2.252      ;
; -1.317 ; cnt_time[2]      ; state.S_B_LEFT_Y ; clk_1hz      ; clk_1hz     ; 1.000        ; -0.065     ; 2.252      ;
; -1.317 ; cnt_time[2]      ; state.S_B_LEFT_G ; clk_1hz      ; clk_1hz     ; 1.000        ; -0.065     ; 2.252      ;
; -1.317 ; cnt_time[2]      ; state.S_B_STR_Y  ; clk_1hz      ; clk_1hz     ; 1.000        ; -0.065     ; 2.252      ;
; -1.317 ; cnt_time[2]      ; state.S_B_STR_G  ; clk_1hz      ; clk_1hz     ; 1.000        ; -0.065     ; 2.252      ;
; -1.317 ; cnt_time[2]      ; state.S_A_LEFT_Y ; clk_1hz      ; clk_1hz     ; 1.000        ; -0.065     ; 2.252      ;
; -1.317 ; cnt_time[2]      ; state.S_A_LEFT_G ; clk_1hz      ; clk_1hz     ; 1.000        ; -0.065     ; 2.252      ;
; -1.317 ; cnt_time[2]      ; state.S_A_STR_Y  ; clk_1hz      ; clk_1hz     ; 1.000        ; -0.065     ; 2.252      ;
; -1.282 ; cnt_time[3]      ; cnt_time[3]      ; clk_1hz      ; clk_1hz     ; 1.000        ; -0.064     ; 2.218      ;
; -1.281 ; cnt_time[3]      ; cnt_time[2]      ; clk_1hz      ; clk_1hz     ; 1.000        ; -0.064     ; 2.217      ;
; -1.256 ; cnt_time[0]      ; cnt_time[3]      ; clk_1hz      ; clk_1hz     ; 1.000        ; -0.064     ; 2.192      ;
; -1.255 ; cnt_time[0]      ; cnt_time[2]      ; clk_1hz      ; clk_1hz     ; 1.000        ; -0.064     ; 2.191      ;
; -1.254 ; cnt_time[0]      ; cnt_time[7]      ; clk_1hz      ; clk_1hz     ; 1.000        ; -0.064     ; 2.190      ;
; -1.234 ; cnt_time[0]      ; cnt_time[1]      ; clk_1hz      ; clk_1hz     ; 1.000        ; -0.065     ; 2.169      ;
; -1.233 ; cnt_time[1]      ; cnt_time[4]      ; clk_1hz      ; clk_1hz     ; 1.000        ; -0.063     ; 2.170      ;
; -1.229 ; cnt_time[5]      ; cnt_time[3]      ; clk_1hz      ; clk_1hz     ; 1.000        ; -0.064     ; 2.165      ;
; -1.228 ; cnt_time[5]      ; cnt_time[2]      ; clk_1hz      ; clk_1hz     ; 1.000        ; -0.064     ; 2.164      ;
; -1.225 ; cnt_time[3]      ; state.S_A_STR_G  ; clk_1hz      ; clk_1hz     ; 1.000        ; -0.065     ; 2.160      ;
; -1.225 ; cnt_time[3]      ; state.S_B_LEFT_Y ; clk_1hz      ; clk_1hz     ; 1.000        ; -0.065     ; 2.160      ;
; -1.225 ; cnt_time[3]      ; state.S_B_LEFT_G ; clk_1hz      ; clk_1hz     ; 1.000        ; -0.065     ; 2.160      ;
; -1.225 ; cnt_time[3]      ; state.S_B_STR_Y  ; clk_1hz      ; clk_1hz     ; 1.000        ; -0.065     ; 2.160      ;
; -1.225 ; cnt_time[3]      ; state.S_B_STR_G  ; clk_1hz      ; clk_1hz     ; 1.000        ; -0.065     ; 2.160      ;
; -1.225 ; cnt_time[3]      ; state.S_A_LEFT_Y ; clk_1hz      ; clk_1hz     ; 1.000        ; -0.065     ; 2.160      ;
; -1.225 ; cnt_time[3]      ; state.S_A_LEFT_G ; clk_1hz      ; clk_1hz     ; 1.000        ; -0.065     ; 2.160      ;
; -1.225 ; cnt_time[3]      ; state.S_A_STR_Y  ; clk_1hz      ; clk_1hz     ; 1.000        ; -0.065     ; 2.160      ;
; -1.224 ; cnt_time[1]      ; cnt_time[6]      ; clk_1hz      ; clk_1hz     ; 1.000        ; -0.063     ; 2.161      ;
; -1.206 ; state.S_A_LEFT_G ; cnt_time[3]      ; clk_1hz      ; clk_1hz     ; 1.000        ; -0.063     ; 2.143      ;
; -1.199 ; cnt_time[0]      ; state.S_A_STR_G  ; clk_1hz      ; clk_1hz     ; 1.000        ; -0.065     ; 2.134      ;
; -1.199 ; cnt_time[0]      ; state.S_B_LEFT_Y ; clk_1hz      ; clk_1hz     ; 1.000        ; -0.065     ; 2.134      ;
; -1.199 ; cnt_time[0]      ; state.S_B_LEFT_G ; clk_1hz      ; clk_1hz     ; 1.000        ; -0.065     ; 2.134      ;
; -1.199 ; cnt_time[0]      ; state.S_B_STR_Y  ; clk_1hz      ; clk_1hz     ; 1.000        ; -0.065     ; 2.134      ;
; -1.199 ; cnt_time[0]      ; state.S_B_STR_G  ; clk_1hz      ; clk_1hz     ; 1.000        ; -0.065     ; 2.134      ;
; -1.199 ; cnt_time[0]      ; state.S_A_LEFT_Y ; clk_1hz      ; clk_1hz     ; 1.000        ; -0.065     ; 2.134      ;
; -1.199 ; cnt_time[0]      ; state.S_A_LEFT_G ; clk_1hz      ; clk_1hz     ; 1.000        ; -0.065     ; 2.134      ;
; -1.199 ; cnt_time[0]      ; state.S_A_STR_Y  ; clk_1hz      ; clk_1hz     ; 1.000        ; -0.065     ; 2.134      ;
; -1.183 ; cnt_time[7]      ; cnt_time[0]      ; clk_1hz      ; clk_1hz     ; 1.000        ; -0.064     ; 2.119      ;
; -1.183 ; cnt_time[1]      ; cnt_time[7]      ; clk_1hz      ; clk_1hz     ; 1.000        ; -0.063     ; 2.120      ;
; -1.172 ; cnt_time[5]      ; state.S_A_STR_G  ; clk_1hz      ; clk_1hz     ; 1.000        ; -0.065     ; 2.107      ;
; -1.172 ; cnt_time[5]      ; state.S_B_LEFT_Y ; clk_1hz      ; clk_1hz     ; 1.000        ; -0.065     ; 2.107      ;
; -1.172 ; cnt_time[5]      ; state.S_B_LEFT_G ; clk_1hz      ; clk_1hz     ; 1.000        ; -0.065     ; 2.107      ;
; -1.172 ; cnt_time[5]      ; state.S_B_STR_Y  ; clk_1hz      ; clk_1hz     ; 1.000        ; -0.065     ; 2.107      ;
; -1.172 ; cnt_time[5]      ; state.S_B_STR_G  ; clk_1hz      ; clk_1hz     ; 1.000        ; -0.065     ; 2.107      ;
; -1.172 ; cnt_time[5]      ; state.S_A_LEFT_Y ; clk_1hz      ; clk_1hz     ; 1.000        ; -0.065     ; 2.107      ;
; -1.172 ; cnt_time[5]      ; state.S_A_LEFT_G ; clk_1hz      ; clk_1hz     ; 1.000        ; -0.065     ; 2.107      ;
; -1.172 ; cnt_time[5]      ; state.S_A_STR_Y  ; clk_1hz      ; clk_1hz     ; 1.000        ; -0.065     ; 2.107      ;
; -1.161 ; cnt_time[1]      ; cnt_time[3]      ; clk_1hz      ; clk_1hz     ; 1.000        ; -0.063     ; 2.098      ;
; -1.160 ; cnt_time[1]      ; cnt_time[2]      ; clk_1hz      ; clk_1hz     ; 1.000        ; -0.063     ; 2.097      ;
; -1.145 ; cnt_time[0]      ; cnt_time[5]      ; clk_1hz      ; clk_1hz     ; 1.000        ; -0.064     ; 2.081      ;
; -1.145 ; cnt_time[2]      ; cnt_time[7]      ; clk_1hz      ; clk_1hz     ; 1.000        ; -0.064     ; 2.081      ;
; -1.137 ; cnt_time[1]      ; state.S_A_STR_G  ; clk_1hz      ; clk_1hz     ; 1.000        ; -0.064     ; 2.073      ;
; -1.137 ; cnt_time[1]      ; state.S_B_LEFT_Y ; clk_1hz      ; clk_1hz     ; 1.000        ; -0.064     ; 2.073      ;
; -1.137 ; cnt_time[1]      ; state.S_B_LEFT_G ; clk_1hz      ; clk_1hz     ; 1.000        ; -0.064     ; 2.073      ;
; -1.137 ; cnt_time[1]      ; state.S_B_STR_Y  ; clk_1hz      ; clk_1hz     ; 1.000        ; -0.064     ; 2.073      ;
; -1.137 ; cnt_time[1]      ; state.S_B_STR_G  ; clk_1hz      ; clk_1hz     ; 1.000        ; -0.064     ; 2.073      ;
; -1.137 ; cnt_time[1]      ; state.S_A_LEFT_Y ; clk_1hz      ; clk_1hz     ; 1.000        ; -0.064     ; 2.073      ;
; -1.137 ; cnt_time[1]      ; state.S_A_LEFT_G ; clk_1hz      ; clk_1hz     ; 1.000        ; -0.064     ; 2.073      ;
; -1.137 ; cnt_time[1]      ; state.S_A_STR_Y  ; clk_1hz      ; clk_1hz     ; 1.000        ; -0.064     ; 2.073      ;
; -1.133 ; cnt_time[4]      ; cnt_time[3]      ; clk_1hz      ; clk_1hz     ; 1.000        ; -0.064     ; 2.069      ;
; -1.132 ; cnt_time[4]      ; cnt_time[2]      ; clk_1hz      ; clk_1hz     ; 1.000        ; -0.064     ; 2.068      ;
; -1.123 ; cnt_time[0]      ; cnt_time[4]      ; clk_1hz      ; clk_1hz     ; 1.000        ; -0.064     ; 2.059      ;
; -1.122 ; cnt_time[6]      ; cnt_time[7]      ; clk_1hz      ; clk_1hz     ; 1.000        ; -0.064     ; 2.058      ;
; -1.121 ; cnt_time[6]      ; cnt_time[6]      ; clk_1hz      ; clk_1hz     ; 1.000        ; -0.064     ; 2.057      ;
; -1.117 ; cnt_time[6]      ; cnt_time[5]      ; clk_1hz      ; clk_1hz     ; 1.000        ; -0.064     ; 2.053      ;
; -1.103 ; cnt_time[0]      ; cnt_time[6]      ; clk_1hz      ; clk_1hz     ; 1.000        ; -0.064     ; 2.039      ;
; -1.076 ; cnt_time[4]      ; state.S_A_STR_G  ; clk_1hz      ; clk_1hz     ; 1.000        ; -0.065     ; 2.011      ;
; -1.076 ; cnt_time[4]      ; state.S_B_LEFT_Y ; clk_1hz      ; clk_1hz     ; 1.000        ; -0.065     ; 2.011      ;
; -1.076 ; cnt_time[4]      ; state.S_B_LEFT_G ; clk_1hz      ; clk_1hz     ; 1.000        ; -0.065     ; 2.011      ;
; -1.076 ; cnt_time[4]      ; state.S_B_STR_Y  ; clk_1hz      ; clk_1hz     ; 1.000        ; -0.065     ; 2.011      ;
; -1.076 ; cnt_time[4]      ; state.S_B_STR_G  ; clk_1hz      ; clk_1hz     ; 1.000        ; -0.065     ; 2.011      ;
; -1.076 ; cnt_time[4]      ; state.S_A_LEFT_Y ; clk_1hz      ; clk_1hz     ; 1.000        ; -0.065     ; 2.011      ;
; -1.076 ; cnt_time[4]      ; state.S_A_LEFT_G ; clk_1hz      ; clk_1hz     ; 1.000        ; -0.065     ; 2.011      ;
; -1.076 ; cnt_time[4]      ; state.S_A_STR_Y  ; clk_1hz      ; clk_1hz     ; 1.000        ; -0.065     ; 2.011      ;
; -1.074 ; cnt_time[1]      ; cnt_time[5]      ; clk_1hz      ; clk_1hz     ; 1.000        ; -0.063     ; 2.011      ;
; -1.072 ; cnt_time[5]      ; cnt_time[7]      ; clk_1hz      ; clk_1hz     ; 1.000        ; -0.064     ; 2.008      ;
; -1.071 ; cnt_time[5]      ; cnt_time[6]      ; clk_1hz      ; clk_1hz     ; 1.000        ; -0.064     ; 2.007      ;
; -1.069 ; cnt_time[2]      ; cnt_time[0]      ; clk_1hz      ; clk_1hz     ; 1.000        ; -0.064     ; 2.005      ;
; -1.067 ; cnt_time[5]      ; cnt_time[5]      ; clk_1hz      ; clk_1hz     ; 1.000        ; -0.064     ; 2.003      ;
; -1.062 ; cnt_time[7]      ; cnt_time[7]      ; clk_1hz      ; clk_1hz     ; 1.000        ; -0.064     ; 1.998      ;
; -1.061 ; cnt_time[7]      ; cnt_time[6]      ; clk_1hz      ; clk_1hz     ; 1.000        ; -0.064     ; 1.997      ;
; -1.057 ; cnt_time[7]      ; cnt_time[5]      ; clk_1hz      ; clk_1hz     ; 1.000        ; -0.064     ; 1.993      ;
; -1.036 ; cnt_time[2]      ; cnt_time[5]      ; clk_1hz      ; clk_1hz     ; 1.000        ; -0.064     ; 1.972      ;
; -1.035 ; cnt_time[6]      ; cnt_time[3]      ; clk_1hz      ; clk_1hz     ; 1.000        ; -0.064     ; 1.971      ;
; -1.034 ; cnt_time[6]      ; cnt_time[2]      ; clk_1hz      ; clk_1hz     ; 1.000        ; -0.064     ; 1.970      ;
; -1.014 ; cnt_time[2]      ; cnt_time[4]      ; clk_1hz      ; clk_1hz     ; 1.000        ; -0.064     ; 1.950      ;
; -1.007 ; cnt_time[7]      ; cnt_time[1]      ; clk_1hz      ; clk_1hz     ; 1.000        ; -0.065     ; 1.942      ;
; -0.994 ; cnt_time[2]      ; cnt_time[6]      ; clk_1hz      ; clk_1hz     ; 1.000        ; -0.064     ; 1.930      ;
; -0.989 ; cnt_time[3]      ; cnt_time[7]      ; clk_1hz      ; clk_1hz     ; 1.000        ; -0.064     ; 1.925      ;
; -0.979 ; cnt_time[3]      ; cnt_time[4]      ; clk_1hz      ; clk_1hz     ; 1.000        ; -0.064     ; 1.915      ;
+--------+------------------+------------------+--------------+-------------+--------------+------------+------------+


+-----------------------------------------------------------------------------------------------------------+
; Slow 1200mV -40C Model Hold: 'clk'                                                                        ;
+-------+--------------+--------------+--------------+-------------+--------------+------------+------------+
; Slack ; From Node    ; To Node      ; Launch Clock ; Latch Clock ; Relationship ; Clock Skew ; Data Delay ;
+-------+--------------+--------------+--------------+-------------+--------------+------------+------------+
; 0.342 ; scan_cnt[0]  ; scan_cnt[0]  ; clk          ; clk         ; 0.000        ; 0.078      ; 0.588      ;
; 0.396 ; clk_cnt[25]  ; clk_cnt[25]  ; clk          ; clk         ; 0.000        ; 0.063      ; 0.627      ;
; 0.470 ; clk_cnt[18]  ; clk_cnt[19]  ; clk          ; clk         ; 0.000        ; 0.449      ; 1.087      ;
; 0.563 ; clk_cnt[19]  ; clk_cnt[19]  ; clk          ; clk         ; 0.000        ; 0.079      ; 0.810      ;
; 0.573 ; scan_cnt[6]  ; scan_cnt[6]  ; clk          ; clk         ; 0.000        ; 0.063      ; 0.804      ;
; 0.575 ; scan_cnt[3]  ; scan_cnt[3]  ; clk          ; clk         ; 0.000        ; 0.063      ; 0.806      ;
; 0.575 ; scan_cnt[2]  ; scan_cnt[2]  ; clk          ; clk         ; 0.000        ; 0.063      ; 0.806      ;
; 0.576 ; scan_cnt[13] ; scan_cnt[13] ; clk          ; clk         ; 0.000        ; 0.063      ; 0.807      ;
; 0.576 ; scan_cnt[11] ; scan_cnt[11] ; clk          ; clk         ; 0.000        ; 0.063      ; 0.807      ;
; 0.576 ; scan_cnt[5]  ; scan_cnt[5]  ; clk          ; clk         ; 0.000        ; 0.063      ; 0.807      ;
; 0.576 ; scan_cnt[4]  ; scan_cnt[4]  ; clk          ; clk         ; 0.000        ; 0.063      ; 0.807      ;
; 0.577 ; clk_cnt[3]   ; clk_cnt[3]   ; clk          ; clk         ; 0.000        ; 0.064      ; 0.809      ;
; 0.577 ; scan_cnt[12] ; scan_cnt[12] ; clk          ; clk         ; 0.000        ; 0.063      ; 0.808      ;
; 0.577 ; scan_cnt[10] ; scan_cnt[10] ; clk          ; clk         ; 0.000        ; 0.063      ; 0.808      ;
; 0.577 ; scan_cnt[8]  ; scan_cnt[8]  ; clk          ; clk         ; 0.000        ; 0.063      ; 0.808      ;
; 0.577 ; clk_cnt[17]  ; clk_cnt[19]  ; clk          ; clk         ; 0.000        ; 0.449      ; 1.194      ;
; 0.579 ; scan_cnt[9]  ; scan_cnt[9]  ; clk          ; clk         ; 0.000        ; 0.063      ; 0.810      ;
; 0.579 ; scan_cnt[7]  ; scan_cnt[7]  ; clk          ; clk         ; 0.000        ; 0.063      ; 0.810      ;
; 0.581 ; clk_cnt[8]   ; clk_cnt[8]   ; clk          ; clk         ; 0.000        ; 0.064      ; 0.813      ;
; 0.581 ; clk_cnt[7]   ; clk_cnt[7]   ; clk          ; clk         ; 0.000        ; 0.064      ; 0.813      ;
; 0.582 ; clk_cnt[1]   ; clk_cnt[1]   ; clk          ; clk         ; 0.000        ; 0.064      ; 0.814      ;
; 0.583 ; clk_cnt[18]  ; clk_cnt[18]  ; clk          ; clk         ; 0.000        ; 0.063      ; 0.814      ;
; 0.583 ; clk_cnt[5]   ; clk_cnt[5]   ; clk          ; clk         ; 0.000        ; 0.064      ; 0.815      ;
; 0.584 ; clk_cnt[6]   ; clk_cnt[6]   ; clk          ; clk         ; 0.000        ; 0.064      ; 0.816      ;
; 0.585 ; clk_cnt[21]  ; clk_cnt[21]  ; clk          ; clk         ; 0.000        ; 0.063      ; 0.816      ;
; 0.585 ; clk_cnt[4]   ; clk_cnt[4]   ; clk          ; clk         ; 0.000        ; 0.064      ; 0.817      ;
; 0.585 ; clk_cnt[16]  ; clk_cnt[19]  ; clk          ; clk         ; 0.000        ; 0.449      ; 1.202      ;
; 0.586 ; clk_cnt[20]  ; clk_cnt[20]  ; clk          ; clk         ; 0.000        ; 0.063      ; 0.817      ;
; 0.592 ; clk_cnt[12]  ; clk_cnt[12]  ; clk          ; clk         ; 0.000        ; 0.064      ; 0.824      ;
; 0.592 ; clk_cnt[10]  ; clk_cnt[10]  ; clk          ; clk         ; 0.000        ; 0.064      ; 0.824      ;
; 0.592 ; clk_cnt[2]   ; clk_cnt[2]   ; clk          ; clk         ; 0.000        ; 0.064      ; 0.824      ;
; 0.592 ; scan_cnt[1]  ; scan_cnt[1]  ; clk          ; clk         ; 0.000        ; 0.063      ; 0.823      ;
; 0.593 ; clk_cnt[13]  ; clk_cnt[13]  ; clk          ; clk         ; 0.000        ; 0.063      ; 0.824      ;
; 0.593 ; clk_cnt[11]  ; clk_cnt[11]  ; clk          ; clk         ; 0.000        ; 0.064      ; 0.825      ;
; 0.593 ; clk_cnt[9]   ; clk_cnt[9]   ; clk          ; clk         ; 0.000        ; 0.064      ; 0.825      ;
; 0.594 ; clk_cnt[16]  ; clk_cnt[16]  ; clk          ; clk         ; 0.000        ; 0.063      ; 0.825      ;
; 0.594 ; clk_cnt[15]  ; clk_cnt[15]  ; clk          ; clk         ; 0.000        ; 0.063      ; 0.825      ;
; 0.595 ; clk_cnt[24]  ; clk_cnt[24]  ; clk          ; clk         ; 0.000        ; 0.063      ; 0.826      ;
; 0.595 ; clk_cnt[17]  ; clk_cnt[17]  ; clk          ; clk         ; 0.000        ; 0.063      ; 0.826      ;
; 0.595 ; clk_cnt[0]   ; clk_cnt[0]   ; clk          ; clk         ; 0.000        ; 0.064      ; 0.827      ;
; 0.595 ; scan_cnt[15] ; scan_cnt[15] ; clk          ; clk         ; 0.000        ; 0.063      ; 0.826      ;
; 0.596 ; clk_cnt[23]  ; clk_cnt[23]  ; clk          ; clk         ; 0.000        ; 0.063      ; 0.827      ;
; 0.596 ; clk_cnt[14]  ; clk_cnt[14]  ; clk          ; clk         ; 0.000        ; 0.063      ; 0.827      ;
; 0.598 ; clk_cnt[22]  ; clk_cnt[22]  ; clk          ; clk         ; 0.000        ; 0.063      ; 0.829      ;
; 0.613 ; scan_cnt[14] ; scan_cnt[14] ; clk          ; clk         ; 0.000        ; 0.063      ; 0.844      ;
; 0.680 ; clk_cnt[15]  ; clk_cnt[19]  ; clk          ; clk         ; 0.000        ; 0.449      ; 1.297      ;
; 0.694 ; clk_cnt[14]  ; clk_cnt[19]  ; clk          ; clk         ; 0.000        ; 0.449      ; 1.311      ;
; 0.783 ; clk_cnt[13]  ; clk_cnt[19]  ; clk          ; clk         ; 0.000        ; 0.449      ; 1.400      ;
; 0.794 ; clk_cnt[12]  ; clk_cnt[19]  ; clk          ; clk         ; 0.000        ; 0.447      ; 1.409      ;
; 0.848 ; scan_cnt[3]  ; scan_cnt[4]  ; clk          ; clk         ; 0.000        ; 0.063      ; 1.079      ;
; 0.849 ; scan_cnt[5]  ; scan_cnt[6]  ; clk          ; clk         ; 0.000        ; 0.063      ; 1.080      ;
; 0.849 ; scan_cnt[11] ; scan_cnt[12] ; clk          ; clk         ; 0.000        ; 0.063      ; 1.080      ;
; 0.849 ; scan_cnt[13] ; scan_cnt[14] ; clk          ; clk         ; 0.000        ; 0.063      ; 1.080      ;
; 0.850 ; scan_cnt[6]  ; scan_cnt[7]  ; clk          ; clk         ; 0.000        ; 0.063      ; 1.081      ;
; 0.853 ; scan_cnt[2]  ; scan_cnt[3]  ; clk          ; clk         ; 0.000        ; 0.063      ; 1.084      ;
; 0.853 ; scan_cnt[1]  ; scan_cnt[2]  ; clk          ; clk         ; 0.000        ; 0.063      ; 1.084      ;
; 0.854 ; scan_cnt[4]  ; scan_cnt[5]  ; clk          ; clk         ; 0.000        ; 0.063      ; 1.085      ;
; 0.854 ; clk_cnt[3]   ; clk_cnt[4]   ; clk          ; clk         ; 0.000        ; 0.064      ; 1.086      ;
; 0.854 ; clk_cnt[8]   ; clk_cnt[9]   ; clk          ; clk         ; 0.000        ; 0.064      ; 1.086      ;
; 0.855 ; scan_cnt[12] ; scan_cnt[13] ; clk          ; clk         ; 0.000        ; 0.063      ; 1.086      ;
; 0.855 ; scan_cnt[10] ; scan_cnt[11] ; clk          ; clk         ; 0.000        ; 0.063      ; 1.086      ;
; 0.855 ; scan_cnt[8]  ; scan_cnt[9]  ; clk          ; clk         ; 0.000        ; 0.063      ; 1.086      ;
; 0.855 ; scan_cnt[9]  ; scan_cnt[10] ; clk          ; clk         ; 0.000        ; 0.063      ; 1.086      ;
; 0.855 ; scan_cnt[7]  ; scan_cnt[8]  ; clk          ; clk         ; 0.000        ; 0.063      ; 1.086      ;
; 0.855 ; clk_cnt[0]   ; clk_cnt[1]   ; clk          ; clk         ; 0.000        ; 0.064      ; 1.087      ;
; 0.859 ; clk_cnt[7]   ; clk_cnt[8]   ; clk          ; clk         ; 0.000        ; 0.064      ; 1.091      ;
; 0.860 ; clk_cnt[1]   ; clk_cnt[2]   ; clk          ; clk         ; 0.000        ; 0.064      ; 1.092      ;
; 0.860 ; clk_cnt[6]   ; clk_cnt[7]   ; clk          ; clk         ; 0.000        ; 0.064      ; 1.092      ;
; 0.861 ; clk_cnt[5]   ; clk_cnt[6]   ; clk          ; clk         ; 0.000        ; 0.064      ; 1.093      ;
; 0.861 ; clk_cnt[4]   ; clk_cnt[5]   ; clk          ; clk         ; 0.000        ; 0.064      ; 1.093      ;
; 0.862 ; clk_cnt[20]  ; clk_cnt[21]  ; clk          ; clk         ; 0.000        ; 0.063      ; 1.093      ;
; 0.862 ; scan_cnt[3]  ; scan_cnt[5]  ; clk          ; clk         ; 0.000        ; 0.063      ; 1.093      ;
; 0.863 ; scan_cnt[13] ; scan_cnt[15] ; clk          ; clk         ; 0.000        ; 0.063      ; 1.094      ;
; 0.863 ; clk_cnt[21]  ; clk_cnt[22]  ; clk          ; clk         ; 0.000        ; 0.063      ; 1.094      ;
; 0.863 ; scan_cnt[5]  ; scan_cnt[7]  ; clk          ; clk         ; 0.000        ; 0.063      ; 1.094      ;
; 0.863 ; scan_cnt[11] ; scan_cnt[13] ; clk          ; clk         ; 0.000        ; 0.063      ; 1.094      ;
; 0.865 ; clk_cnt[2]   ; clk_cnt[3]   ; clk          ; clk         ; 0.000        ; 0.064      ; 1.097      ;
; 0.865 ; clk_cnt[10]  ; clk_cnt[11]  ; clk          ; clk         ; 0.000        ; 0.064      ; 1.097      ;
; 0.867 ; clk_cnt[16]  ; clk_cnt[17]  ; clk          ; clk         ; 0.000        ; 0.063      ; 1.098      ;
; 0.867 ; scan_cnt[1]  ; scan_cnt[3]  ; clk          ; clk         ; 0.000        ; 0.063      ; 1.098      ;
; 0.868 ; clk_cnt[24]  ; clk_cnt[25]  ; clk          ; clk         ; 0.000        ; 0.063      ; 1.099      ;
; 0.868 ; clk_cnt[8]   ; clk_cnt[10]  ; clk          ; clk         ; 0.000        ; 0.064      ; 1.100      ;
; 0.868 ; clk_cnt[12]  ; clk_cnt[13]  ; clk          ; clk         ; 0.000        ; 0.061      ; 1.097      ;
; 0.869 ; scan_cnt[9]  ; scan_cnt[11] ; clk          ; clk         ; 0.000        ; 0.063      ; 1.100      ;
; 0.869 ; scan_cnt[7]  ; scan_cnt[9]  ; clk          ; clk         ; 0.000        ; 0.063      ; 1.100      ;
; 0.869 ; clk_cnt[0]   ; clk_cnt[2]   ; clk          ; clk         ; 0.000        ; 0.064      ; 1.101      ;
; 0.870 ; clk_cnt[18]  ; clk_cnt[20]  ; clk          ; clk         ; 0.000        ; 0.063      ; 1.101      ;
; 0.871 ; clk_cnt[11]  ; clk_cnt[12]  ; clk          ; clk         ; 0.000        ; 0.064      ; 1.103      ;
; 0.871 ; clk_cnt[13]  ; clk_cnt[14]  ; clk          ; clk         ; 0.000        ; 0.063      ; 1.102      ;
; 0.871 ; clk_cnt[9]   ; clk_cnt[10]  ; clk          ; clk         ; 0.000        ; 0.064      ; 1.103      ;
; 0.872 ; clk_cnt[15]  ; clk_cnt[16]  ; clk          ; clk         ; 0.000        ; 0.063      ; 1.103      ;
; 0.872 ; clk_cnt[14]  ; clk_cnt[15]  ; clk          ; clk         ; 0.000        ; 0.063      ; 1.103      ;
; 0.873 ; clk_cnt[17]  ; clk_cnt[18]  ; clk          ; clk         ; 0.000        ; 0.063      ; 1.104      ;
; 0.874 ; clk_cnt[23]  ; clk_cnt[24]  ; clk          ; clk         ; 0.000        ; 0.063      ; 1.105      ;
; 0.874 ; clk_cnt[22]  ; clk_cnt[23]  ; clk          ; clk         ; 0.000        ; 0.063      ; 1.105      ;
; 0.874 ; clk_cnt[6]   ; clk_cnt[8]   ; clk          ; clk         ; 0.000        ; 0.064      ; 1.106      ;
; 0.875 ; clk_cnt[4]   ; clk_cnt[6]   ; clk          ; clk         ; 0.000        ; 0.064      ; 1.107      ;
; 0.876 ; clk_cnt[20]  ; clk_cnt[22]  ; clk          ; clk         ; 0.000        ; 0.063      ; 1.107      ;
; 0.879 ; clk_cnt[2]   ; clk_cnt[4]   ; clk          ; clk         ; 0.000        ; 0.064      ; 1.111      ;
; 0.879 ; clk_cnt[10]  ; clk_cnt[12]  ; clk          ; clk         ; 0.000        ; 0.064      ; 1.111      ;
+-------+--------------+--------------+--------------+-------------+--------------+------------+------------+


+-------------------------------------------------------------------------------------------------------------------+
; Slow 1200mV -40C Model Hold: 'clk_1hz'                                                                            ;
+-------+------------------+------------------+--------------+-------------+--------------+------------+------------+
; Slack ; From Node        ; To Node          ; Launch Clock ; Latch Clock ; Relationship ; Clock Skew ; Data Delay ;
+-------+------------------+------------------+--------------+-------------+--------------+------------+------------+
; 0.394 ; state.S_A_STR_G  ; state.S_A_STR_Y  ; clk_1hz      ; clk_1hz     ; 0.000        ; 0.064      ; 0.626      ;
; 0.396 ; state.S_B_LEFT_Y ; state.S_A_STR_G  ; clk_1hz      ; clk_1hz     ; 0.000        ; 0.064      ; 0.628      ;
; 0.562 ; state.S_B_LEFT_G ; state.S_B_LEFT_Y ; clk_1hz      ; clk_1hz     ; 0.000        ; 0.064      ; 0.794      ;
; 0.562 ; state.S_B_STR_Y  ; state.S_B_LEFT_G ; clk_1hz      ; clk_1hz     ; 0.000        ; 0.064      ; 0.794      ;
; 0.574 ; state.S_A_LEFT_Y ; state.S_B_STR_G  ; clk_1hz      ; clk_1hz     ; 0.000        ; 0.064      ; 0.806      ;
; 0.624 ; cnt_time[3]      ; cnt_time[4]      ; clk_1hz      ; clk_1hz     ; 0.000        ; 0.064      ; 0.856      ;
; 0.654 ; state.S_A_STR_Y  ; cnt_time[0]      ; clk_1hz      ; clk_1hz     ; 0.000        ; 0.065      ; 0.887      ;
; 0.662 ; cnt_time[3]      ; cnt_time[5]      ; clk_1hz      ; clk_1hz     ; 0.000        ; 0.064      ; 0.894      ;
; 0.666 ; cnt_time[3]      ; cnt_time[6]      ; clk_1hz      ; clk_1hz     ; 0.000        ; 0.064      ; 0.898      ;
; 0.667 ; cnt_time[3]      ; cnt_time[7]      ; clk_1hz      ; clk_1hz     ; 0.000        ; 0.064      ; 0.899      ;
; 0.690 ; cnt_time[7]      ; cnt_time[7]      ; clk_1hz      ; clk_1hz     ; 0.000        ; 0.064      ; 0.922      ;
; 0.744 ; state.S_A_STR_Y  ; state.S_A_LEFT_G ; clk_1hz      ; clk_1hz     ; 0.000        ; 0.064      ; 0.976      ;
; 0.754 ; state.S_A_LEFT_Y ; cnt_time[2]      ; clk_1hz      ; clk_1hz     ; 0.000        ; 0.065      ; 0.987      ;
; 0.763 ; state.S_B_STR_Y  ; cnt_time[1]      ; clk_1hz      ; clk_1hz     ; 0.000        ; 0.064      ; 0.995      ;
; 0.775 ; state.S_A_STR_Y  ; cnt_time[1]      ; clk_1hz      ; clk_1hz     ; 0.000        ; 0.064      ; 1.007      ;
; 0.788 ; state.S_B_LEFT_Y ; cnt_time[2]      ; clk_1hz      ; clk_1hz     ; 0.000        ; 0.065      ; 1.021      ;
; 0.892 ; cnt_time[5]      ; cnt_time[5]      ; clk_1hz      ; clk_1hz     ; 0.000        ; 0.064      ; 1.124      ;
; 0.899 ; state.S_A_LEFT_G ; state.S_A_LEFT_Y ; clk_1hz      ; clk_1hz     ; 0.000        ; 0.064      ; 1.131      ;
; 0.912 ; cnt_time[2]      ; cnt_time[2]      ; clk_1hz      ; clk_1hz     ; 0.000        ; 0.064      ; 1.144      ;
; 0.913 ; cnt_time[6]      ; cnt_time[6]      ; clk_1hz      ; clk_1hz     ; 0.000        ; 0.064      ; 1.145      ;
; 0.926 ; cnt_time[3]      ; cnt_time[3]      ; clk_1hz      ; clk_1hz     ; 0.000        ; 0.064      ; 1.158      ;
; 0.937 ; state.S_B_STR_G  ; state.S_B_STR_Y  ; clk_1hz      ; clk_1hz     ; 0.000        ; 0.064      ; 1.169      ;
; 0.950 ; state.S_B_STR_Y  ; cnt_time[0]      ; clk_1hz      ; clk_1hz     ; 0.000        ; 0.065      ; 1.183      ;
; 1.024 ; cnt_time[4]      ; cnt_time[4]      ; clk_1hz      ; clk_1hz     ; 0.000        ; 0.064      ; 1.256      ;
; 1.101 ; state.S_B_LEFT_G ; cnt_time[3]      ; clk_1hz      ; clk_1hz     ; 0.000        ; 0.065      ; 1.334      ;
; 1.162 ; cnt_time[0]      ; cnt_time[0]      ; clk_1hz      ; clk_1hz     ; 0.000        ; 0.064      ; 1.394      ;
; 1.167 ; cnt_time[5]      ; cnt_time[6]      ; clk_1hz      ; clk_1hz     ; 0.000        ; 0.064      ; 1.399      ;
; 1.173 ; cnt_time[6]      ; cnt_time[1]      ; clk_1hz      ; clk_1hz     ; 0.000        ; 0.063      ; 1.404      ;
; 1.183 ; cnt_time[4]      ; cnt_time[5]      ; clk_1hz      ; clk_1hz     ; 0.000        ; 0.064      ; 1.415      ;
; 1.184 ; cnt_time[6]      ; cnt_time[7]      ; clk_1hz      ; clk_1hz     ; 0.000        ; 0.064      ; 1.416      ;
; 1.186 ; cnt_time[2]      ; cnt_time[3]      ; clk_1hz      ; clk_1hz     ; 0.000        ; 0.064      ; 1.418      ;
; 1.205 ; cnt_time[4]      ; cnt_time[6]      ; clk_1hz      ; clk_1hz     ; 0.000        ; 0.064      ; 1.437      ;
; 1.208 ; cnt_time[4]      ; cnt_time[1]      ; clk_1hz      ; clk_1hz     ; 0.000        ; 0.063      ; 1.439      ;
; 1.221 ; state.S_B_STR_G  ; cnt_time[3]      ; clk_1hz      ; clk_1hz     ; 0.000        ; 0.065      ; 1.454      ;
; 1.250 ; cnt_time[5]      ; cnt_time[7]      ; clk_1hz      ; clk_1hz     ; 0.000        ; 0.064      ; 1.482      ;
; 1.271 ; cnt_time[2]      ; cnt_time[4]      ; clk_1hz      ; clk_1hz     ; 0.000        ; 0.064      ; 1.503      ;
; 1.282 ; cnt_time[0]      ; cnt_time[2]      ; clk_1hz      ; clk_1hz     ; 0.000        ; 0.064      ; 1.514      ;
; 1.284 ; cnt_time[2]      ; cnt_time[7]      ; clk_1hz      ; clk_1hz     ; 0.000        ; 0.064      ; 1.516      ;
; 1.285 ; cnt_time[2]      ; cnt_time[6]      ; clk_1hz      ; clk_1hz     ; 0.000        ; 0.064      ; 1.517      ;
; 1.288 ; cnt_time[4]      ; cnt_time[7]      ; clk_1hz      ; clk_1hz     ; 0.000        ; 0.064      ; 1.520      ;
; 1.289 ; cnt_time[2]      ; cnt_time[5]      ; clk_1hz      ; clk_1hz     ; 0.000        ; 0.064      ; 1.521      ;
; 1.290 ; cnt_time[1]      ; cnt_time[4]      ; clk_1hz      ; clk_1hz     ; 0.000        ; 0.065      ; 1.523      ;
; 1.293 ; cnt_time[0]      ; cnt_time[3]      ; clk_1hz      ; clk_1hz     ; 0.000        ; 0.064      ; 1.525      ;
; 1.296 ; state.S_A_STR_G  ; cnt_time[3]      ; clk_1hz      ; clk_1hz     ; 0.000        ; 0.065      ; 1.529      ;
; 1.296 ; cnt_time[1]      ; cnt_time[1]      ; clk_1hz      ; clk_1hz     ; 0.000        ; 0.064      ; 1.528      ;
; 1.300 ; cnt_time[6]      ; cnt_time[0]      ; clk_1hz      ; clk_1hz     ; 0.000        ; 0.064      ; 1.532      ;
; 1.308 ; cnt_time[1]      ; cnt_time[2]      ; clk_1hz      ; clk_1hz     ; 0.000        ; 0.065      ; 1.541      ;
; 1.310 ; cnt_time[7]      ; cnt_time[4]      ; clk_1hz      ; clk_1hz     ; 0.000        ; 0.064      ; 1.542      ;
; 1.323 ; cnt_time[1]      ; cnt_time[6]      ; clk_1hz      ; clk_1hz     ; 0.000        ; 0.065      ; 1.556      ;
; 1.323 ; cnt_time[1]      ; cnt_time[7]      ; clk_1hz      ; clk_1hz     ; 0.000        ; 0.065      ; 1.556      ;
; 1.326 ; cnt_time[1]      ; cnt_time[5]      ; clk_1hz      ; clk_1hz     ; 0.000        ; 0.065      ; 1.559      ;
; 1.330 ; cnt_time[4]      ; cnt_time[0]      ; clk_1hz      ; clk_1hz     ; 0.000        ; 0.064      ; 1.562      ;
; 1.341 ; cnt_time[5]      ; cnt_time[1]      ; clk_1hz      ; clk_1hz     ; 0.000        ; 0.063      ; 1.572      ;
; 1.345 ; cnt_time[5]      ; cnt_time[4]      ; clk_1hz      ; clk_1hz     ; 0.000        ; 0.064      ; 1.577      ;
; 1.358 ; cnt_time[1]      ; cnt_time[3]      ; clk_1hz      ; clk_1hz     ; 0.000        ; 0.065      ; 1.591      ;
; 1.359 ; cnt_time[0]      ; cnt_time[1]      ; clk_1hz      ; clk_1hz     ; 0.000        ; 0.063      ; 1.590      ;
; 1.370 ; cnt_time[3]      ; cnt_time[1]      ; clk_1hz      ; clk_1hz     ; 0.000        ; 0.063      ; 1.601      ;
; 1.377 ; cnt_time[6]      ; cnt_time[4]      ; clk_1hz      ; clk_1hz     ; 0.000        ; 0.064      ; 1.609      ;
; 1.396 ; cnt_time[0]      ; cnt_time[5]      ; clk_1hz      ; clk_1hz     ; 0.000        ; 0.064      ; 1.628      ;
; 1.463 ; cnt_time[5]      ; cnt_time[0]      ; clk_1hz      ; clk_1hz     ; 0.000        ; 0.064      ; 1.695      ;
; 1.463 ; cnt_time[1]      ; cnt_time[0]      ; clk_1hz      ; clk_1hz     ; 0.000        ; 0.065      ; 1.696      ;
; 1.473 ; cnt_time[2]      ; cnt_time[1]      ; clk_1hz      ; clk_1hz     ; 0.000        ; 0.063      ; 1.704      ;
; 1.479 ; cnt_time[0]      ; cnt_time[6]      ; clk_1hz      ; clk_1hz     ; 0.000        ; 0.064      ; 1.711      ;
; 1.483 ; cnt_time[0]      ; cnt_time[4]      ; clk_1hz      ; clk_1hz     ; 0.000        ; 0.064      ; 1.715      ;
; 1.492 ; cnt_time[3]      ; cnt_time[0]      ; clk_1hz      ; clk_1hz     ; 0.000        ; 0.064      ; 1.724      ;
; 1.496 ; cnt_time[0]      ; cnt_time[7]      ; clk_1hz      ; clk_1hz     ; 0.000        ; 0.064      ; 1.728      ;
; 1.571 ; cnt_time[6]      ; cnt_time[2]      ; clk_1hz      ; clk_1hz     ; 0.000        ; 0.064      ; 1.803      ;
; 1.572 ; cnt_time[6]      ; cnt_time[3]      ; clk_1hz      ; clk_1hz     ; 0.000        ; 0.064      ; 1.804      ;
; 1.572 ; cnt_time[7]      ; cnt_time[1]      ; clk_1hz      ; clk_1hz     ; 0.000        ; 0.063      ; 1.803      ;
; 1.595 ; cnt_time[2]      ; cnt_time[0]      ; clk_1hz      ; clk_1hz     ; 0.000        ; 0.064      ; 1.827      ;
; 1.597 ; cnt_time[7]      ; cnt_time[5]      ; clk_1hz      ; clk_1hz     ; 0.000        ; 0.064      ; 1.829      ;
; 1.601 ; cnt_time[4]      ; cnt_time[2]      ; clk_1hz      ; clk_1hz     ; 0.000        ; 0.064      ; 1.833      ;
; 1.602 ; cnt_time[7]      ; cnt_time[6]      ; clk_1hz      ; clk_1hz     ; 0.000        ; 0.064      ; 1.834      ;
; 1.602 ; cnt_time[4]      ; cnt_time[3]      ; clk_1hz      ; clk_1hz     ; 0.000        ; 0.064      ; 1.834      ;
; 1.664 ; cnt_time[6]      ; cnt_time[5]      ; clk_1hz      ; clk_1hz     ; 0.000        ; 0.064      ; 1.896      ;
; 1.694 ; cnt_time[7]      ; cnt_time[0]      ; clk_1hz      ; clk_1hz     ; 0.000        ; 0.064      ; 1.926      ;
; 1.713 ; cnt_time[6]      ; state.S_A_STR_G  ; clk_1hz      ; clk_1hz     ; 0.000        ; 0.063      ; 1.944      ;
; 1.713 ; cnt_time[6]      ; state.S_B_LEFT_Y ; clk_1hz      ; clk_1hz     ; 0.000        ; 0.063      ; 1.944      ;
; 1.713 ; cnt_time[6]      ; state.S_B_LEFT_G ; clk_1hz      ; clk_1hz     ; 0.000        ; 0.063      ; 1.944      ;
; 1.713 ; cnt_time[6]      ; state.S_B_STR_Y  ; clk_1hz      ; clk_1hz     ; 0.000        ; 0.063      ; 1.944      ;
; 1.713 ; cnt_time[6]      ; state.S_B_STR_G  ; clk_1hz      ; clk_1hz     ; 0.000        ; 0.063      ; 1.944      ;
; 1.713 ; cnt_time[6]      ; state.S_A_LEFT_Y ; clk_1hz      ; clk_1hz     ; 0.000        ; 0.063      ; 1.944      ;
; 1.713 ; cnt_time[6]      ; state.S_A_LEFT_G ; clk_1hz      ; clk_1hz     ; 0.000        ; 0.063      ; 1.944      ;
; 1.713 ; cnt_time[6]      ; state.S_A_STR_Y  ; clk_1hz      ; clk_1hz     ; 0.000        ; 0.063      ; 1.944      ;
; 1.716 ; state.S_A_LEFT_G ; cnt_time[3]      ; clk_1hz      ; clk_1hz     ; 0.000        ; 0.065      ; 1.949      ;
; 1.734 ; cnt_time[5]      ; cnt_time[2]      ; clk_1hz      ; clk_1hz     ; 0.000        ; 0.064      ; 1.966      ;
; 1.735 ; cnt_time[5]      ; cnt_time[3]      ; clk_1hz      ; clk_1hz     ; 0.000        ; 0.064      ; 1.967      ;
; 1.743 ; cnt_time[4]      ; state.S_A_STR_G  ; clk_1hz      ; clk_1hz     ; 0.000        ; 0.063      ; 1.974      ;
; 1.743 ; cnt_time[4]      ; state.S_B_LEFT_Y ; clk_1hz      ; clk_1hz     ; 0.000        ; 0.063      ; 1.974      ;
; 1.743 ; cnt_time[4]      ; state.S_B_LEFT_G ; clk_1hz      ; clk_1hz     ; 0.000        ; 0.063      ; 1.974      ;
; 1.743 ; cnt_time[4]      ; state.S_B_STR_Y  ; clk_1hz      ; clk_1hz     ; 0.000        ; 0.063      ; 1.974      ;
; 1.743 ; cnt_time[4]      ; state.S_B_STR_G  ; clk_1hz      ; clk_1hz     ; 0.000        ; 0.063      ; 1.974      ;
; 1.743 ; cnt_time[4]      ; state.S_A_LEFT_Y ; clk_1hz      ; clk_1hz     ; 0.000        ; 0.063      ; 1.974      ;
; 1.743 ; cnt_time[4]      ; state.S_A_LEFT_G ; clk_1hz      ; clk_1hz     ; 0.000        ; 0.063      ; 1.974      ;
; 1.743 ; cnt_time[4]      ; state.S_A_STR_Y  ; clk_1hz      ; clk_1hz     ; 0.000        ; 0.063      ; 1.974      ;
; 1.763 ; cnt_time[3]      ; cnt_time[2]      ; clk_1hz      ; clk_1hz     ; 0.000        ; 0.064      ; 1.995      ;
; 1.846 ; cnt_time[1]      ; state.S_A_STR_G  ; clk_1hz      ; clk_1hz     ; 0.000        ; 0.064      ; 2.078      ;
; 1.846 ; cnt_time[1]      ; state.S_B_LEFT_Y ; clk_1hz      ; clk_1hz     ; 0.000        ; 0.064      ; 2.078      ;
; 1.846 ; cnt_time[1]      ; state.S_B_LEFT_G ; clk_1hz      ; clk_1hz     ; 0.000        ; 0.064      ; 2.078      ;
; 1.846 ; cnt_time[1]      ; state.S_B_STR_Y  ; clk_1hz      ; clk_1hz     ; 0.000        ; 0.064      ; 2.078      ;
+-------+------------------+------------------+--------------+-------------+--------------+------------+------------+


------------------------------------------------
; Slow 1200mV -40C Model Metastability Summary ;
------------------------------------------------
No synchronizer chains to report.


+--------------------------------------+
; Fast 1200mV -40C Model Setup Summary ;
+---------+--------+-------------------+
; Clock   ; Slack  ; End Point TNS     ;
+---------+--------+-------------------+
; clk     ; -1.285 ; -26.840           ;
; clk_1hz ; -0.265 ; -3.556            ;
+---------+--------+-------------------+


+-------------------------------------+
; Fast 1200mV -40C Model Hold Summary ;
+---------+-------+-------------------+
; Clock   ; Slack ; End Point TNS     ;
+---------+-------+-------------------+
; clk     ; 0.175 ; 0.000             ;
; clk_1hz ; 0.197 ; 0.000             ;
+---------+-------+-------------------+


-------------------------------------------
; Fast 1200mV -40C Model Recovery Summary ;
-------------------------------------------
No paths to report.


------------------------------------------
; Fast 1200mV -40C Model Removal Summary ;
------------------------------------------
No paths to report.


+----------------------------------------------------+
; Fast 1200mV -40C Model Minimum Pulse Width Summary ;
+---------+--------+---------------------------------+
; Clock   ; Slack  ; End Point TNS                   ;
+---------+--------+---------------------------------+
; clk     ; -3.000 ; -49.315                         ;
; clk_1hz ; -1.000 ; -16.000                         ;
+---------+--------+---------------------------------+


+----------------------------------------------------------------------------------------------------------+
; Fast 1200mV -40C Model Setup: 'clk'                                                                      ;
+--------+-------------+-------------+--------------+-------------+--------------+------------+------------+
; Slack  ; From Node   ; To Node     ; Launch Clock ; Latch Clock ; Relationship ; Clock Skew ; Data Delay ;
+--------+-------------+-------------+--------------+-------------+--------------+------------+------------+
; -1.285 ; clk_cnt[2]  ; clk_1hz     ; clk          ; clk         ; 1.000        ; -0.035     ; 2.238      ;
; -1.275 ; clk_cnt[0]  ; clk_1hz     ; clk          ; clk         ; 1.000        ; -0.035     ; 2.228      ;
; -1.275 ; clk_cnt[1]  ; clk_1hz     ; clk          ; clk         ; 1.000        ; -0.035     ; 2.228      ;
; -1.272 ; clk_cnt[11] ; clk_1hz     ; clk          ; clk         ; 1.000        ; -0.035     ; 2.225      ;
; -1.231 ; clk_cnt[8]  ; clk_1hz     ; clk          ; clk         ; 1.000        ; -0.035     ; 2.184      ;
; -1.231 ; clk_cnt[6]  ; clk_1hz     ; clk          ; clk         ; 1.000        ; -0.035     ; 2.184      ;
; -1.225 ; clk_cnt[9]  ; clk_1hz     ; clk          ; clk         ; 1.000        ; -0.035     ; 2.178      ;
; -1.217 ; clk_cnt[13] ; clk_1hz     ; clk          ; clk         ; 1.000        ; -0.033     ; 2.172      ;
; -1.200 ; clk_cnt[14] ; clk_1hz     ; clk          ; clk         ; 1.000        ; -0.033     ; 2.155      ;
; -1.174 ; clk_cnt[12] ; clk_1hz     ; clk          ; clk         ; 1.000        ; -0.035     ; 2.127      ;
; -1.157 ; clk_cnt[3]  ; clk_1hz     ; clk          ; clk         ; 1.000        ; -0.035     ; 2.110      ;
; -1.138 ; clk_cnt[5]  ; clk_1hz     ; clk          ; clk         ; 1.000        ; -0.035     ; 2.091      ;
; -1.096 ; clk_cnt[7]  ; clk_1hz     ; clk          ; clk         ; 1.000        ; -0.035     ; 2.049      ;
; -1.085 ; clk_cnt[16] ; clk_1hz     ; clk          ; clk         ; 1.000        ; -0.033     ; 2.040      ;
; -1.083 ; clk_cnt[19] ; clk_1hz     ; clk          ; clk         ; 1.000        ; -0.224     ; 1.847      ;
; -1.048 ; clk_cnt[4]  ; clk_1hz     ; clk          ; clk         ; 1.000        ; -0.035     ; 2.001      ;
; -1.012 ; clk_cnt[18] ; clk_1hz     ; clk          ; clk         ; 1.000        ; -0.033     ; 1.967      ;
; -1.011 ; clk_cnt[21] ; clk_1hz     ; clk          ; clk         ; 1.000        ; -0.033     ; 1.966      ;
; -0.981 ; clk_cnt[15] ; clk_1hz     ; clk          ; clk         ; 1.000        ; -0.033     ; 1.936      ;
; -0.978 ; clk_cnt[10] ; clk_1hz     ; clk          ; clk         ; 1.000        ; -0.035     ; 1.931      ;
; -0.975 ; clk_cnt[17] ; clk_1hz     ; clk          ; clk         ; 1.000        ; -0.033     ; 1.930      ;
; -0.956 ; clk_cnt[23] ; clk_1hz     ; clk          ; clk         ; 1.000        ; -0.033     ; 1.911      ;
; -0.945 ; clk_cnt[20] ; clk_1hz     ; clk          ; clk         ; 1.000        ; -0.033     ; 1.900      ;
; -0.941 ; clk_cnt[22] ; clk_1hz     ; clk          ; clk         ; 1.000        ; -0.033     ; 1.896      ;
; -0.918 ; clk_cnt[11] ; clk_cnt[25] ; clk          ; clk         ; 1.000        ; -0.038     ; 1.868      ;
; -0.918 ; clk_cnt[11] ; clk_cnt[24] ; clk          ; clk         ; 1.000        ; -0.038     ; 1.868      ;
; -0.918 ; clk_cnt[11] ; clk_cnt[23] ; clk          ; clk         ; 1.000        ; -0.038     ; 1.868      ;
; -0.918 ; clk_cnt[11] ; clk_cnt[22] ; clk          ; clk         ; 1.000        ; -0.038     ; 1.868      ;
; -0.918 ; clk_cnt[11] ; clk_cnt[21] ; clk          ; clk         ; 1.000        ; -0.038     ; 1.868      ;
; -0.918 ; clk_cnt[11] ; clk_cnt[20] ; clk          ; clk         ; 1.000        ; -0.038     ; 1.868      ;
; -0.918 ; clk_cnt[11] ; clk_cnt[18] ; clk          ; clk         ; 1.000        ; -0.038     ; 1.868      ;
; -0.918 ; clk_cnt[11] ; clk_cnt[17] ; clk          ; clk         ; 1.000        ; -0.038     ; 1.868      ;
; -0.918 ; clk_cnt[11] ; clk_cnt[16] ; clk          ; clk         ; 1.000        ; -0.038     ; 1.868      ;
; -0.918 ; clk_cnt[11] ; clk_cnt[15] ; clk          ; clk         ; 1.000        ; -0.038     ; 1.868      ;
; -0.918 ; clk_cnt[11] ; clk_cnt[14] ; clk          ; clk         ; 1.000        ; -0.038     ; 1.868      ;
; -0.918 ; clk_cnt[11] ; clk_cnt[13] ; clk          ; clk         ; 1.000        ; -0.038     ; 1.868      ;
; -0.917 ; clk_cnt[2]  ; clk_cnt[25] ; clk          ; clk         ; 1.000        ; -0.038     ; 1.867      ;
; -0.917 ; clk_cnt[2]  ; clk_cnt[24] ; clk          ; clk         ; 1.000        ; -0.038     ; 1.867      ;
; -0.917 ; clk_cnt[2]  ; clk_cnt[23] ; clk          ; clk         ; 1.000        ; -0.038     ; 1.867      ;
; -0.917 ; clk_cnt[2]  ; clk_cnt[22] ; clk          ; clk         ; 1.000        ; -0.038     ; 1.867      ;
; -0.917 ; clk_cnt[2]  ; clk_cnt[21] ; clk          ; clk         ; 1.000        ; -0.038     ; 1.867      ;
; -0.917 ; clk_cnt[2]  ; clk_cnt[20] ; clk          ; clk         ; 1.000        ; -0.038     ; 1.867      ;
; -0.917 ; clk_cnt[2]  ; clk_cnt[18] ; clk          ; clk         ; 1.000        ; -0.038     ; 1.867      ;
; -0.917 ; clk_cnt[2]  ; clk_cnt[17] ; clk          ; clk         ; 1.000        ; -0.038     ; 1.867      ;
; -0.917 ; clk_cnt[2]  ; clk_cnt[16] ; clk          ; clk         ; 1.000        ; -0.038     ; 1.867      ;
; -0.917 ; clk_cnt[2]  ; clk_cnt[15] ; clk          ; clk         ; 1.000        ; -0.038     ; 1.867      ;
; -0.917 ; clk_cnt[2]  ; clk_cnt[14] ; clk          ; clk         ; 1.000        ; -0.038     ; 1.867      ;
; -0.917 ; clk_cnt[2]  ; clk_cnt[13] ; clk          ; clk         ; 1.000        ; -0.038     ; 1.867      ;
; -0.909 ; clk_cnt[1]  ; clk_cnt[25] ; clk          ; clk         ; 1.000        ; -0.038     ; 1.859      ;
; -0.909 ; clk_cnt[1]  ; clk_cnt[24] ; clk          ; clk         ; 1.000        ; -0.038     ; 1.859      ;
; -0.909 ; clk_cnt[1]  ; clk_cnt[23] ; clk          ; clk         ; 1.000        ; -0.038     ; 1.859      ;
; -0.909 ; clk_cnt[1]  ; clk_cnt[22] ; clk          ; clk         ; 1.000        ; -0.038     ; 1.859      ;
; -0.909 ; clk_cnt[1]  ; clk_cnt[21] ; clk          ; clk         ; 1.000        ; -0.038     ; 1.859      ;
; -0.909 ; clk_cnt[1]  ; clk_cnt[20] ; clk          ; clk         ; 1.000        ; -0.038     ; 1.859      ;
; -0.909 ; clk_cnt[1]  ; clk_cnt[18] ; clk          ; clk         ; 1.000        ; -0.038     ; 1.859      ;
; -0.909 ; clk_cnt[1]  ; clk_cnt[17] ; clk          ; clk         ; 1.000        ; -0.038     ; 1.859      ;
; -0.909 ; clk_cnt[1]  ; clk_cnt[16] ; clk          ; clk         ; 1.000        ; -0.038     ; 1.859      ;
; -0.909 ; clk_cnt[1]  ; clk_cnt[15] ; clk          ; clk         ; 1.000        ; -0.038     ; 1.859      ;
; -0.909 ; clk_cnt[1]  ; clk_cnt[14] ; clk          ; clk         ; 1.000        ; -0.038     ; 1.859      ;
; -0.909 ; clk_cnt[1]  ; clk_cnt[13] ; clk          ; clk         ; 1.000        ; -0.038     ; 1.859      ;
; -0.907 ; clk_cnt[0]  ; clk_cnt[25] ; clk          ; clk         ; 1.000        ; -0.038     ; 1.857      ;
; -0.907 ; clk_cnt[0]  ; clk_cnt[24] ; clk          ; clk         ; 1.000        ; -0.038     ; 1.857      ;
; -0.907 ; clk_cnt[0]  ; clk_cnt[23] ; clk          ; clk         ; 1.000        ; -0.038     ; 1.857      ;
; -0.907 ; clk_cnt[0]  ; clk_cnt[22] ; clk          ; clk         ; 1.000        ; -0.038     ; 1.857      ;
; -0.907 ; clk_cnt[0]  ; clk_cnt[21] ; clk          ; clk         ; 1.000        ; -0.038     ; 1.857      ;
; -0.907 ; clk_cnt[0]  ; clk_cnt[20] ; clk          ; clk         ; 1.000        ; -0.038     ; 1.857      ;
; -0.907 ; clk_cnt[0]  ; clk_cnt[18] ; clk          ; clk         ; 1.000        ; -0.038     ; 1.857      ;
; -0.907 ; clk_cnt[0]  ; clk_cnt[17] ; clk          ; clk         ; 1.000        ; -0.038     ; 1.857      ;
; -0.907 ; clk_cnt[0]  ; clk_cnt[16] ; clk          ; clk         ; 1.000        ; -0.038     ; 1.857      ;
; -0.907 ; clk_cnt[0]  ; clk_cnt[15] ; clk          ; clk         ; 1.000        ; -0.038     ; 1.857      ;
; -0.907 ; clk_cnt[0]  ; clk_cnt[14] ; clk          ; clk         ; 1.000        ; -0.038     ; 1.857      ;
; -0.907 ; clk_cnt[0]  ; clk_cnt[13] ; clk          ; clk         ; 1.000        ; -0.038     ; 1.857      ;
; -0.866 ; clk_cnt[8]  ; clk_cnt[25] ; clk          ; clk         ; 1.000        ; -0.038     ; 1.816      ;
; -0.866 ; clk_cnt[8]  ; clk_cnt[24] ; clk          ; clk         ; 1.000        ; -0.038     ; 1.816      ;
; -0.866 ; clk_cnt[8]  ; clk_cnt[23] ; clk          ; clk         ; 1.000        ; -0.038     ; 1.816      ;
; -0.866 ; clk_cnt[8]  ; clk_cnt[22] ; clk          ; clk         ; 1.000        ; -0.038     ; 1.816      ;
; -0.866 ; clk_cnt[8]  ; clk_cnt[21] ; clk          ; clk         ; 1.000        ; -0.038     ; 1.816      ;
; -0.866 ; clk_cnt[8]  ; clk_cnt[20] ; clk          ; clk         ; 1.000        ; -0.038     ; 1.816      ;
; -0.866 ; clk_cnt[8]  ; clk_cnt[18] ; clk          ; clk         ; 1.000        ; -0.038     ; 1.816      ;
; -0.866 ; clk_cnt[8]  ; clk_cnt[17] ; clk          ; clk         ; 1.000        ; -0.038     ; 1.816      ;
; -0.866 ; clk_cnt[8]  ; clk_cnt[16] ; clk          ; clk         ; 1.000        ; -0.038     ; 1.816      ;
; -0.866 ; clk_cnt[8]  ; clk_cnt[15] ; clk          ; clk         ; 1.000        ; -0.038     ; 1.816      ;
; -0.866 ; clk_cnt[8]  ; clk_cnt[14] ; clk          ; clk         ; 1.000        ; -0.038     ; 1.816      ;
; -0.866 ; clk_cnt[8]  ; clk_cnt[13] ; clk          ; clk         ; 1.000        ; -0.038     ; 1.816      ;
; -0.863 ; clk_cnt[6]  ; clk_cnt[25] ; clk          ; clk         ; 1.000        ; -0.038     ; 1.813      ;
; -0.863 ; clk_cnt[6]  ; clk_cnt[24] ; clk          ; clk         ; 1.000        ; -0.038     ; 1.813      ;
; -0.863 ; clk_cnt[6]  ; clk_cnt[23] ; clk          ; clk         ; 1.000        ; -0.038     ; 1.813      ;
; -0.863 ; clk_cnt[6]  ; clk_cnt[22] ; clk          ; clk         ; 1.000        ; -0.038     ; 1.813      ;
; -0.863 ; clk_cnt[6]  ; clk_cnt[21] ; clk          ; clk         ; 1.000        ; -0.038     ; 1.813      ;
; -0.863 ; clk_cnt[6]  ; clk_cnt[20] ; clk          ; clk         ; 1.000        ; -0.038     ; 1.813      ;
; -0.863 ; clk_cnt[6]  ; clk_cnt[18] ; clk          ; clk         ; 1.000        ; -0.038     ; 1.813      ;
; -0.863 ; clk_cnt[6]  ; clk_cnt[17] ; clk          ; clk         ; 1.000        ; -0.038     ; 1.813      ;
; -0.863 ; clk_cnt[6]  ; clk_cnt[16] ; clk          ; clk         ; 1.000        ; -0.038     ; 1.813      ;
; -0.863 ; clk_cnt[6]  ; clk_cnt[15] ; clk          ; clk         ; 1.000        ; -0.038     ; 1.813      ;
; -0.863 ; clk_cnt[6]  ; clk_cnt[14] ; clk          ; clk         ; 1.000        ; -0.038     ; 1.813      ;
; -0.863 ; clk_cnt[6]  ; clk_cnt[13] ; clk          ; clk         ; 1.000        ; -0.038     ; 1.813      ;
; -0.857 ; clk_cnt[24] ; clk_1hz     ; clk          ; clk         ; 1.000        ; -0.033     ; 1.812      ;
; -0.857 ; clk_cnt[9]  ; clk_cnt[25] ; clk          ; clk         ; 1.000        ; -0.038     ; 1.807      ;
; -0.857 ; clk_cnt[9]  ; clk_cnt[24] ; clk          ; clk         ; 1.000        ; -0.038     ; 1.807      ;
; -0.857 ; clk_cnt[9]  ; clk_cnt[23] ; clk          ; clk         ; 1.000        ; -0.038     ; 1.807      ;
+--------+-------------+-------------+--------------+-------------+--------------+------------+------------+


+--------------------------------------------------------------------------------------------------------------------+
; Fast 1200mV -40C Model Setup: 'clk_1hz'                                                                            ;
+--------+------------------+------------------+--------------+-------------+--------------+------------+------------+
; Slack  ; From Node        ; To Node          ; Launch Clock ; Latch Clock ; Relationship ; Clock Skew ; Data Delay ;
+--------+------------------+------------------+--------------+-------------+--------------+------------+------------+
; -0.265 ; cnt_time[7]      ; cnt_time[3]      ; clk_1hz      ; clk_1hz     ; 1.000        ; -0.035     ; 1.218      ;
; -0.264 ; cnt_time[7]      ; cnt_time[2]      ; clk_1hz      ; clk_1hz     ; 1.000        ; -0.035     ; 1.217      ;
; -0.263 ; cnt_time[2]      ; cnt_time[3]      ; clk_1hz      ; clk_1hz     ; 1.000        ; -0.035     ; 1.216      ;
; -0.262 ; cnt_time[2]      ; cnt_time[2]      ; clk_1hz      ; clk_1hz     ; 1.000        ; -0.035     ; 1.215      ;
; -0.261 ; cnt_time[7]      ; state.S_A_STR_G  ; clk_1hz      ; clk_1hz     ; 1.000        ; -0.036     ; 1.213      ;
; -0.261 ; cnt_time[7]      ; state.S_B_LEFT_Y ; clk_1hz      ; clk_1hz     ; 1.000        ; -0.036     ; 1.213      ;
; -0.261 ; cnt_time[7]      ; state.S_B_LEFT_G ; clk_1hz      ; clk_1hz     ; 1.000        ; -0.036     ; 1.213      ;
; -0.261 ; cnt_time[7]      ; state.S_B_STR_Y  ; clk_1hz      ; clk_1hz     ; 1.000        ; -0.036     ; 1.213      ;
; -0.261 ; cnt_time[7]      ; state.S_B_STR_G  ; clk_1hz      ; clk_1hz     ; 1.000        ; -0.036     ; 1.213      ;
; -0.261 ; cnt_time[7]      ; state.S_A_LEFT_Y ; clk_1hz      ; clk_1hz     ; 1.000        ; -0.036     ; 1.213      ;
; -0.261 ; cnt_time[7]      ; state.S_A_LEFT_G ; clk_1hz      ; clk_1hz     ; 1.000        ; -0.036     ; 1.213      ;
; -0.261 ; cnt_time[7]      ; state.S_A_STR_Y  ; clk_1hz      ; clk_1hz     ; 1.000        ; -0.036     ; 1.213      ;
; -0.226 ; cnt_time[2]      ; state.S_A_STR_G  ; clk_1hz      ; clk_1hz     ; 1.000        ; -0.036     ; 1.178      ;
; -0.226 ; cnt_time[2]      ; state.S_B_LEFT_Y ; clk_1hz      ; clk_1hz     ; 1.000        ; -0.036     ; 1.178      ;
; -0.226 ; cnt_time[2]      ; state.S_B_LEFT_G ; clk_1hz      ; clk_1hz     ; 1.000        ; -0.036     ; 1.178      ;
; -0.226 ; cnt_time[2]      ; state.S_B_STR_Y  ; clk_1hz      ; clk_1hz     ; 1.000        ; -0.036     ; 1.178      ;
; -0.226 ; cnt_time[2]      ; state.S_B_STR_G  ; clk_1hz      ; clk_1hz     ; 1.000        ; -0.036     ; 1.178      ;
; -0.226 ; cnt_time[2]      ; state.S_A_LEFT_Y ; clk_1hz      ; clk_1hz     ; 1.000        ; -0.036     ; 1.178      ;
; -0.226 ; cnt_time[2]      ; state.S_A_LEFT_G ; clk_1hz      ; clk_1hz     ; 1.000        ; -0.036     ; 1.178      ;
; -0.226 ; cnt_time[2]      ; state.S_A_STR_Y  ; clk_1hz      ; clk_1hz     ; 1.000        ; -0.036     ; 1.178      ;
; -0.218 ; cnt_time[3]      ; cnt_time[3]      ; clk_1hz      ; clk_1hz     ; 1.000        ; -0.035     ; 1.171      ;
; -0.217 ; cnt_time[3]      ; cnt_time[2]      ; clk_1hz      ; clk_1hz     ; 1.000        ; -0.035     ; 1.170      ;
; -0.211 ; cnt_time[0]      ; cnt_time[7]      ; clk_1hz      ; clk_1hz     ; 1.000        ; -0.035     ; 1.164      ;
; -0.188 ; cnt_time[0]      ; cnt_time[3]      ; clk_1hz      ; clk_1hz     ; 1.000        ; -0.035     ; 1.141      ;
; -0.187 ; cnt_time[0]      ; cnt_time[2]      ; clk_1hz      ; clk_1hz     ; 1.000        ; -0.035     ; 1.140      ;
; -0.181 ; cnt_time[3]      ; state.S_A_STR_G  ; clk_1hz      ; clk_1hz     ; 1.000        ; -0.036     ; 1.133      ;
; -0.181 ; cnt_time[3]      ; state.S_B_LEFT_Y ; clk_1hz      ; clk_1hz     ; 1.000        ; -0.036     ; 1.133      ;
; -0.181 ; cnt_time[3]      ; state.S_B_LEFT_G ; clk_1hz      ; clk_1hz     ; 1.000        ; -0.036     ; 1.133      ;
; -0.181 ; cnt_time[3]      ; state.S_B_STR_Y  ; clk_1hz      ; clk_1hz     ; 1.000        ; -0.036     ; 1.133      ;
; -0.181 ; cnt_time[3]      ; state.S_B_STR_G  ; clk_1hz      ; clk_1hz     ; 1.000        ; -0.036     ; 1.133      ;
; -0.181 ; cnt_time[3]      ; state.S_A_LEFT_Y ; clk_1hz      ; clk_1hz     ; 1.000        ; -0.036     ; 1.133      ;
; -0.181 ; cnt_time[3]      ; state.S_A_LEFT_G ; clk_1hz      ; clk_1hz     ; 1.000        ; -0.036     ; 1.133      ;
; -0.181 ; cnt_time[3]      ; state.S_A_STR_Y  ; clk_1hz      ; clk_1hz     ; 1.000        ; -0.036     ; 1.133      ;
; -0.177 ; cnt_time[1]      ; cnt_time[3]      ; clk_1hz      ; clk_1hz     ; 1.000        ; -0.035     ; 1.130      ;
; -0.176 ; cnt_time[1]      ; cnt_time[2]      ; clk_1hz      ; clk_1hz     ; 1.000        ; -0.035     ; 1.129      ;
; -0.171 ; cnt_time[1]      ; cnt_time[7]      ; clk_1hz      ; clk_1hz     ; 1.000        ; -0.035     ; 1.124      ;
; -0.157 ; cnt_time[0]      ; cnt_time[4]      ; clk_1hz      ; clk_1hz     ; 1.000        ; -0.035     ; 1.110      ;
; -0.156 ; cnt_time[0]      ; cnt_time[1]      ; clk_1hz      ; clk_1hz     ; 1.000        ; -0.036     ; 1.108      ;
; -0.151 ; cnt_time[0]      ; state.S_A_STR_G  ; clk_1hz      ; clk_1hz     ; 1.000        ; -0.036     ; 1.103      ;
; -0.151 ; cnt_time[0]      ; state.S_B_LEFT_Y ; clk_1hz      ; clk_1hz     ; 1.000        ; -0.036     ; 1.103      ;
; -0.151 ; cnt_time[0]      ; state.S_B_LEFT_G ; clk_1hz      ; clk_1hz     ; 1.000        ; -0.036     ; 1.103      ;
; -0.151 ; cnt_time[0]      ; state.S_B_STR_Y  ; clk_1hz      ; clk_1hz     ; 1.000        ; -0.036     ; 1.103      ;
; -0.151 ; cnt_time[0]      ; state.S_B_STR_G  ; clk_1hz      ; clk_1hz     ; 1.000        ; -0.036     ; 1.103      ;
; -0.151 ; cnt_time[0]      ; state.S_A_LEFT_Y ; clk_1hz      ; clk_1hz     ; 1.000        ; -0.036     ; 1.103      ;
; -0.151 ; cnt_time[0]      ; state.S_A_LEFT_G ; clk_1hz      ; clk_1hz     ; 1.000        ; -0.036     ; 1.103      ;
; -0.151 ; cnt_time[0]      ; state.S_A_STR_Y  ; clk_1hz      ; clk_1hz     ; 1.000        ; -0.036     ; 1.103      ;
; -0.150 ; cnt_time[0]      ; cnt_time[6]      ; clk_1hz      ; clk_1hz     ; 1.000        ; -0.035     ; 1.103      ;
; -0.146 ; cnt_time[2]      ; cnt_time[7]      ; clk_1hz      ; clk_1hz     ; 1.000        ; -0.035     ; 1.099      ;
; -0.145 ; cnt_time[0]      ; cnt_time[5]      ; clk_1hz      ; clk_1hz     ; 1.000        ; -0.035     ; 1.098      ;
; -0.143 ; cnt_time[1]      ; cnt_time[4]      ; clk_1hz      ; clk_1hz     ; 1.000        ; -0.035     ; 1.096      ;
; -0.140 ; cnt_time[1]      ; state.S_A_STR_G  ; clk_1hz      ; clk_1hz     ; 1.000        ; -0.036     ; 1.092      ;
; -0.140 ; cnt_time[1]      ; state.S_B_LEFT_Y ; clk_1hz      ; clk_1hz     ; 1.000        ; -0.036     ; 1.092      ;
; -0.140 ; cnt_time[1]      ; state.S_B_LEFT_G ; clk_1hz      ; clk_1hz     ; 1.000        ; -0.036     ; 1.092      ;
; -0.140 ; cnt_time[1]      ; state.S_B_STR_Y  ; clk_1hz      ; clk_1hz     ; 1.000        ; -0.036     ; 1.092      ;
; -0.140 ; cnt_time[1]      ; state.S_B_STR_G  ; clk_1hz      ; clk_1hz     ; 1.000        ; -0.036     ; 1.092      ;
; -0.140 ; cnt_time[1]      ; state.S_A_LEFT_Y ; clk_1hz      ; clk_1hz     ; 1.000        ; -0.036     ; 1.092      ;
; -0.140 ; cnt_time[1]      ; state.S_A_LEFT_G ; clk_1hz      ; clk_1hz     ; 1.000        ; -0.036     ; 1.092      ;
; -0.140 ; cnt_time[1]      ; state.S_A_STR_Y  ; clk_1hz      ; clk_1hz     ; 1.000        ; -0.036     ; 1.092      ;
; -0.136 ; cnt_time[1]      ; cnt_time[6]      ; clk_1hz      ; clk_1hz     ; 1.000        ; -0.035     ; 1.089      ;
; -0.128 ; cnt_time[5]      ; cnt_time[3]      ; clk_1hz      ; clk_1hz     ; 1.000        ; -0.035     ; 1.081      ;
; -0.127 ; cnt_time[5]      ; cnt_time[2]      ; clk_1hz      ; clk_1hz     ; 1.000        ; -0.035     ; 1.080      ;
; -0.125 ; state.S_A_LEFT_G ; cnt_time[3]      ; clk_1hz      ; clk_1hz     ; 1.000        ; -0.035     ; 1.078      ;
; -0.120 ; cnt_time[7]      ; cnt_time[0]      ; clk_1hz      ; clk_1hz     ; 1.000        ; -0.035     ; 1.073      ;
; -0.114 ; cnt_time[5]      ; state.S_A_STR_G  ; clk_1hz      ; clk_1hz     ; 1.000        ; -0.036     ; 1.066      ;
; -0.114 ; cnt_time[5]      ; state.S_B_LEFT_Y ; clk_1hz      ; clk_1hz     ; 1.000        ; -0.036     ; 1.066      ;
; -0.114 ; cnt_time[5]      ; state.S_B_LEFT_G ; clk_1hz      ; clk_1hz     ; 1.000        ; -0.036     ; 1.066      ;
; -0.114 ; cnt_time[5]      ; state.S_B_STR_Y  ; clk_1hz      ; clk_1hz     ; 1.000        ; -0.036     ; 1.066      ;
; -0.114 ; cnt_time[5]      ; state.S_B_STR_G  ; clk_1hz      ; clk_1hz     ; 1.000        ; -0.036     ; 1.066      ;
; -0.114 ; cnt_time[5]      ; state.S_A_LEFT_Y ; clk_1hz      ; clk_1hz     ; 1.000        ; -0.036     ; 1.066      ;
; -0.114 ; cnt_time[5]      ; state.S_A_LEFT_G ; clk_1hz      ; clk_1hz     ; 1.000        ; -0.036     ; 1.066      ;
; -0.114 ; cnt_time[5]      ; state.S_A_STR_Y  ; clk_1hz      ; clk_1hz     ; 1.000        ; -0.036     ; 1.066      ;
; -0.105 ; cnt_time[1]      ; cnt_time[5]      ; clk_1hz      ; clk_1hz     ; 1.000        ; -0.035     ; 1.058      ;
; -0.099 ; cnt_time[2]      ; cnt_time[0]      ; clk_1hz      ; clk_1hz     ; 1.000        ; -0.035     ; 1.052      ;
; -0.092 ; cnt_time[2]      ; cnt_time[4]      ; clk_1hz      ; clk_1hz     ; 1.000        ; -0.035     ; 1.045      ;
; -0.089 ; cnt_time[6]      ; cnt_time[7]      ; clk_1hz      ; clk_1hz     ; 1.000        ; -0.035     ; 1.042      ;
; -0.089 ; cnt_time[6]      ; cnt_time[6]      ; clk_1hz      ; clk_1hz     ; 1.000        ; -0.035     ; 1.042      ;
; -0.085 ; cnt_time[2]      ; cnt_time[6]      ; clk_1hz      ; clk_1hz     ; 1.000        ; -0.035     ; 1.038      ;
; -0.085 ; cnt_time[6]      ; cnt_time[5]      ; clk_1hz      ; clk_1hz     ; 1.000        ; -0.035     ; 1.038      ;
; -0.080 ; cnt_time[2]      ; cnt_time[5]      ; clk_1hz      ; clk_1hz     ; 1.000        ; -0.035     ; 1.033      ;
; -0.068 ; cnt_time[4]      ; cnt_time[3]      ; clk_1hz      ; clk_1hz     ; 1.000        ; -0.035     ; 1.021      ;
; -0.068 ; cnt_time[5]      ; cnt_time[7]      ; clk_1hz      ; clk_1hz     ; 1.000        ; -0.035     ; 1.021      ;
; -0.068 ; cnt_time[5]      ; cnt_time[6]      ; clk_1hz      ; clk_1hz     ; 1.000        ; -0.035     ; 1.021      ;
; -0.067 ; cnt_time[4]      ; cnt_time[2]      ; clk_1hz      ; clk_1hz     ; 1.000        ; -0.035     ; 1.020      ;
; -0.064 ; cnt_time[5]      ; cnt_time[5]      ; clk_1hz      ; clk_1hz     ; 1.000        ; -0.035     ; 1.017      ;
; -0.063 ; cnt_time[4]      ; state.S_A_STR_G  ; clk_1hz      ; clk_1hz     ; 1.000        ; -0.036     ; 1.015      ;
; -0.063 ; cnt_time[4]      ; state.S_B_LEFT_Y ; clk_1hz      ; clk_1hz     ; 1.000        ; -0.036     ; 1.015      ;
; -0.063 ; cnt_time[4]      ; state.S_B_LEFT_G ; clk_1hz      ; clk_1hz     ; 1.000        ; -0.036     ; 1.015      ;
; -0.063 ; cnt_time[4]      ; state.S_B_STR_Y  ; clk_1hz      ; clk_1hz     ; 1.000        ; -0.036     ; 1.015      ;
; -0.063 ; cnt_time[4]      ; state.S_B_STR_G  ; clk_1hz      ; clk_1hz     ; 1.000        ; -0.036     ; 1.015      ;
; -0.063 ; cnt_time[4]      ; state.S_A_LEFT_Y ; clk_1hz      ; clk_1hz     ; 1.000        ; -0.036     ; 1.015      ;
; -0.063 ; cnt_time[4]      ; state.S_A_LEFT_G ; clk_1hz      ; clk_1hz     ; 1.000        ; -0.036     ; 1.015      ;
; -0.063 ; cnt_time[4]      ; state.S_A_STR_Y  ; clk_1hz      ; clk_1hz     ; 1.000        ; -0.036     ; 1.015      ;
; -0.063 ; cnt_time[7]      ; cnt_time[7]      ; clk_1hz      ; clk_1hz     ; 1.000        ; -0.035     ; 1.016      ;
; -0.063 ; cnt_time[7]      ; cnt_time[6]      ; clk_1hz      ; clk_1hz     ; 1.000        ; -0.035     ; 1.016      ;
; -0.059 ; cnt_time[7]      ; cnt_time[5]      ; clk_1hz      ; clk_1hz     ; 1.000        ; -0.035     ; 1.012      ;
; -0.058 ; cnt_time[3]      ; cnt_time[7]      ; clk_1hz      ; clk_1hz     ; 1.000        ; -0.035     ; 1.011      ;
; -0.054 ; cnt_time[3]      ; cnt_time[0]      ; clk_1hz      ; clk_1hz     ; 1.000        ; -0.035     ; 1.007      ;
; -0.049 ; cnt_time[7]      ; cnt_time[1]      ; clk_1hz      ; clk_1hz     ; 1.000        ; -0.036     ; 1.001      ;
; -0.045 ; cnt_time[6]      ; cnt_time[2]      ; clk_1hz      ; clk_1hz     ; 1.000        ; -0.035     ; 0.998      ;
; -0.045 ; cnt_time[6]      ; cnt_time[3]      ; clk_1hz      ; clk_1hz     ; 1.000        ; -0.035     ; 0.998      ;
+--------+------------------+------------------+--------------+-------------+--------------+------------+------------+


+-----------------------------------------------------------------------------------------------------------+
; Fast 1200mV -40C Model Hold: 'clk'                                                                        ;
+-------+--------------+--------------+--------------+-------------+--------------+------------+------------+
; Slack ; From Node    ; To Node      ; Launch Clock ; Latch Clock ; Relationship ; Clock Skew ; Data Delay ;
+-------+--------------+--------------+--------------+-------------+--------------+------------+------------+
; 0.175 ; scan_cnt[0]  ; scan_cnt[0]  ; clk          ; clk         ; 0.000        ; 0.043      ; 0.300      ;
; 0.194 ; clk_cnt[25]  ; clk_cnt[25]  ; clk          ; clk         ; 0.000        ; 0.036      ; 0.312      ;
; 0.242 ; clk_cnt[18]  ; clk_cnt[19]  ; clk          ; clk         ; 0.000        ; 0.227      ; 0.551      ;
; 0.272 ; clk_cnt[19]  ; clk_cnt[19]  ; clk          ; clk         ; 0.000        ; 0.043      ; 0.397      ;
; 0.276 ; scan_cnt[2]  ; scan_cnt[2]  ; clk          ; clk         ; 0.000        ; 0.035      ; 0.393      ;
; 0.277 ; scan_cnt[13] ; scan_cnt[13] ; clk          ; clk         ; 0.000        ; 0.035      ; 0.394      ;
; 0.277 ; scan_cnt[12] ; scan_cnt[12] ; clk          ; clk         ; 0.000        ; 0.035      ; 0.394      ;
; 0.277 ; scan_cnt[10] ; scan_cnt[10] ; clk          ; clk         ; 0.000        ; 0.035      ; 0.394      ;
; 0.277 ; scan_cnt[8]  ; scan_cnt[8]  ; clk          ; clk         ; 0.000        ; 0.035      ; 0.394      ;
; 0.277 ; scan_cnt[6]  ; scan_cnt[6]  ; clk          ; clk         ; 0.000        ; 0.035      ; 0.394      ;
; 0.277 ; scan_cnt[4]  ; scan_cnt[4]  ; clk          ; clk         ; 0.000        ; 0.035      ; 0.394      ;
; 0.277 ; scan_cnt[3]  ; scan_cnt[3]  ; clk          ; clk         ; 0.000        ; 0.035      ; 0.394      ;
; 0.278 ; scan_cnt[11] ; scan_cnt[11] ; clk          ; clk         ; 0.000        ; 0.035      ; 0.395      ;
; 0.278 ; scan_cnt[9]  ; scan_cnt[9]  ; clk          ; clk         ; 0.000        ; 0.035      ; 0.395      ;
; 0.278 ; scan_cnt[7]  ; scan_cnt[7]  ; clk          ; clk         ; 0.000        ; 0.035      ; 0.395      ;
; 0.278 ; scan_cnt[5]  ; scan_cnt[5]  ; clk          ; clk         ; 0.000        ; 0.035      ; 0.395      ;
; 0.280 ; clk_cnt[21]  ; clk_cnt[21]  ; clk          ; clk         ; 0.000        ; 0.036      ; 0.398      ;
; 0.280 ; clk_cnt[20]  ; clk_cnt[20]  ; clk          ; clk         ; 0.000        ; 0.036      ; 0.398      ;
; 0.280 ; clk_cnt[7]   ; clk_cnt[7]   ; clk          ; clk         ; 0.000        ; 0.035      ; 0.397      ;
; 0.280 ; clk_cnt[5]   ; clk_cnt[5]   ; clk          ; clk         ; 0.000        ; 0.035      ; 0.397      ;
; 0.280 ; clk_cnt[3]   ; clk_cnt[3]   ; clk          ; clk         ; 0.000        ; 0.035      ; 0.397      ;
; 0.281 ; clk_cnt[18]  ; clk_cnt[18]  ; clk          ; clk         ; 0.000        ; 0.036      ; 0.399      ;
; 0.281 ; clk_cnt[6]   ; clk_cnt[6]   ; clk          ; clk         ; 0.000        ; 0.035      ; 0.398      ;
; 0.281 ; clk_cnt[4]   ; clk_cnt[4]   ; clk          ; clk         ; 0.000        ; 0.035      ; 0.398      ;
; 0.281 ; clk_cnt[1]   ; clk_cnt[1]   ; clk          ; clk         ; 0.000        ; 0.035      ; 0.398      ;
; 0.282 ; clk_cnt[8]   ; clk_cnt[8]   ; clk          ; clk         ; 0.000        ; 0.035      ; 0.399      ;
; 0.282 ; scan_cnt[1]  ; scan_cnt[1]  ; clk          ; clk         ; 0.000        ; 0.035      ; 0.399      ;
; 0.285 ; clk_cnt[13]  ; clk_cnt[13]  ; clk          ; clk         ; 0.000        ; 0.036      ; 0.403      ;
; 0.286 ; clk_cnt[15]  ; clk_cnt[15]  ; clk          ; clk         ; 0.000        ; 0.036      ; 0.404      ;
; 0.287 ; clk_cnt[23]  ; clk_cnt[23]  ; clk          ; clk         ; 0.000        ; 0.036      ; 0.405      ;
; 0.287 ; clk_cnt[17]  ; clk_cnt[17]  ; clk          ; clk         ; 0.000        ; 0.036      ; 0.405      ;
; 0.287 ; clk_cnt[16]  ; clk_cnt[16]  ; clk          ; clk         ; 0.000        ; 0.036      ; 0.405      ;
; 0.287 ; clk_cnt[14]  ; clk_cnt[14]  ; clk          ; clk         ; 0.000        ; 0.036      ; 0.405      ;
; 0.287 ; clk_cnt[12]  ; clk_cnt[12]  ; clk          ; clk         ; 0.000        ; 0.035      ; 0.404      ;
; 0.287 ; clk_cnt[11]  ; clk_cnt[11]  ; clk          ; clk         ; 0.000        ; 0.035      ; 0.404      ;
; 0.287 ; clk_cnt[9]   ; clk_cnt[9]   ; clk          ; clk         ; 0.000        ; 0.035      ; 0.404      ;
; 0.287 ; scan_cnt[15] ; scan_cnt[15] ; clk          ; clk         ; 0.000        ; 0.035      ; 0.404      ;
; 0.288 ; clk_cnt[24]  ; clk_cnt[24]  ; clk          ; clk         ; 0.000        ; 0.036      ; 0.406      ;
; 0.288 ; clk_cnt[22]  ; clk_cnt[22]  ; clk          ; clk         ; 0.000        ; 0.036      ; 0.406      ;
; 0.288 ; clk_cnt[10]  ; clk_cnt[10]  ; clk          ; clk         ; 0.000        ; 0.035      ; 0.405      ;
; 0.288 ; clk_cnt[2]   ; clk_cnt[2]   ; clk          ; clk         ; 0.000        ; 0.035      ; 0.405      ;
; 0.290 ; clk_cnt[0]   ; clk_cnt[0]   ; clk          ; clk         ; 0.000        ; 0.035      ; 0.407      ;
; 0.298 ; scan_cnt[14] ; scan_cnt[14] ; clk          ; clk         ; 0.000        ; 0.035      ; 0.415      ;
; 0.298 ; clk_cnt[17]  ; clk_cnt[19]  ; clk          ; clk         ; 0.000        ; 0.227      ; 0.607      ;
; 0.308 ; clk_cnt[16]  ; clk_cnt[19]  ; clk          ; clk         ; 0.000        ; 0.227      ; 0.617      ;
; 0.335 ; clk_1hz      ; clk_1hz      ; clk_1hz      ; clk         ; 0.000        ; 1.279      ; 1.829      ;
; 0.357 ; clk_cnt[15]  ; clk_cnt[19]  ; clk          ; clk         ; 0.000        ; 0.227      ; 0.666      ;
; 0.369 ; clk_cnt[14]  ; clk_cnt[19]  ; clk          ; clk         ; 0.000        ; 0.227      ; 0.678      ;
; 0.416 ; clk_cnt[13]  ; clk_cnt[19]  ; clk          ; clk         ; 0.000        ; 0.227      ; 0.725      ;
; 0.420 ; scan_cnt[2]  ; scan_cnt[3]  ; clk          ; clk         ; 0.000        ; 0.035      ; 0.537      ;
; 0.421 ; scan_cnt[12] ; scan_cnt[13] ; clk          ; clk         ; 0.000        ; 0.035      ; 0.538      ;
; 0.421 ; scan_cnt[10] ; scan_cnt[11] ; clk          ; clk         ; 0.000        ; 0.035      ; 0.538      ;
; 0.421 ; scan_cnt[8]  ; scan_cnt[9]  ; clk          ; clk         ; 0.000        ; 0.035      ; 0.538      ;
; 0.421 ; scan_cnt[6]  ; scan_cnt[7]  ; clk          ; clk         ; 0.000        ; 0.035      ; 0.538      ;
; 0.421 ; scan_cnt[4]  ; scan_cnt[5]  ; clk          ; clk         ; 0.000        ; 0.035      ; 0.538      ;
; 0.424 ; clk_cnt[5]   ; clk_cnt[6]   ; clk          ; clk         ; 0.000        ; 0.035      ; 0.541      ;
; 0.424 ; clk_cnt[3]   ; clk_cnt[4]   ; clk          ; clk         ; 0.000        ; 0.035      ; 0.541      ;
; 0.424 ; clk_cnt[7]   ; clk_cnt[8]   ; clk          ; clk         ; 0.000        ; 0.035      ; 0.541      ;
; 0.424 ; clk_cnt[21]  ; clk_cnt[22]  ; clk          ; clk         ; 0.000        ; 0.036      ; 0.542      ;
; 0.425 ; clk_cnt[1]   ; clk_cnt[2]   ; clk          ; clk         ; 0.000        ; 0.035      ; 0.542      ;
; 0.429 ; scan_cnt[3]  ; scan_cnt[4]  ; clk          ; clk         ; 0.000        ; 0.035      ; 0.546      ;
; 0.429 ; clk_cnt[13]  ; clk_cnt[14]  ; clk          ; clk         ; 0.000        ; 0.036      ; 0.547      ;
; 0.429 ; scan_cnt[13] ; scan_cnt[14] ; clk          ; clk         ; 0.000        ; 0.035      ; 0.546      ;
; 0.430 ; scan_cnt[1]  ; scan_cnt[2]  ; clk          ; clk         ; 0.000        ; 0.035      ; 0.547      ;
; 0.430 ; scan_cnt[11] ; scan_cnt[12] ; clk          ; clk         ; 0.000        ; 0.035      ; 0.547      ;
; 0.430 ; scan_cnt[5]  ; scan_cnt[6]  ; clk          ; clk         ; 0.000        ; 0.035      ; 0.547      ;
; 0.430 ; clk_cnt[15]  ; clk_cnt[16]  ; clk          ; clk         ; 0.000        ; 0.036      ; 0.548      ;
; 0.430 ; clk_cnt[12]  ; clk_cnt[19]  ; clk          ; clk         ; 0.000        ; 0.224      ; 0.736      ;
; 0.431 ; scan_cnt[9]  ; scan_cnt[10] ; clk          ; clk         ; 0.000        ; 0.035      ; 0.548      ;
; 0.431 ; scan_cnt[7]  ; scan_cnt[8]  ; clk          ; clk         ; 0.000        ; 0.035      ; 0.548      ;
; 0.431 ; clk_cnt[17]  ; clk_cnt[18]  ; clk          ; clk         ; 0.000        ; 0.036      ; 0.549      ;
; 0.431 ; clk_cnt[11]  ; clk_cnt[12]  ; clk          ; clk         ; 0.000        ; 0.035      ; 0.548      ;
; 0.431 ; scan_cnt[13] ; scan_cnt[15] ; clk          ; clk         ; 0.000        ; 0.035      ; 0.548      ;
; 0.431 ; clk_cnt[23]  ; clk_cnt[24]  ; clk          ; clk         ; 0.000        ; 0.036      ; 0.549      ;
; 0.431 ; clk_cnt[9]   ; clk_cnt[10]  ; clk          ; clk         ; 0.000        ; 0.035      ; 0.548      ;
; 0.431 ; scan_cnt[3]  ; scan_cnt[5]  ; clk          ; clk         ; 0.000        ; 0.035      ; 0.548      ;
; 0.432 ; scan_cnt[1]  ; scan_cnt[3]  ; clk          ; clk         ; 0.000        ; 0.035      ; 0.549      ;
; 0.432 ; scan_cnt[11] ; scan_cnt[13] ; clk          ; clk         ; 0.000        ; 0.035      ; 0.549      ;
; 0.432 ; scan_cnt[5]  ; scan_cnt[7]  ; clk          ; clk         ; 0.000        ; 0.035      ; 0.549      ;
; 0.433 ; clk_cnt[20]  ; clk_cnt[21]  ; clk          ; clk         ; 0.000        ; 0.036      ; 0.551      ;
; 0.433 ; scan_cnt[9]  ; scan_cnt[11] ; clk          ; clk         ; 0.000        ; 0.035      ; 0.550      ;
; 0.433 ; scan_cnt[7]  ; scan_cnt[9]  ; clk          ; clk         ; 0.000        ; 0.035      ; 0.550      ;
; 0.434 ; clk_cnt[6]   ; clk_cnt[7]   ; clk          ; clk         ; 0.000        ; 0.035      ; 0.551      ;
; 0.434 ; clk_cnt[4]   ; clk_cnt[5]   ; clk          ; clk         ; 0.000        ; 0.035      ; 0.551      ;
; 0.434 ; clk_cnt[0]   ; clk_cnt[1]   ; clk          ; clk         ; 0.000        ; 0.035      ; 0.551      ;
; 0.434 ; clk_cnt[8]   ; clk_cnt[9]   ; clk          ; clk         ; 0.000        ; 0.035      ; 0.551      ;
; 0.435 ; clk_cnt[18]  ; clk_cnt[20]  ; clk          ; clk         ; 0.000        ; 0.036      ; 0.553      ;
; 0.435 ; clk_cnt[20]  ; clk_cnt[22]  ; clk          ; clk         ; 0.000        ; 0.036      ; 0.553      ;
; 0.436 ; clk_cnt[4]   ; clk_cnt[6]   ; clk          ; clk         ; 0.000        ; 0.035      ; 0.553      ;
; 0.436 ; clk_cnt[6]   ; clk_cnt[8]   ; clk          ; clk         ; 0.000        ; 0.035      ; 0.553      ;
; 0.436 ; clk_cnt[0]   ; clk_cnt[2]   ; clk          ; clk         ; 0.000        ; 0.035      ; 0.553      ;
; 0.436 ; clk_cnt[8]   ; clk_cnt[10]  ; clk          ; clk         ; 0.000        ; 0.035      ; 0.553      ;
; 0.439 ; clk_cnt[16]  ; clk_cnt[17]  ; clk          ; clk         ; 0.000        ; 0.036      ; 0.557      ;
; 0.440 ; clk_cnt[24]  ; clk_cnt[25]  ; clk          ; clk         ; 0.000        ; 0.036      ; 0.558      ;
; 0.440 ; clk_cnt[2]   ; clk_cnt[3]   ; clk          ; clk         ; 0.000        ; 0.035      ; 0.557      ;
; 0.440 ; clk_cnt[14]  ; clk_cnt[15]  ; clk          ; clk         ; 0.000        ; 0.036      ; 0.558      ;
; 0.440 ; clk_cnt[10]  ; clk_cnt[11]  ; clk          ; clk         ; 0.000        ; 0.035      ; 0.557      ;
; 0.441 ; clk_cnt[12]  ; clk_cnt[13]  ; clk          ; clk         ; 0.000        ; 0.033      ; 0.556      ;
; 0.441 ; clk_cnt[22]  ; clk_cnt[23]  ; clk          ; clk         ; 0.000        ; 0.036      ; 0.559      ;
; 0.441 ; clk_cnt[16]  ; clk_cnt[18]  ; clk          ; clk         ; 0.000        ; 0.036      ; 0.559      ;
+-------+--------------+--------------+--------------+-------------+--------------+------------+------------+


+-------------------------------------------------------------------------------------------------------------------+
; Fast 1200mV -40C Model Hold: 'clk_1hz'                                                                            ;
+-------+------------------+------------------+--------------+-------------+--------------+------------+------------+
; Slack ; From Node        ; To Node          ; Launch Clock ; Latch Clock ; Relationship ; Clock Skew ; Data Delay ;
+-------+------------------+------------------+--------------+-------------+--------------+------------+------------+
; 0.197 ; state.S_A_STR_G  ; state.S_A_STR_Y  ; clk_1hz      ; clk_1hz     ; 0.000        ; 0.036      ; 0.315      ;
; 0.198 ; state.S_B_LEFT_Y ; state.S_A_STR_G  ; clk_1hz      ; clk_1hz     ; 0.000        ; 0.036      ; 0.316      ;
; 0.267 ; state.S_B_LEFT_G ; state.S_B_LEFT_Y ; clk_1hz      ; clk_1hz     ; 0.000        ; 0.036      ; 0.385      ;
; 0.268 ; state.S_B_STR_Y  ; state.S_B_LEFT_G ; clk_1hz      ; clk_1hz     ; 0.000        ; 0.036      ; 0.386      ;
; 0.274 ; state.S_A_LEFT_Y ; state.S_B_STR_G  ; clk_1hz      ; clk_1hz     ; 0.000        ; 0.036      ; 0.392      ;
; 0.303 ; cnt_time[3]      ; cnt_time[4]      ; clk_1hz      ; clk_1hz     ; 0.000        ; 0.035      ; 0.420      ;
; 0.311 ; state.S_A_STR_Y  ; cnt_time[0]      ; clk_1hz      ; clk_1hz     ; 0.000        ; 0.036      ; 0.429      ;
; 0.324 ; cnt_time[3]      ; cnt_time[5]      ; clk_1hz      ; clk_1hz     ; 0.000        ; 0.035      ; 0.441      ;
; 0.328 ; cnt_time[3]      ; cnt_time[6]      ; clk_1hz      ; clk_1hz     ; 0.000        ; 0.035      ; 0.445      ;
; 0.328 ; cnt_time[3]      ; cnt_time[7]      ; clk_1hz      ; clk_1hz     ; 0.000        ; 0.035      ; 0.445      ;
; 0.344 ; cnt_time[7]      ; cnt_time[7]      ; clk_1hz      ; clk_1hz     ; 0.000        ; 0.035      ; 0.461      ;
; 0.346 ; state.S_A_STR_Y  ; state.S_A_LEFT_G ; clk_1hz      ; clk_1hz     ; 0.000        ; 0.036      ; 0.464      ;
; 0.360 ; state.S_A_LEFT_Y ; cnt_time[2]      ; clk_1hz      ; clk_1hz     ; 0.000        ; 0.036      ; 0.478      ;
; 0.366 ; state.S_B_STR_Y  ; cnt_time[1]      ; clk_1hz      ; clk_1hz     ; 0.000        ; 0.036      ; 0.484      ;
; 0.372 ; state.S_A_STR_Y  ; cnt_time[1]      ; clk_1hz      ; clk_1hz     ; 0.000        ; 0.036      ; 0.490      ;
; 0.374 ; state.S_B_LEFT_Y ; cnt_time[2]      ; clk_1hz      ; clk_1hz     ; 0.000        ; 0.036      ; 0.492      ;
; 0.419 ; state.S_A_LEFT_G ; state.S_A_LEFT_Y ; clk_1hz      ; clk_1hz     ; 0.000        ; 0.036      ; 0.537      ;
; 0.435 ; cnt_time[5]      ; cnt_time[5]      ; clk_1hz      ; clk_1hz     ; 0.000        ; 0.035      ; 0.552      ;
; 0.437 ; state.S_B_STR_G  ; state.S_B_STR_Y  ; clk_1hz      ; clk_1hz     ; 0.000        ; 0.036      ; 0.555      ;
; 0.446 ; cnt_time[6]      ; cnt_time[6]      ; clk_1hz      ; clk_1hz     ; 0.000        ; 0.035      ; 0.563      ;
; 0.450 ; cnt_time[2]      ; cnt_time[2]      ; clk_1hz      ; clk_1hz     ; 0.000        ; 0.035      ; 0.567      ;
; 0.457 ; cnt_time[3]      ; cnt_time[3]      ; clk_1hz      ; clk_1hz     ; 0.000        ; 0.035      ; 0.574      ;
; 0.469 ; state.S_B_STR_Y  ; cnt_time[0]      ; clk_1hz      ; clk_1hz     ; 0.000        ; 0.036      ; 0.587      ;
; 0.501 ; cnt_time[4]      ; cnt_time[4]      ; clk_1hz      ; clk_1hz     ; 0.000        ; 0.035      ; 0.618      ;
; 0.560 ; state.S_B_LEFT_G ; cnt_time[3]      ; clk_1hz      ; clk_1hz     ; 0.000        ; 0.036      ; 0.678      ;
; 0.563 ; cnt_time[0]      ; cnt_time[0]      ; clk_1hz      ; clk_1hz     ; 0.000        ; 0.035      ; 0.680      ;
; 0.578 ; cnt_time[5]      ; cnt_time[6]      ; clk_1hz      ; clk_1hz     ; 0.000        ; 0.035      ; 0.695      ;
; 0.582 ; cnt_time[6]      ; cnt_time[1]      ; clk_1hz      ; clk_1hz     ; 0.000        ; 0.035      ; 0.699      ;
; 0.593 ; cnt_time[2]      ; cnt_time[3]      ; clk_1hz      ; clk_1hz     ; 0.000        ; 0.035      ; 0.710      ;
; 0.600 ; cnt_time[4]      ; cnt_time[5]      ; clk_1hz      ; clk_1hz     ; 0.000        ; 0.035      ; 0.717      ;
; 0.601 ; cnt_time[6]      ; cnt_time[7]      ; clk_1hz      ; clk_1hz     ; 0.000        ; 0.035      ; 0.718      ;
; 0.602 ; cnt_time[4]      ; cnt_time[6]      ; clk_1hz      ; clk_1hz     ; 0.000        ; 0.035      ; 0.719      ;
; 0.611 ; cnt_time[2]      ; cnt_time[4]      ; clk_1hz      ; clk_1hz     ; 0.000        ; 0.035      ; 0.728      ;
; 0.612 ; state.S_B_STR_G  ; cnt_time[3]      ; clk_1hz      ; clk_1hz     ; 0.000        ; 0.036      ; 0.730      ;
; 0.623 ; cnt_time[4]      ; cnt_time[1]      ; clk_1hz      ; clk_1hz     ; 0.000        ; 0.035      ; 0.740      ;
; 0.623 ; cnt_time[1]      ; cnt_time[4]      ; clk_1hz      ; clk_1hz     ; 0.000        ; 0.036      ; 0.741      ;
; 0.627 ; cnt_time[2]      ; cnt_time[6]      ; clk_1hz      ; clk_1hz     ; 0.000        ; 0.035      ; 0.744      ;
; 0.627 ; cnt_time[2]      ; cnt_time[7]      ; clk_1hz      ; clk_1hz     ; 0.000        ; 0.035      ; 0.744      ;
; 0.631 ; cnt_time[2]      ; cnt_time[5]      ; clk_1hz      ; clk_1hz     ; 0.000        ; 0.035      ; 0.748      ;
; 0.631 ; cnt_time[1]      ; cnt_time[1]      ; clk_1hz      ; clk_1hz     ; 0.000        ; 0.036      ; 0.749      ;
; 0.637 ; state.S_A_STR_G  ; cnt_time[3]      ; clk_1hz      ; clk_1hz     ; 0.000        ; 0.036      ; 0.755      ;
; 0.637 ; cnt_time[5]      ; cnt_time[7]      ; clk_1hz      ; clk_1hz     ; 0.000        ; 0.035      ; 0.754      ;
; 0.639 ; cnt_time[1]      ; cnt_time[6]      ; clk_1hz      ; clk_1hz     ; 0.000        ; 0.036      ; 0.757      ;
; 0.639 ; cnt_time[1]      ; cnt_time[7]      ; clk_1hz      ; clk_1hz     ; 0.000        ; 0.036      ; 0.757      ;
; 0.643 ; cnt_time[1]      ; cnt_time[5]      ; clk_1hz      ; clk_1hz     ; 0.000        ; 0.036      ; 0.761      ;
; 0.650 ; cnt_time[0]      ; cnt_time[2]      ; clk_1hz      ; clk_1hz     ; 0.000        ; 0.035      ; 0.767      ;
; 0.652 ; cnt_time[0]      ; cnt_time[3]      ; clk_1hz      ; clk_1hz     ; 0.000        ; 0.035      ; 0.769      ;
; 0.652 ; cnt_time[0]      ; cnt_time[1]      ; clk_1hz      ; clk_1hz     ; 0.000        ; 0.035      ; 0.769      ;
; 0.658 ; cnt_time[6]      ; cnt_time[0]      ; clk_1hz      ; clk_1hz     ; 0.000        ; 0.035      ; 0.775      ;
; 0.661 ; cnt_time[4]      ; cnt_time[7]      ; clk_1hz      ; clk_1hz     ; 0.000        ; 0.035      ; 0.778      ;
; 0.663 ; cnt_time[7]      ; cnt_time[4]      ; clk_1hz      ; clk_1hz     ; 0.000        ; 0.035      ; 0.780      ;
; 0.664 ; cnt_time[1]      ; cnt_time[2]      ; clk_1hz      ; clk_1hz     ; 0.000        ; 0.036      ; 0.782      ;
; 0.666 ; cnt_time[1]      ; cnt_time[3]      ; clk_1hz      ; clk_1hz     ; 0.000        ; 0.036      ; 0.784      ;
; 0.673 ; cnt_time[5]      ; cnt_time[4]      ; clk_1hz      ; clk_1hz     ; 0.000        ; 0.035      ; 0.790      ;
; 0.680 ; cnt_time[3]      ; cnt_time[1]      ; clk_1hz      ; clk_1hz     ; 0.000        ; 0.035      ; 0.797      ;
; 0.682 ; cnt_time[5]      ; cnt_time[1]      ; clk_1hz      ; clk_1hz     ; 0.000        ; 0.035      ; 0.799      ;
; 0.698 ; cnt_time[6]      ; cnt_time[4]      ; clk_1hz      ; clk_1hz     ; 0.000        ; 0.035      ; 0.815      ;
; 0.699 ; cnt_time[4]      ; cnt_time[0]      ; clk_1hz      ; clk_1hz     ; 0.000        ; 0.035      ; 0.816      ;
; 0.701 ; cnt_time[1]      ; cnt_time[0]      ; clk_1hz      ; clk_1hz     ; 0.000        ; 0.036      ; 0.819      ;
; 0.702 ; cnt_time[0]      ; cnt_time[4]      ; clk_1hz      ; clk_1hz     ; 0.000        ; 0.035      ; 0.819      ;
; 0.708 ; cnt_time[0]      ; cnt_time[5]      ; clk_1hz      ; clk_1hz     ; 0.000        ; 0.035      ; 0.825      ;
; 0.711 ; cnt_time[2]      ; cnt_time[1]      ; clk_1hz      ; clk_1hz     ; 0.000        ; 0.035      ; 0.828      ;
; 0.718 ; cnt_time[0]      ; cnt_time[6]      ; clk_1hz      ; clk_1hz     ; 0.000        ; 0.035      ; 0.835      ;
; 0.718 ; cnt_time[0]      ; cnt_time[7]      ; clk_1hz      ; clk_1hz     ; 0.000        ; 0.035      ; 0.835      ;
; 0.750 ; cnt_time[3]      ; cnt_time[0]      ; clk_1hz      ; clk_1hz     ; 0.000        ; 0.035      ; 0.867      ;
; 0.758 ; cnt_time[5]      ; cnt_time[0]      ; clk_1hz      ; clk_1hz     ; 0.000        ; 0.035      ; 0.875      ;
; 0.781 ; cnt_time[2]      ; cnt_time[0]      ; clk_1hz      ; clk_1hz     ; 0.000        ; 0.035      ; 0.898      ;
; 0.790 ; cnt_time[7]      ; cnt_time[1]      ; clk_1hz      ; clk_1hz     ; 0.000        ; 0.035      ; 0.907      ;
; 0.795 ; cnt_time[6]      ; cnt_time[2]      ; clk_1hz      ; clk_1hz     ; 0.000        ; 0.035      ; 0.912      ;
; 0.796 ; cnt_time[6]      ; cnt_time[3]      ; clk_1hz      ; clk_1hz     ; 0.000        ; 0.035      ; 0.913      ;
; 0.811 ; cnt_time[7]      ; cnt_time[5]      ; clk_1hz      ; clk_1hz     ; 0.000        ; 0.035      ; 0.928      ;
; 0.815 ; cnt_time[7]      ; cnt_time[6]      ; clk_1hz      ; clk_1hz     ; 0.000        ; 0.035      ; 0.932      ;
; 0.836 ; cnt_time[4]      ; cnt_time[2]      ; clk_1hz      ; clk_1hz     ; 0.000        ; 0.035      ; 0.953      ;
; 0.837 ; cnt_time[4]      ; cnt_time[3]      ; clk_1hz      ; clk_1hz     ; 0.000        ; 0.035      ; 0.954      ;
; 0.846 ; cnt_time[6]      ; state.S_A_STR_G  ; clk_1hz      ; clk_1hz     ; 0.000        ; 0.035      ; 0.963      ;
; 0.846 ; cnt_time[6]      ; state.S_B_LEFT_Y ; clk_1hz      ; clk_1hz     ; 0.000        ; 0.035      ; 0.963      ;
; 0.846 ; cnt_time[6]      ; state.S_B_LEFT_G ; clk_1hz      ; clk_1hz     ; 0.000        ; 0.035      ; 0.963      ;
; 0.846 ; cnt_time[6]      ; state.S_B_STR_Y  ; clk_1hz      ; clk_1hz     ; 0.000        ; 0.035      ; 0.963      ;
; 0.846 ; cnt_time[6]      ; state.S_B_STR_G  ; clk_1hz      ; clk_1hz     ; 0.000        ; 0.035      ; 0.963      ;
; 0.846 ; cnt_time[6]      ; state.S_A_LEFT_Y ; clk_1hz      ; clk_1hz     ; 0.000        ; 0.035      ; 0.963      ;
; 0.846 ; cnt_time[6]      ; state.S_A_LEFT_G ; clk_1hz      ; clk_1hz     ; 0.000        ; 0.035      ; 0.963      ;
; 0.846 ; cnt_time[6]      ; state.S_A_STR_Y  ; clk_1hz      ; clk_1hz     ; 0.000        ; 0.035      ; 0.963      ;
; 0.846 ; cnt_time[6]      ; cnt_time[5]      ; clk_1hz      ; clk_1hz     ; 0.000        ; 0.035      ; 0.963      ;
; 0.866 ; cnt_time[7]      ; cnt_time[0]      ; clk_1hz      ; clk_1hz     ; 0.000        ; 0.035      ; 0.983      ;
; 0.885 ; state.S_A_LEFT_G ; cnt_time[3]      ; clk_1hz      ; clk_1hz     ; 0.000        ; 0.036      ; 1.003      ;
; 0.887 ; cnt_time[4]      ; state.S_A_STR_G  ; clk_1hz      ; clk_1hz     ; 0.000        ; 0.035      ; 1.004      ;
; 0.887 ; cnt_time[4]      ; state.S_B_LEFT_Y ; clk_1hz      ; clk_1hz     ; 0.000        ; 0.035      ; 1.004      ;
; 0.887 ; cnt_time[4]      ; state.S_B_LEFT_G ; clk_1hz      ; clk_1hz     ; 0.000        ; 0.035      ; 1.004      ;
; 0.887 ; cnt_time[4]      ; state.S_B_STR_Y  ; clk_1hz      ; clk_1hz     ; 0.000        ; 0.035      ; 1.004      ;
; 0.887 ; cnt_time[4]      ; state.S_B_STR_G  ; clk_1hz      ; clk_1hz     ; 0.000        ; 0.035      ; 1.004      ;
; 0.887 ; cnt_time[4]      ; state.S_A_LEFT_Y ; clk_1hz      ; clk_1hz     ; 0.000        ; 0.035      ; 1.004      ;
; 0.887 ; cnt_time[4]      ; state.S_A_LEFT_G ; clk_1hz      ; clk_1hz     ; 0.000        ; 0.035      ; 1.004      ;
; 0.887 ; cnt_time[4]      ; state.S_A_STR_Y  ; clk_1hz      ; clk_1hz     ; 0.000        ; 0.035      ; 1.004      ;
; 0.891 ; cnt_time[3]      ; cnt_time[2]      ; clk_1hz      ; clk_1hz     ; 0.000        ; 0.035      ; 1.008      ;
; 0.895 ; cnt_time[5]      ; cnt_time[2]      ; clk_1hz      ; clk_1hz     ; 0.000        ; 0.035      ; 1.012      ;
; 0.896 ; cnt_time[5]      ; cnt_time[3]      ; clk_1hz      ; clk_1hz     ; 0.000        ; 0.035      ; 1.013      ;
; 0.907 ; cnt_time[1]      ; state.S_A_STR_G  ; clk_1hz      ; clk_1hz     ; 0.000        ; 0.036      ; 1.025      ;
; 0.907 ; cnt_time[1]      ; state.S_B_LEFT_Y ; clk_1hz      ; clk_1hz     ; 0.000        ; 0.036      ; 1.025      ;
; 0.907 ; cnt_time[1]      ; state.S_B_LEFT_G ; clk_1hz      ; clk_1hz     ; 0.000        ; 0.036      ; 1.025      ;
; 0.907 ; cnt_time[1]      ; state.S_B_STR_Y  ; clk_1hz      ; clk_1hz     ; 0.000        ; 0.036      ; 1.025      ;
+-------+------------------+------------------+--------------+-------------+--------------+------------+------------+


------------------------------------------------
; Fast 1200mV -40C Model Metastability Summary ;
------------------------------------------------
No synchronizer chains to report.


+--------------------------------------------------------------------------------+
; Multicorner Timing Analysis Summary                                            ;
+------------------+----------+-------+----------+---------+---------------------+
; Clock            ; Setup    ; Hold  ; Recovery ; Removal ; Minimum Pulse Width ;
+------------------+----------+-------+----------+---------+---------------------+
; Worst-case Slack ; -3.987   ; 0.175 ; N/A      ; N/A     ; -3.000              ;
;  clk             ; -3.987   ; 0.175 ; N/A      ; N/A     ; -3.000              ;
;  clk_1hz         ; -1.866   ; 0.197 ; N/A      ; N/A     ; -1.487              ;
; Design-wide TNS  ; -143.699 ; 0.0   ; 0.0      ; 0.0     ; -92.22              ;
;  clk             ; -115.708 ; 0.000 ; N/A      ; N/A     ; -68.428             ;
;  clk_1hz         ; -27.991  ; 0.000 ; N/A      ; N/A     ; -23.792             ;
+------------------+----------+-------+----------+---------+---------------------+


+-------------------------------------------------------------------------------------------------------------------------------------------------------------------------------------------------------------------------------------------------------------------------------------------------------------------------------------------------------------------------------------------------------------------+
; Board Trace Model Assignments                                                                                                                                                                                                                                                                                                                                                                                     ;
+----------------+--------------+-------------------+-------------------------+-------------------------+---------------+---------------------+----------------+------------------+--------+------------------+------------------------+------------------------+--------------+---------------+-----------------+-------+---------------------+--------------------+---------------+-----------------+-------------+
; Pin            ; I/O Standard ; Near Tline Length ; Near Tline L per Length ; Near Tline C per Length ; Near Series R ; Near Differential R ; Near Pull-up R ; Near Pull-down R ; Near C ; Far Tline Length ; Far Tline L per Length ; Far Tline C per Length ; Far Series R ; Far Pull-up R ; Far Pull-down R ; Far C ; Termination Voltage ; Far Differential R ; EBD File Name ; EBD Signal Name ; EBD Far-end ;
+----------------+--------------+-------------------+-------------------------+-------------------------+---------------+---------------------+----------------+------------------+--------+------------------+------------------------+------------------------+--------------+---------------+-----------------+-------+---------------------+--------------------+---------------+-----------------+-------------+
; led_as_right_g ; 2.5 V        ; 0 in              ; 0 H/in                  ; 0 F/in                  ; short         ; -                   ; open           ; open             ; open   ; 0 in             ; 0 H/in                 ; 0 F/in                 ; short        ; open          ; open            ; open  ; 0 V                 ; -                  ; n/a           ; n/a             ; n/a         ;
; led_as_str_y   ; 2.5 V        ; 0 in              ; 0 H/in                  ; 0 F/in                  ; short         ; -                   ; open           ; open             ; open   ; 0 in             ; 0 H/in                 ; 0 F/in                 ; short        ; open          ; open            ; open  ; 0 V                 ; -                  ; n/a           ; n/a             ; n/a         ;
; led_as_str_g   ; 2.5 V        ; 0 in              ; 0 H/in                  ; 0 F/in                  ; short         ; -                   ; open           ; open             ; open   ; 0 in             ; 0 H/in                 ; 0 F/in                 ; short        ; open          ; open            ; open  ; 0 V                 ; -                  ; n/a           ; n/a             ; n/a         ;
; led_as_str_r   ; 2.5 V        ; 0 in              ; 0 H/in                  ; 0 F/in                  ; short         ; -                   ; open           ; open             ; open   ; 0 in             ; 0 H/in                 ; 0 F/in                 ; short        ; open          ; open            ; open  ; 0 V                 ; -                  ; n/a           ; n/a             ; n/a         ;
; led_as_left_g  ; 2.5 V        ; 0 in              ; 0 H/in                  ; 0 F/in                  ; short         ; -                   ; open           ; open             ; open   ; 0 in             ; 0 H/in                 ; 0 F/in                 ; short        ; open          ; open            ; open  ; 0 V                 ; -                  ; n/a           ; n/a             ; n/a         ;
; led_an_right_g ; 2.5 V        ; 0 in              ; 0 H/in                  ; 0 F/in                  ; short         ; -                   ; open           ; open             ; open   ; 0 in             ; 0 H/in                 ; 0 F/in                 ; short        ; open          ; open            ; open  ; 0 V                 ; -                  ; n/a           ; n/a             ; n/a         ;
; led_an_str_y   ; 2.5 V        ; 0 in              ; 0 H/in                  ; 0 F/in                  ; short         ; -                   ; open           ; open             ; open   ; 0 in             ; 0 H/in                 ; 0 F/in                 ; short        ; open          ; open            ; open  ; 0 V                 ; -                  ; n/a           ; n/a             ; n/a         ;
; led_an_str_g   ; 2.5 V        ; 0 in              ; 0 H/in                  ; 0 F/in                  ; short         ; -                   ; open           ; open             ; open   ; 0 in             ; 0 H/in                 ; 0 F/in                 ; short        ; open          ; open            ; open  ; 0 V                 ; -                  ; n/a           ; n/a             ; n/a         ;
; led_an_str_r   ; 2.5 V        ; 0 in              ; 0 H/in                  ; 0 F/in                  ; short         ; -                   ; open           ; open             ; open   ; 0 in             ; 0 H/in                 ; 0 F/in                 ; short        ; open          ; open            ; open  ; 0 V                 ; -                  ; n/a           ; n/a             ; n/a         ;
; led_an_left_g  ; 2.5 V        ; 0 in              ; 0 H/in                  ; 0 F/in                  ; short         ; -                   ; open           ; open             ; open   ; 0 in             ; 0 H/in                 ; 0 F/in                 ; short        ; open          ; open            ; open  ; 0 V                 ; -                  ; n/a           ; n/a             ; n/a         ;
; led_be_right_g ; 2.5 V        ; 0 in              ; 0 H/in                  ; 0 F/in                  ; short         ; -                   ; open           ; open             ; open   ; 0 in             ; 0 H/in                 ; 0 F/in                 ; short        ; open          ; open            ; open  ; 0 V                 ; -                  ; n/a           ; n/a             ; n/a         ;
; led_be_str_y   ; 2.5 V        ; 0 in              ; 0 H/in                  ; 0 F/in                  ; short         ; -                   ; open           ; open             ; open   ; 0 in             ; 0 H/in                 ; 0 F/in                 ; short        ; open          ; open            ; open  ; 0 V                 ; -                  ; n/a           ; n/a             ; n/a         ;
; led_be_str_g   ; 2.5 V        ; 0 in              ; 0 H/in                  ; 0 F/in                  ; short         ; -                   ; open           ; open             ; open   ; 0 in             ; 0 H/in                 ; 0 F/in                 ; short        ; open          ; open            ; open  ; 0 V                 ; -                  ; n/a           ; n/a             ; n/a         ;
; led_be_str_r   ; 2.5 V        ; 0 in              ; 0 H/in                  ; 0 F/in                  ; short         ; -                   ; open           ; open             ; open   ; 0 in             ; 0 H/in                 ; 0 F/in                 ; short        ; open          ; open            ; open  ; 0 V                 ; -                  ; n/a           ; n/a             ; n/a         ;
; led_be_left_g  ; 2.5 V        ; 0 in              ; 0 H/in                  ; 0 F/in                  ; short         ; -                   ; open           ; open             ; open   ; 0 in             ; 0 H/in                 ; 0 F/in                 ; short        ; open          ; open            ; open  ; 0 V                 ; -                  ; n/a           ; n/a             ; n/a         ;
; led_bw_right_g ; 2.5 V        ; 0 in              ; 0 H/in                  ; 0 F/in                  ; short         ; -                   ; open           ; open             ; open   ; 0 in             ; 0 H/in                 ; 0 F/in                 ; short        ; open          ; open            ; open  ; 0 V                 ; -                  ; n/a           ; n/a             ; n/a         ;
; led_bw_str_y   ; 2.5 V        ; 0 in              ; 0 H/in                  ; 0 F/in                  ; short         ; -                   ; open           ; open             ; open   ; 0 in             ; 0 H/in                 ; 0 F/in                 ; short        ; open          ; open            ; open  ; 0 V                 ; -                  ; n/a           ; n/a             ; n/a         ;
; led_bw_str_g   ; 2.5 V        ; 0 in              ; 0 H/in                  ; 0 F/in                  ; short         ; -                   ; open           ; open             ; open   ; 0 in             ; 0 H/in                 ; 0 F/in                 ; short        ; open          ; open            ; open  ; 0 V                 ; -                  ; n/a           ; n/a             ; n/a         ;
; led_bw_str_r   ; 2.5 V        ; 0 in              ; 0 H/in                  ; 0 F/in                  ; short         ; -                   ; open           ; open             ; open   ; 0 in             ; 0 H/in                 ; 0 F/in                 ; short        ; open          ; open            ; open  ; 0 V                 ; -                  ; n/a           ; n/a             ; n/a         ;
; led_bw_left_g  ; 2.5 V        ; 0 in              ; 0 H/in                  ; 0 F/in                  ; short         ; -                   ; open           ; open             ; open   ; 0 in             ; 0 H/in                 ; 0 F/in                 ; short        ; open          ; open            ; open  ; 0 V                 ; -                  ; n/a           ; n/a             ; n/a         ;
; seg_sel[0]     ; 2.5 V        ; 0 in              ; 0 H/in                  ; 0 F/in                  ; short         ; -                   ; open           ; open             ; open   ; 0 in             ; 0 H/in                 ; 0 F/in                 ; short        ; open          ; open            ; open  ; 0 V                 ; -                  ; n/a           ; n/a             ; n/a         ;
; seg_sel[1]     ; 2.5 V        ; 0 in              ; 0 H/in                  ; 0 F/in                  ; short         ; -                   ; open           ; open             ; open   ; 0 in             ; 0 H/in                 ; 0 F/in                 ; short        ; open          ; open            ; open  ; 0 V                 ; -                  ; n/a           ; n/a             ; n/a         ;
; seg_sel[2]     ; 2.5 V        ; 0 in              ; 0 H/in                  ; 0 F/in                  ; short         ; -                   ; open           ; open             ; open   ; 0 in             ; 0 H/in                 ; 0 F/in                 ; short        ; open          ; open            ; open  ; 0 V                 ; -                  ; n/a           ; n/a             ; n/a         ;
; seg_sel[3]     ; 2.5 V        ; 0 in              ; 0 H/in                  ; 0 F/in                  ; short         ; -                   ; open           ; open             ; open   ; 0 in             ; 0 H/in                 ; 0 F/in                 ; short        ; open          ; open            ; open  ; 0 V                 ; -                  ; n/a           ; n/a             ; n/a         ;
; seg_led[0]     ; 2.5 V        ; 0 in              ; 0 H/in                  ; 0 F/in                  ; short         ; -                   ; open           ; open             ; open   ; 0 in             ; 0 H/in                 ; 0 F/in                 ; short        ; open          ; open            ; open  ; 0 V                 ; -                  ; n/a           ; n/a             ; n/a         ;
; seg_led[1]     ; 2.5 V        ; 0 in              ; 0 H/in                  ; 0 F/in                  ; short         ; -                   ; open           ; open             ; open   ; 0 in             ; 0 H/in                 ; 0 F/in                 ; short        ; open          ; open            ; open  ; 0 V                 ; -                  ; n/a           ; n/a             ; n/a         ;
; seg_led[2]     ; 2.5 V        ; 0 in              ; 0 H/in                  ; 0 F/in                  ; short         ; -                   ; open           ; open             ; open   ; 0 in             ; 0 H/in                 ; 0 F/in                 ; short        ; open          ; open            ; open  ; 0 V                 ; -                  ; n/a           ; n/a             ; n/a         ;
; seg_led[3]     ; 2.5 V        ; 0 in              ; 0 H/in                  ; 0 F/in                  ; short         ; -                   ; open           ; open             ; open   ; 0 in             ; 0 H/in                 ; 0 F/in                 ; short        ; open          ; open            ; open  ; 0 V                 ; -                  ; n/a           ; n/a             ; n/a         ;
; seg_led[4]     ; 2.5 V        ; 0 in              ; 0 H/in                  ; 0 F/in                  ; short         ; -                   ; open           ; open             ; open   ; 0 in             ; 0 H/in                 ; 0 F/in                 ; short        ; open          ; open            ; open  ; 0 V                 ; -                  ; n/a           ; n/a             ; n/a         ;
; seg_led[5]     ; 2.5 V        ; 0 in              ; 0 H/in                  ; 0 F/in                  ; short         ; -                   ; open           ; open             ; open   ; 0 in             ; 0 H/in                 ; 0 F/in                 ; short        ; open          ; open            ; open  ; 0 V                 ; -                  ; n/a           ; n/a             ; n/a         ;
; seg_led[6]     ; 2.5 V        ; 0 in              ; 0 H/in                  ; 0 F/in                  ; short         ; -                   ; open           ; open             ; open   ; 0 in             ; 0 H/in                 ; 0 F/in                 ; short        ; open          ; open            ; open  ; 0 V                 ; -                  ; n/a           ; n/a             ; n/a         ;
; seg_led[7]     ; 2.5 V        ; 0 in              ; 0 H/in                  ; 0 F/in                  ; short         ; -                   ; open           ; open             ; open   ; 0 in             ; 0 H/in                 ; 0 F/in                 ; short        ; open          ; open            ; open  ; 0 V                 ; -                  ; n/a           ; n/a             ; n/a         ;
; ~ALTERA_DCLK~  ; 2.5 V        ; 0 in              ; 0 H/in                  ; 0 F/in                  ; short         ; -                   ; open           ; open             ; open   ; 0 in             ; 0 H/in                 ; 0 F/in                 ; short        ; open          ; open            ; open  ; 0 V                 ; -                  ; n/a           ; n/a             ; n/a         ;
; ~ALTERA_nCEO~  ; 2.5 V        ; 0 in              ; 0 H/in                  ; 0 F/in                  ; short         ; -                   ; open           ; open             ; open   ; 0 in             ; 0 H/in                 ; 0 F/in                 ; short        ; open          ; open            ; open  ; 0 V                 ; -                  ; n/a           ; n/a             ; n/a         ;
+----------------+--------------+-------------------+-------------------------+-------------------------+---------------+---------------------+----------------+------------------+--------+------------------+------------------------+------------------------+--------------+---------------+-----------------+-------+---------------------+--------------------+---------------+-----------------+-------------+


+----------------------------------------------------------------------------+
; Input Transition Times                                                     ;
+-------------------------+--------------+-----------------+-----------------+
; Pin                     ; I/O Standard ; 10-90 Rise Time ; 90-10 Fall Time ;
+-------------------------+--------------+-----------------+-----------------+
; rst_n                   ; 2.5 V        ; 2000 ps         ; 2000 ps         ;
; clk                     ; 2.5 V        ; 2000 ps         ; 2000 ps         ;
; ~ALTERA_ASDO_DATA1~     ; 2.5 V        ; 2000 ps         ; 2000 ps         ;
; ~ALTERA_FLASH_nCE_nCSO~ ; 2.5 V        ; 2000 ps         ; 2000 ps         ;
; ~ALTERA_DATA0~          ; 2.5 V        ; 2000 ps         ; 2000 ps         ;
+-------------------------+--------------+-----------------+-----------------+


+---------------------------------------------------------------------------------------------------------------------------------------------------------------------------------------------------------------------------------------------------------------------------------------------------------------------------------------------------------------------------------------------------------------------------------------------------------------------------------------------------------------------------------------------------------------------------------------------------------------------------------------------------------------------------------------------+
; Signal Integrity Metrics (Slow 1200mv n40c Model)                                                                                                                                                                                                                                                                                                                                                                                                                                                                                                                                                                                                                                           ;
+----------------+--------------+---------------------+---------------------+------------------------------+------------------------------+---------------------+---------------------+--------------------------------------+--------------------------------------+-----------------------------+-----------------------------+----------------------------+----------------------------+-----------------------------+-----------------------------+--------------------+--------------------+-------------------------------------+-------------------------------------+----------------------------+----------------------------+---------------------------+---------------------------+
; Pin            ; I/O Standard ; Board Delay on Rise ; Board Delay on Fall ; Steady State Voh at FPGA Pin ; Steady State Vol at FPGA Pin ; Voh Max at FPGA Pin ; Vol Min at FPGA Pin ; Ringback Voltage on Rise at FPGA Pin ; Ringback Voltage on Fall at FPGA Pin ; 10-90 Rise Time at FPGA Pin ; 90-10 Fall Time at FPGA Pin ; Monotonic Rise at FPGA Pin ; Monotonic Fall at FPGA Pin ; Steady State Voh at Far-end ; Steady State Vol at Far-end ; Voh Max at Far-end ; Vol Min at Far-end ; Ringback Voltage on Rise at Far-end ; Ringback Voltage on Fall at Far-end ; 10-90 Rise Time at Far-end ; 90-10 Fall Time at Far-end ; Monotonic Rise at Far-end ; Monotonic Fall at Far-end ;
+----------------+--------------+---------------------+---------------------+------------------------------+------------------------------+---------------------+---------------------+--------------------------------------+--------------------------------------+-----------------------------+-----------------------------+----------------------------+----------------------------+-----------------------------+-----------------------------+--------------------+--------------------+-------------------------------------+-------------------------------------+----------------------------+----------------------------+---------------------------+---------------------------+
; led_as_right_g ; 2.5 V        ; 0 s                 ; 0 s                 ; 2.32 V                       ; 1.87e-09 V                   ; 2.41 V              ; -0.0441 V           ; 0.217 V                              ; 0.126 V                              ; 2.86e-10 s                  ; 3.07e-10 s                  ; Yes                        ; Yes                        ; 2.32 V                      ; 1.87e-09 V                  ; 2.41 V             ; -0.0441 V          ; 0.217 V                             ; 0.126 V                             ; 2.86e-10 s                 ; 3.07e-10 s                 ; Yes                       ; Yes                       ;
; led_as_str_y   ; 2.5 V        ; 0 s                 ; 0 s                 ; 2.32 V                       ; 1.87e-09 V                   ; 2.41 V              ; -0.0441 V           ; 0.217 V                              ; 0.126 V                              ; 2.86e-10 s                  ; 3.07e-10 s                  ; Yes                        ; Yes                        ; 2.32 V                      ; 1.87e-09 V                  ; 2.41 V             ; -0.0441 V          ; 0.217 V                             ; 0.126 V                             ; 2.86e-10 s                 ; 3.07e-10 s                 ; Yes                       ; Yes                       ;
; led_as_str_g   ; 2.5 V        ; 0 s                 ; 0 s                 ; 2.32 V                       ; 1.87e-09 V                   ; 2.41 V              ; -0.0441 V           ; 0.217 V                              ; 0.126 V                              ; 2.86e-10 s                  ; 3.07e-10 s                  ; Yes                        ; Yes                        ; 2.32 V                      ; 1.87e-09 V                  ; 2.41 V             ; -0.0441 V          ; 0.217 V                             ; 0.126 V                             ; 2.86e-10 s                 ; 3.07e-10 s                 ; Yes                       ; Yes                       ;
; led_as_str_r   ; 2.5 V        ; 0 s                 ; 0 s                 ; 2.32 V                       ; 1.87e-09 V                   ; 2.41 V              ; -0.0441 V           ; 0.217 V                              ; 0.126 V                              ; 2.86e-10 s                  ; 3.07e-10 s                  ; Yes                        ; Yes                        ; 2.32 V                      ; 1.87e-09 V                  ; 2.41 V             ; -0.0441 V          ; 0.217 V                             ; 0.126 V                             ; 2.86e-10 s                 ; 3.07e-10 s                 ; Yes                       ; Yes                       ;
; led_as_left_g  ; 2.5 V        ; 0 s                 ; 0 s                 ; 2.32 V                       ; 1.87e-09 V                   ; 2.34 V              ; -0.00659 V          ; 0.213 V                              ; 0.083 V                              ; 2.63e-09 s                  ; 2.52e-09 s                  ; No                         ; Yes                        ; 2.32 V                      ; 1.87e-09 V                  ; 2.34 V             ; -0.00659 V         ; 0.213 V                             ; 0.083 V                             ; 2.63e-09 s                 ; 2.52e-09 s                 ; No                        ; Yes                       ;
; led_an_right_g ; 2.5 V        ; 0 s                 ; 0 s                 ; 2.32 V                       ; 1.87e-09 V                   ; 2.41 V              ; -0.0441 V           ; 0.217 V                              ; 0.126 V                              ; 2.86e-10 s                  ; 3.07e-10 s                  ; Yes                        ; Yes                        ; 2.32 V                      ; 1.87e-09 V                  ; 2.41 V             ; -0.0441 V          ; 0.217 V                             ; 0.126 V                             ; 2.86e-10 s                 ; 3.07e-10 s                 ; Yes                       ; Yes                       ;
; led_an_str_y   ; 2.5 V        ; 0 s                 ; 0 s                 ; 2.32 V                       ; 1.87e-09 V                   ; 2.41 V              ; -0.0441 V           ; 0.217 V                              ; 0.126 V                              ; 2.86e-10 s                  ; 3.07e-10 s                  ; Yes                        ; Yes                        ; 2.32 V                      ; 1.87e-09 V                  ; 2.41 V             ; -0.0441 V          ; 0.217 V                             ; 0.126 V                             ; 2.86e-10 s                 ; 3.07e-10 s                 ; Yes                       ; Yes                       ;
; led_an_str_g   ; 2.5 V        ; 0 s                 ; 0 s                 ; 2.32 V                       ; 1.87e-09 V                   ; 2.41 V              ; -0.0441 V           ; 0.217 V                              ; 0.126 V                              ; 2.86e-10 s                  ; 3.07e-10 s                  ; Yes                        ; Yes                        ; 2.32 V                      ; 1.87e-09 V                  ; 2.41 V             ; -0.0441 V          ; 0.217 V                             ; 0.126 V                             ; 2.86e-10 s                 ; 3.07e-10 s                 ; Yes                       ; Yes                       ;
; led_an_str_r   ; 2.5 V        ; 0 s                 ; 0 s                 ; 2.32 V                       ; 1.87e-09 V                   ; 2.41 V              ; -0.0441 V           ; 0.217 V                              ; 0.126 V                              ; 2.86e-10 s                  ; 3.07e-10 s                  ; Yes                        ; Yes                        ; 2.32 V                      ; 1.87e-09 V                  ; 2.41 V             ; -0.0441 V          ; 0.217 V                             ; 0.126 V                             ; 2.86e-10 s                 ; 3.07e-10 s                 ; Yes                       ; Yes                       ;
; led_an_left_g  ; 2.5 V        ; 0 s                 ; 0 s                 ; 2.32 V                       ; 1.87e-09 V                   ; 2.41 V              ; -0.0441 V           ; 0.217 V                              ; 0.126 V                              ; 2.86e-10 s                  ; 3.07e-10 s                  ; Yes                        ; Yes                        ; 2.32 V                      ; 1.87e-09 V                  ; 2.41 V             ; -0.0441 V          ; 0.217 V                             ; 0.126 V                             ; 2.86e-10 s                 ; 3.07e-10 s                 ; Yes                       ; Yes                       ;
; led_be_right_g ; 2.5 V        ; 0 s                 ; 0 s                 ; 2.32 V                       ; 1.87e-09 V                   ; 2.41 V              ; -0.0441 V           ; 0.217 V                              ; 0.126 V                              ; 2.86e-10 s                  ; 3.07e-10 s                  ; Yes                        ; Yes                        ; 2.32 V                      ; 1.87e-09 V                  ; 2.41 V             ; -0.0441 V          ; 0.217 V                             ; 0.126 V                             ; 2.86e-10 s                 ; 3.07e-10 s                 ; Yes                       ; Yes                       ;
; led_be_str_y   ; 2.5 V        ; 0 s                 ; 0 s                 ; 2.32 V                       ; 1.87e-09 V                   ; 2.41 V              ; -0.0441 V           ; 0.217 V                              ; 0.126 V                              ; 2.86e-10 s                  ; 3.07e-10 s                  ; Yes                        ; Yes                        ; 2.32 V                      ; 1.87e-09 V                  ; 2.41 V             ; -0.0441 V          ; 0.217 V                             ; 0.126 V                             ; 2.86e-10 s                 ; 3.07e-10 s                 ; Yes                       ; Yes                       ;
; led_be_str_g   ; 2.5 V        ; 0 s                 ; 0 s                 ; 2.32 V                       ; 1.87e-09 V                   ; 2.41 V              ; -0.0441 V           ; 0.217 V                              ; 0.126 V                              ; 2.86e-10 s                  ; 3.07e-10 s                  ; Yes                        ; Yes                        ; 2.32 V                      ; 1.87e-09 V                  ; 2.41 V             ; -0.0441 V          ; 0.217 V                             ; 0.126 V                             ; 2.86e-10 s                 ; 3.07e-10 s                 ; Yes                       ; Yes                       ;
; led_be_str_r   ; 2.5 V        ; 0 s                 ; 0 s                 ; 2.32 V                       ; 1.87e-09 V                   ; 2.41 V              ; -0.0441 V           ; 0.217 V                              ; 0.126 V                              ; 2.86e-10 s                  ; 3.07e-10 s                  ; Yes                        ; Yes                        ; 2.32 V                      ; 1.87e-09 V                  ; 2.41 V             ; -0.0441 V          ; 0.217 V                             ; 0.126 V                             ; 2.86e-10 s                 ; 3.07e-10 s                 ; Yes                       ; Yes                       ;
; led_be_left_g  ; 2.5 V        ; 0 s                 ; 0 s                 ; 2.32 V                       ; 1.87e-09 V                   ; 2.41 V              ; -0.0441 V           ; 0.217 V                              ; 0.126 V                              ; 2.86e-10 s                  ; 3.07e-10 s                  ; Yes                        ; Yes                        ; 2.32 V                      ; 1.87e-09 V                  ; 2.41 V             ; -0.0441 V          ; 0.217 V                             ; 0.126 V                             ; 2.86e-10 s                 ; 3.07e-10 s                 ; Yes                       ; Yes                       ;
; led_bw_right_g ; 2.5 V        ; 0 s                 ; 0 s                 ; 2.32 V                       ; 1.87e-09 V                   ; 2.34 V              ; -0.00659 V          ; 0.213 V                              ; 0.083 V                              ; 2.63e-09 s                  ; 2.52e-09 s                  ; No                         ; Yes                        ; 2.32 V                      ; 1.87e-09 V                  ; 2.34 V             ; -0.00659 V         ; 0.213 V                             ; 0.083 V                             ; 2.63e-09 s                 ; 2.52e-09 s                 ; No                        ; Yes                       ;
; led_bw_str_y   ; 2.5 V        ; 0 s                 ; 0 s                 ; 2.32 V                       ; 1.87e-09 V                   ; 2.41 V              ; -0.0441 V           ; 0.217 V                              ; 0.126 V                              ; 2.86e-10 s                  ; 3.07e-10 s                  ; Yes                        ; Yes                        ; 2.32 V                      ; 1.87e-09 V                  ; 2.41 V             ; -0.0441 V          ; 0.217 V                             ; 0.126 V                             ; 2.86e-10 s                 ; 3.07e-10 s                 ; Yes                       ; Yes                       ;
; led_bw_str_g   ; 2.5 V        ; 0 s                 ; 0 s                 ; 2.32 V                       ; 1.87e-09 V                   ; 2.41 V              ; -0.0441 V           ; 0.217 V                              ; 0.126 V                              ; 2.86e-10 s                  ; 3.07e-10 s                  ; Yes                        ; Yes                        ; 2.32 V                      ; 1.87e-09 V                  ; 2.41 V             ; -0.0441 V          ; 0.217 V                             ; 0.126 V                             ; 2.86e-10 s                 ; 3.07e-10 s                 ; Yes                       ; Yes                       ;
; led_bw_str_r   ; 2.5 V        ; 0 s                 ; 0 s                 ; 2.32 V                       ; 1.46e-09 V                   ; 2.37 V              ; -0.0241 V           ; 0.127 V                              ; 0.073 V                              ; 6.7e-10 s                   ; 6.3e-10 s                   ; No                         ; Yes                        ; 2.32 V                      ; 1.46e-09 V                  ; 2.37 V             ; -0.0241 V          ; 0.127 V                             ; 0.073 V                             ; 6.7e-10 s                  ; 6.3e-10 s                  ; No                        ; Yes                       ;
; led_bw_left_g  ; 2.5 V        ; 0 s                 ; 0 s                 ; 2.32 V                       ; 1.87e-09 V                   ; 2.41 V              ; -0.0441 V           ; 0.217 V                              ; 0.126 V                              ; 2.86e-10 s                  ; 3.07e-10 s                  ; Yes                        ; Yes                        ; 2.32 V                      ; 1.87e-09 V                  ; 2.41 V             ; -0.0441 V          ; 0.217 V                             ; 0.126 V                             ; 2.86e-10 s                 ; 3.07e-10 s                 ; Yes                       ; Yes                       ;
; seg_sel[0]     ; 2.5 V        ; 0 s                 ; 0 s                 ; 2.32 V                       ; 1.87e-09 V                   ; 2.41 V              ; -0.0441 V           ; 0.217 V                              ; 0.126 V                              ; 2.86e-10 s                  ; 3.07e-10 s                  ; Yes                        ; Yes                        ; 2.32 V                      ; 1.87e-09 V                  ; 2.41 V             ; -0.0441 V          ; 0.217 V                             ; 0.126 V                             ; 2.86e-10 s                 ; 3.07e-10 s                 ; Yes                       ; Yes                       ;
; seg_sel[1]     ; 2.5 V        ; 0 s                 ; 0 s                 ; 2.32 V                       ; 1.46e-09 V                   ; 2.34 V              ; -0.00645 V          ; 0.188 V                              ; 0.108 V                              ; 2.83e-09 s                  ; 2.65e-09 s                  ; No                         ; Yes                        ; 2.32 V                      ; 1.46e-09 V                  ; 2.34 V             ; -0.00645 V         ; 0.188 V                             ; 0.108 V                             ; 2.83e-09 s                 ; 2.65e-09 s                 ; No                        ; Yes                       ;
; seg_sel[2]     ; 2.5 V        ; 0 s                 ; 0 s                 ; 2.32 V                       ; 1.87e-09 V                   ; 2.41 V              ; -0.0441 V           ; 0.217 V                              ; 0.126 V                              ; 2.86e-10 s                  ; 3.07e-10 s                  ; Yes                        ; Yes                        ; 2.32 V                      ; 1.87e-09 V                  ; 2.41 V             ; -0.0441 V          ; 0.217 V                             ; 0.126 V                             ; 2.86e-10 s                 ; 3.07e-10 s                 ; Yes                       ; Yes                       ;
; seg_sel[3]     ; 2.5 V        ; 0 s                 ; 0 s                 ; 2.32 V                       ; 1.87e-09 V                   ; 2.34 V              ; -0.00659 V          ; 0.213 V                              ; 0.083 V                              ; 2.63e-09 s                  ; 2.52e-09 s                  ; No                         ; Yes                        ; 2.32 V                      ; 1.87e-09 V                  ; 2.34 V             ; -0.00659 V         ; 0.213 V                             ; 0.083 V                             ; 2.63e-09 s                 ; 2.52e-09 s                 ; No                        ; Yes                       ;
; seg_led[0]     ; 2.5 V        ; 0 s                 ; 0 s                 ; 2.32 V                       ; 1.46e-09 V                   ; 2.34 V              ; -0.00645 V          ; 0.188 V                              ; 0.108 V                              ; 2.83e-09 s                  ; 2.65e-09 s                  ; No                         ; Yes                        ; 2.32 V                      ; 1.46e-09 V                  ; 2.34 V             ; -0.00645 V         ; 0.188 V                             ; 0.108 V                             ; 2.83e-09 s                 ; 2.65e-09 s                 ; No                        ; Yes                       ;
; seg_led[1]     ; 2.5 V        ; 0 s                 ; 0 s                 ; 2.32 V                       ; 1.46e-09 V                   ; 2.37 V              ; -0.0241 V           ; 0.127 V                              ; 0.073 V                              ; 6.7e-10 s                   ; 6.3e-10 s                   ; No                         ; Yes                        ; 2.32 V                      ; 1.46e-09 V                  ; 2.37 V             ; -0.0241 V          ; 0.127 V                             ; 0.073 V                             ; 6.7e-10 s                  ; 6.3e-10 s                  ; No                        ; Yes                       ;
; seg_led[2]     ; 2.5 V        ; 0 s                 ; 0 s                 ; 2.32 V                       ; 1.87e-09 V                   ; 2.41 V              ; -0.0441 V           ; 0.217 V                              ; 0.126 V                              ; 2.86e-10 s                  ; 3.07e-10 s                  ; Yes                        ; Yes                        ; 2.32 V                      ; 1.87e-09 V                  ; 2.41 V             ; -0.0441 V          ; 0.217 V                             ; 0.126 V                             ; 2.86e-10 s                 ; 3.07e-10 s                 ; Yes                       ; Yes                       ;
; seg_led[3]     ; 2.5 V        ; 0 s                 ; 0 s                 ; 2.32 V                       ; 1.46e-09 V                   ; 2.37 V              ; -0.0241 V           ; 0.127 V                              ; 0.073 V                              ; 6.7e-10 s                   ; 6.3e-10 s                   ; No                         ; Yes                        ; 2.32 V                      ; 1.46e-09 V                  ; 2.37 V             ; -0.0241 V          ; 0.127 V                             ; 0.073 V                             ; 6.7e-10 s                  ; 6.3e-10 s                  ; No                        ; Yes                       ;
; seg_led[4]     ; 2.5 V        ; 0 s                 ; 0 s                 ; 2.32 V                       ; 1.87e-09 V                   ; 2.41 V              ; -0.0441 V           ; 0.217 V                              ; 0.126 V                              ; 2.86e-10 s                  ; 3.07e-10 s                  ; Yes                        ; Yes                        ; 2.32 V                      ; 1.87e-09 V                  ; 2.41 V             ; -0.0441 V          ; 0.217 V                             ; 0.126 V                             ; 2.86e-10 s                 ; 3.07e-10 s                 ; Yes                       ; Yes                       ;
; seg_led[5]     ; 2.5 V        ; 0 s                 ; 0 s                 ; 2.32 V                       ; 1.46e-09 V                   ; 2.39 V              ; -0.0221 V           ; 0.159 V                              ; 0.03 V                               ; 4.72e-10 s                  ; 4.62e-10 s                  ; Yes                        ; Yes                        ; 2.32 V                      ; 1.46e-09 V                  ; 2.39 V             ; -0.0221 V          ; 0.159 V                             ; 0.03 V                              ; 4.72e-10 s                 ; 4.62e-10 s                 ; Yes                       ; Yes                       ;
; seg_led[6]     ; 2.5 V        ; 0 s                 ; 0 s                 ; 2.32 V                       ; 1.87e-09 V                   ; 2.41 V              ; -0.0441 V           ; 0.217 V                              ; 0.126 V                              ; 2.86e-10 s                  ; 3.07e-10 s                  ; Yes                        ; Yes                        ; 2.32 V                      ; 1.87e-09 V                  ; 2.41 V             ; -0.0441 V          ; 0.217 V                             ; 0.126 V                             ; 2.86e-10 s                 ; 3.07e-10 s                 ; Yes                       ; Yes                       ;
; seg_led[7]     ; 2.5 V        ; 0 s                 ; 0 s                 ; 2.32 V                       ; 1.46e-09 V                   ; 2.37 V              ; -0.0241 V           ; 0.127 V                              ; 0.073 V                              ; 6.7e-10 s                   ; 6.3e-10 s                   ; No                         ; Yes                        ; 2.32 V                      ; 1.46e-09 V                  ; 2.37 V             ; -0.0241 V          ; 0.127 V                             ; 0.073 V                             ; 6.7e-10 s                  ; 6.3e-10 s                  ; No                        ; Yes                       ;
; ~ALTERA_DCLK~  ; 2.5 V        ; 0 s                 ; 0 s                 ; 2.32 V                       ; 1.16e-09 V                   ; 2.39 V              ; -0.0374 V           ; 0.127 V                              ; 0.051 V                              ; 4.57e-10 s                  ; 3.66e-10 s                  ; No                         ; Yes                        ; 2.32 V                      ; 1.16e-09 V                  ; 2.39 V             ; -0.0374 V          ; 0.127 V                             ; 0.051 V                             ; 4.57e-10 s                 ; 3.66e-10 s                 ; No                        ; Yes                       ;
; ~ALTERA_nCEO~  ; 2.5 V        ; 0 s                 ; 0 s                 ; 2.32 V                       ; 1.76e-09 V                   ; 2.38 V              ; -0.00636 V          ; 0.233 V                              ; 0.017 V                              ; 5.26e-10 s                  ; 7.33e-10 s                  ; No                         ; Yes                        ; 2.32 V                      ; 1.76e-09 V                  ; 2.38 V             ; -0.00636 V         ; 0.233 V                             ; 0.017 V                             ; 5.26e-10 s                 ; 7.33e-10 s                 ; No                        ; Yes                       ;
+----------------+--------------+---------------------+---------------------+------------------------------+------------------------------+---------------------+---------------------+--------------------------------------+--------------------------------------+-----------------------------+-----------------------------+----------------------------+----------------------------+-----------------------------+-----------------------------+--------------------+--------------------+-------------------------------------+-------------------------------------+----------------------------+----------------------------+---------------------------+---------------------------+


+---------------------------------------------------------------------------------------------------------------------------------------------------------------------------------------------------------------------------------------------------------------------------------------------------------------------------------------------------------------------------------------------------------------------------------------------------------------------------------------------------------------------------------------------------------------------------------------------------------------------------------------------------------------------------------------------+
; Signal Integrity Metrics (Slow 1200mv 125c Model)                                                                                                                                                                                                                                                                                                                                                                                                                                                                                                                                                                                                                                           ;
+----------------+--------------+---------------------+---------------------+------------------------------+------------------------------+---------------------+---------------------+--------------------------------------+--------------------------------------+-----------------------------+-----------------------------+----------------------------+----------------------------+-----------------------------+-----------------------------+--------------------+--------------------+-------------------------------------+-------------------------------------+----------------------------+----------------------------+---------------------------+---------------------------+
; Pin            ; I/O Standard ; Board Delay on Rise ; Board Delay on Fall ; Steady State Voh at FPGA Pin ; Steady State Vol at FPGA Pin ; Voh Max at FPGA Pin ; Vol Min at FPGA Pin ; Ringback Voltage on Rise at FPGA Pin ; Ringback Voltage on Fall at FPGA Pin ; 10-90 Rise Time at FPGA Pin ; 90-10 Fall Time at FPGA Pin ; Monotonic Rise at FPGA Pin ; Monotonic Fall at FPGA Pin ; Steady State Voh at Far-end ; Steady State Vol at Far-end ; Voh Max at Far-end ; Vol Min at Far-end ; Ringback Voltage on Rise at Far-end ; Ringback Voltage on Fall at Far-end ; 10-90 Rise Time at Far-end ; 90-10 Fall Time at Far-end ; Monotonic Rise at Far-end ; Monotonic Fall at Far-end ;
+----------------+--------------+---------------------+---------------------+------------------------------+------------------------------+---------------------+---------------------+--------------------------------------+--------------------------------------+-----------------------------+-----------------------------+----------------------------+----------------------------+-----------------------------+-----------------------------+--------------------+--------------------+-------------------------------------+-------------------------------------+----------------------------+----------------------------+---------------------------+---------------------------+
; led_as_right_g ; 2.5 V        ; 0 s                 ; 0 s                 ; 2.32 V                       ; 4.38e-06 V                   ; 2.34 V              ; -0.00104 V          ; 0.061 V                              ; 0.002 V                              ; 4.9e-10 s                   ; 5.16e-10 s                  ; Yes                        ; Yes                        ; 2.32 V                      ; 4.38e-06 V                  ; 2.34 V             ; -0.00104 V         ; 0.061 V                             ; 0.002 V                             ; 4.9e-10 s                  ; 5.16e-10 s                 ; Yes                       ; Yes                       ;
; led_as_str_y   ; 2.5 V        ; 0 s                 ; 0 s                 ; 2.32 V                       ; 4.38e-06 V                   ; 2.34 V              ; -0.00104 V          ; 0.061 V                              ; 0.002 V                              ; 4.9e-10 s                   ; 5.16e-10 s                  ; Yes                        ; Yes                        ; 2.32 V                      ; 4.38e-06 V                  ; 2.34 V             ; -0.00104 V         ; 0.061 V                             ; 0.002 V                             ; 4.9e-10 s                  ; 5.16e-10 s                 ; Yes                       ; Yes                       ;
; led_as_str_g   ; 2.5 V        ; 0 s                 ; 0 s                 ; 2.32 V                       ; 4.38e-06 V                   ; 2.34 V              ; -0.00104 V          ; 0.061 V                              ; 0.002 V                              ; 4.9e-10 s                   ; 5.16e-10 s                  ; Yes                        ; Yes                        ; 2.32 V                      ; 4.38e-06 V                  ; 2.34 V             ; -0.00104 V         ; 0.061 V                             ; 0.002 V                             ; 4.9e-10 s                  ; 5.16e-10 s                 ; Yes                       ; Yes                       ;
; led_as_str_r   ; 2.5 V        ; 0 s                 ; 0 s                 ; 2.32 V                       ; 4.38e-06 V                   ; 2.34 V              ; -0.00104 V          ; 0.061 V                              ; 0.002 V                              ; 4.9e-10 s                   ; 5.16e-10 s                  ; Yes                        ; Yes                        ; 2.32 V                      ; 4.38e-06 V                  ; 2.34 V             ; -0.00104 V         ; 0.061 V                             ; 0.002 V                             ; 4.9e-10 s                  ; 5.16e-10 s                 ; Yes                       ; Yes                       ;
; led_as_left_g  ; 2.5 V        ; 0 s                 ; 0 s                 ; 2.32 V                       ; 4.38e-06 V                   ; 2.33 V              ; -0.00195 V          ; 0.095 V                              ; 0.062 V                              ; 3.79e-09 s                  ; 3.69e-09 s                  ; Yes                        ; Yes                        ; 2.32 V                      ; 4.38e-06 V                  ; 2.33 V             ; -0.00195 V         ; 0.095 V                             ; 0.062 V                             ; 3.79e-09 s                 ; 3.69e-09 s                 ; Yes                       ; Yes                       ;
; led_an_right_g ; 2.5 V        ; 0 s                 ; 0 s                 ; 2.32 V                       ; 4.38e-06 V                   ; 2.34 V              ; -0.00104 V          ; 0.061 V                              ; 0.002 V                              ; 4.9e-10 s                   ; 5.16e-10 s                  ; Yes                        ; Yes                        ; 2.32 V                      ; 4.38e-06 V                  ; 2.34 V             ; -0.00104 V         ; 0.061 V                             ; 0.002 V                             ; 4.9e-10 s                  ; 5.16e-10 s                 ; Yes                       ; Yes                       ;
; led_an_str_y   ; 2.5 V        ; 0 s                 ; 0 s                 ; 2.32 V                       ; 4.38e-06 V                   ; 2.34 V              ; -0.00104 V          ; 0.061 V                              ; 0.002 V                              ; 4.9e-10 s                   ; 5.16e-10 s                  ; Yes                        ; Yes                        ; 2.32 V                      ; 4.38e-06 V                  ; 2.34 V             ; -0.00104 V         ; 0.061 V                             ; 0.002 V                             ; 4.9e-10 s                  ; 5.16e-10 s                 ; Yes                       ; Yes                       ;
; led_an_str_g   ; 2.5 V        ; 0 s                 ; 0 s                 ; 2.32 V                       ; 4.38e-06 V                   ; 2.34 V              ; -0.00104 V          ; 0.061 V                              ; 0.002 V                              ; 4.9e-10 s                   ; 5.16e-10 s                  ; Yes                        ; Yes                        ; 2.32 V                      ; 4.38e-06 V                  ; 2.34 V             ; -0.00104 V         ; 0.061 V                             ; 0.002 V                             ; 4.9e-10 s                  ; 5.16e-10 s                 ; Yes                       ; Yes                       ;
; led_an_str_r   ; 2.5 V        ; 0 s                 ; 0 s                 ; 2.32 V                       ; 4.38e-06 V                   ; 2.34 V              ; -0.00104 V          ; 0.061 V                              ; 0.002 V                              ; 4.9e-10 s                   ; 5.16e-10 s                  ; Yes                        ; Yes                        ; 2.32 V                      ; 4.38e-06 V                  ; 2.34 V             ; -0.00104 V         ; 0.061 V                             ; 0.002 V                             ; 4.9e-10 s                  ; 5.16e-10 s                 ; Yes                       ; Yes                       ;
; led_an_left_g  ; 2.5 V        ; 0 s                 ; 0 s                 ; 2.32 V                       ; 4.38e-06 V                   ; 2.34 V              ; -0.00104 V          ; 0.061 V                              ; 0.002 V                              ; 4.9e-10 s                   ; 5.16e-10 s                  ; Yes                        ; Yes                        ; 2.32 V                      ; 4.38e-06 V                  ; 2.34 V             ; -0.00104 V         ; 0.061 V                             ; 0.002 V                             ; 4.9e-10 s                  ; 5.16e-10 s                 ; Yes                       ; Yes                       ;
; led_be_right_g ; 2.5 V        ; 0 s                 ; 0 s                 ; 2.32 V                       ; 4.38e-06 V                   ; 2.34 V              ; -0.00104 V          ; 0.061 V                              ; 0.002 V                              ; 4.9e-10 s                   ; 5.16e-10 s                  ; Yes                        ; Yes                        ; 2.32 V                      ; 4.38e-06 V                  ; 2.34 V             ; -0.00104 V         ; 0.061 V                             ; 0.002 V                             ; 4.9e-10 s                  ; 5.16e-10 s                 ; Yes                       ; Yes                       ;
; led_be_str_y   ; 2.5 V        ; 0 s                 ; 0 s                 ; 2.32 V                       ; 4.38e-06 V                   ; 2.34 V              ; -0.00104 V          ; 0.061 V                              ; 0.002 V                              ; 4.9e-10 s                   ; 5.16e-10 s                  ; Yes                        ; Yes                        ; 2.32 V                      ; 4.38e-06 V                  ; 2.34 V             ; -0.00104 V         ; 0.061 V                             ; 0.002 V                             ; 4.9e-10 s                  ; 5.16e-10 s                 ; Yes                       ; Yes                       ;
; led_be_str_g   ; 2.5 V        ; 0 s                 ; 0 s                 ; 2.32 V                       ; 4.38e-06 V                   ; 2.34 V              ; -0.00104 V          ; 0.061 V                              ; 0.002 V                              ; 4.9e-10 s                   ; 5.16e-10 s                  ; Yes                        ; Yes                        ; 2.32 V                      ; 4.38e-06 V                  ; 2.34 V             ; -0.00104 V         ; 0.061 V                             ; 0.002 V                             ; 4.9e-10 s                  ; 5.16e-10 s                 ; Yes                       ; Yes                       ;
; led_be_str_r   ; 2.5 V        ; 0 s                 ; 0 s                 ; 2.32 V                       ; 4.38e-06 V                   ; 2.34 V              ; -0.00104 V          ; 0.061 V                              ; 0.002 V                              ; 4.9e-10 s                   ; 5.16e-10 s                  ; Yes                        ; Yes                        ; 2.32 V                      ; 4.38e-06 V                  ; 2.34 V             ; -0.00104 V         ; 0.061 V                             ; 0.002 V                             ; 4.9e-10 s                  ; 5.16e-10 s                 ; Yes                       ; Yes                       ;
; led_be_left_g  ; 2.5 V        ; 0 s                 ; 0 s                 ; 2.32 V                       ; 4.38e-06 V                   ; 2.34 V              ; -0.00104 V          ; 0.061 V                              ; 0.002 V                              ; 4.9e-10 s                   ; 5.16e-10 s                  ; Yes                        ; Yes                        ; 2.32 V                      ; 4.38e-06 V                  ; 2.34 V             ; -0.00104 V         ; 0.061 V                             ; 0.002 V                             ; 4.9e-10 s                  ; 5.16e-10 s                 ; Yes                       ; Yes                       ;
; led_bw_right_g ; 2.5 V        ; 0 s                 ; 0 s                 ; 2.32 V                       ; 4.38e-06 V                   ; 2.33 V              ; -0.00195 V          ; 0.095 V                              ; 0.062 V                              ; 3.79e-09 s                  ; 3.69e-09 s                  ; Yes                        ; Yes                        ; 2.32 V                      ; 4.38e-06 V                  ; 2.33 V             ; -0.00195 V         ; 0.095 V                             ; 0.062 V                             ; 3.79e-09 s                 ; 3.69e-09 s                 ; Yes                       ; Yes                       ;
; led_bw_str_y   ; 2.5 V        ; 0 s                 ; 0 s                 ; 2.32 V                       ; 4.38e-06 V                   ; 2.34 V              ; -0.00104 V          ; 0.061 V                              ; 0.002 V                              ; 4.9e-10 s                   ; 5.16e-10 s                  ; Yes                        ; Yes                        ; 2.32 V                      ; 4.38e-06 V                  ; 2.34 V             ; -0.00104 V         ; 0.061 V                             ; 0.002 V                             ; 4.9e-10 s                  ; 5.16e-10 s                 ; Yes                       ; Yes                       ;
; led_bw_str_g   ; 2.5 V        ; 0 s                 ; 0 s                 ; 2.32 V                       ; 4.38e-06 V                   ; 2.34 V              ; -0.00104 V          ; 0.061 V                              ; 0.002 V                              ; 4.9e-10 s                   ; 5.16e-10 s                  ; Yes                        ; Yes                        ; 2.32 V                      ; 4.38e-06 V                  ; 2.34 V             ; -0.00104 V         ; 0.061 V                             ; 0.002 V                             ; 4.9e-10 s                  ; 5.16e-10 s                 ; Yes                       ; Yes                       ;
; led_bw_str_r   ; 2.5 V        ; 0 s                 ; 0 s                 ; 2.32 V                       ; 2.95e-06 V                   ; 2.34 V              ; -0.00547 V          ; 0.078 V                              ; 0.03 V                               ; 9.16e-10 s                  ; 9.07e-10 s                  ; Yes                        ; Yes                        ; 2.32 V                      ; 2.95e-06 V                  ; 2.34 V             ; -0.00547 V         ; 0.078 V                             ; 0.03 V                              ; 9.16e-10 s                 ; 9.07e-10 s                 ; Yes                       ; Yes                       ;
; led_bw_left_g  ; 2.5 V        ; 0 s                 ; 0 s                 ; 2.32 V                       ; 4.38e-06 V                   ; 2.34 V              ; -0.00104 V          ; 0.061 V                              ; 0.002 V                              ; 4.9e-10 s                   ; 5.16e-10 s                  ; Yes                        ; Yes                        ; 2.32 V                      ; 4.38e-06 V                  ; 2.34 V             ; -0.00104 V         ; 0.061 V                             ; 0.002 V                             ; 4.9e-10 s                  ; 5.16e-10 s                 ; Yes                       ; Yes                       ;
; seg_sel[0]     ; 2.5 V        ; 0 s                 ; 0 s                 ; 2.32 V                       ; 4.38e-06 V                   ; 2.34 V              ; -0.00104 V          ; 0.061 V                              ; 0.002 V                              ; 4.9e-10 s                   ; 5.16e-10 s                  ; Yes                        ; Yes                        ; 2.32 V                      ; 4.38e-06 V                  ; 2.34 V             ; -0.00104 V         ; 0.061 V                             ; 0.002 V                             ; 4.9e-10 s                  ; 5.16e-10 s                 ; Yes                       ; Yes                       ;
; seg_sel[1]     ; 2.5 V        ; 0 s                 ; 0 s                 ; 2.32 V                       ; 2.95e-06 V                   ; 2.33 V              ; -0.00175 V          ; 0.079 V                              ; 0.063 V                              ; 3.99e-09 s                  ; 3.89e-09 s                  ; Yes                        ; Yes                        ; 2.32 V                      ; 2.95e-06 V                  ; 2.33 V             ; -0.00175 V         ; 0.079 V                             ; 0.063 V                             ; 3.99e-09 s                 ; 3.89e-09 s                 ; Yes                       ; Yes                       ;
; seg_sel[2]     ; 2.5 V        ; 0 s                 ; 0 s                 ; 2.32 V                       ; 4.38e-06 V                   ; 2.34 V              ; -0.00104 V          ; 0.061 V                              ; 0.002 V                              ; 4.9e-10 s                   ; 5.16e-10 s                  ; Yes                        ; Yes                        ; 2.32 V                      ; 4.38e-06 V                  ; 2.34 V             ; -0.00104 V         ; 0.061 V                             ; 0.002 V                             ; 4.9e-10 s                  ; 5.16e-10 s                 ; Yes                       ; Yes                       ;
; seg_sel[3]     ; 2.5 V        ; 0 s                 ; 0 s                 ; 2.32 V                       ; 4.38e-06 V                   ; 2.33 V              ; -0.00195 V          ; 0.095 V                              ; 0.062 V                              ; 3.79e-09 s                  ; 3.69e-09 s                  ; Yes                        ; Yes                        ; 2.32 V                      ; 4.38e-06 V                  ; 2.33 V             ; -0.00195 V         ; 0.095 V                             ; 0.062 V                             ; 3.79e-09 s                 ; 3.69e-09 s                 ; Yes                       ; Yes                       ;
; seg_led[0]     ; 2.5 V        ; 0 s                 ; 0 s                 ; 2.32 V                       ; 2.95e-06 V                   ; 2.33 V              ; -0.00175 V          ; 0.079 V                              ; 0.063 V                              ; 3.99e-09 s                  ; 3.89e-09 s                  ; Yes                        ; Yes                        ; 2.32 V                      ; 2.95e-06 V                  ; 2.33 V             ; -0.00175 V         ; 0.079 V                             ; 0.063 V                             ; 3.99e-09 s                 ; 3.89e-09 s                 ; Yes                       ; Yes                       ;
; seg_led[1]     ; 2.5 V        ; 0 s                 ; 0 s                 ; 2.32 V                       ; 2.95e-06 V                   ; 2.34 V              ; -0.00547 V          ; 0.078 V                              ; 0.03 V                               ; 9.16e-10 s                  ; 9.07e-10 s                  ; Yes                        ; Yes                        ; 2.32 V                      ; 2.95e-06 V                  ; 2.34 V             ; -0.00547 V         ; 0.078 V                             ; 0.03 V                              ; 9.16e-10 s                 ; 9.07e-10 s                 ; Yes                       ; Yes                       ;
; seg_led[2]     ; 2.5 V        ; 0 s                 ; 0 s                 ; 2.32 V                       ; 4.38e-06 V                   ; 2.34 V              ; -0.00104 V          ; 0.061 V                              ; 0.002 V                              ; 4.9e-10 s                   ; 5.16e-10 s                  ; Yes                        ; Yes                        ; 2.32 V                      ; 4.38e-06 V                  ; 2.34 V             ; -0.00104 V         ; 0.061 V                             ; 0.002 V                             ; 4.9e-10 s                  ; 5.16e-10 s                 ; Yes                       ; Yes                       ;
; seg_led[3]     ; 2.5 V        ; 0 s                 ; 0 s                 ; 2.32 V                       ; 2.95e-06 V                   ; 2.34 V              ; -0.00547 V          ; 0.078 V                              ; 0.03 V                               ; 9.16e-10 s                  ; 9.07e-10 s                  ; Yes                        ; Yes                        ; 2.32 V                      ; 2.95e-06 V                  ; 2.34 V             ; -0.00547 V         ; 0.078 V                             ; 0.03 V                              ; 9.16e-10 s                 ; 9.07e-10 s                 ; Yes                       ; Yes                       ;
; seg_led[4]     ; 2.5 V        ; 0 s                 ; 0 s                 ; 2.32 V                       ; 4.38e-06 V                   ; 2.34 V              ; -0.00104 V          ; 0.061 V                              ; 0.002 V                              ; 4.9e-10 s                   ; 5.16e-10 s                  ; Yes                        ; Yes                        ; 2.32 V                      ; 4.38e-06 V                  ; 2.34 V             ; -0.00104 V         ; 0.061 V                             ; 0.002 V                             ; 4.9e-10 s                  ; 5.16e-10 s                 ; Yes                       ; Yes                       ;
; seg_led[5]     ; 2.5 V        ; 0 s                 ; 0 s                 ; 2.32 V                       ; 2.95e-06 V                   ; 2.34 V              ; -0.00607 V          ; 0.068 V                              ; 0.021 V                              ; 6.93e-10 s                  ; 7.01e-10 s                  ; Yes                        ; Yes                        ; 2.32 V                      ; 2.95e-06 V                  ; 2.34 V             ; -0.00607 V         ; 0.068 V                             ; 0.021 V                             ; 6.93e-10 s                 ; 7.01e-10 s                 ; Yes                       ; Yes                       ;
; seg_led[6]     ; 2.5 V        ; 0 s                 ; 0 s                 ; 2.32 V                       ; 4.38e-06 V                   ; 2.34 V              ; -0.00104 V          ; 0.061 V                              ; 0.002 V                              ; 4.9e-10 s                   ; 5.16e-10 s                  ; Yes                        ; Yes                        ; 2.32 V                      ; 4.38e-06 V                  ; 2.34 V             ; -0.00104 V         ; 0.061 V                             ; 0.002 V                             ; 4.9e-10 s                  ; 5.16e-10 s                 ; Yes                       ; Yes                       ;
; seg_led[7]     ; 2.5 V        ; 0 s                 ; 0 s                 ; 2.32 V                       ; 2.95e-06 V                   ; 2.34 V              ; -0.00547 V          ; 0.078 V                              ; 0.03 V                               ; 9.16e-10 s                  ; 9.07e-10 s                  ; Yes                        ; Yes                        ; 2.32 V                      ; 2.95e-06 V                  ; 2.34 V             ; -0.00547 V         ; 0.078 V                             ; 0.03 V                              ; 9.16e-10 s                 ; 9.07e-10 s                 ; Yes                       ; Yes                       ;
; ~ALTERA_DCLK~  ; 2.5 V        ; 0 s                 ; 0 s                 ; 2.32 V                       ; 2.3e-06 V                    ; 2.34 V              ; -0.0069 V           ; 0.107 V                              ; 0.016 V                              ; 6.58e-10 s                  ; 5.7e-10 s                   ; Yes                        ; Yes                        ; 2.32 V                      ; 2.3e-06 V                   ; 2.34 V             ; -0.0069 V          ; 0.107 V                             ; 0.016 V                             ; 6.58e-10 s                 ; 5.7e-10 s                  ; Yes                       ; Yes                       ;
; ~ALTERA_nCEO~  ; 2.5 V        ; 0 s                 ; 0 s                 ; 2.32 V                       ; 3.82e-06 V                   ; 2.34 V              ; -0.00418 V          ; 0.06 V                               ; 0.025 V                              ; 8.71e-10 s                  ; 1.13e-09 s                  ; Yes                        ; Yes                        ; 2.32 V                      ; 3.82e-06 V                  ; 2.34 V             ; -0.00418 V         ; 0.06 V                              ; 0.025 V                             ; 8.71e-10 s                 ; 1.13e-09 s                 ; Yes                       ; Yes                       ;
+----------------+--------------+---------------------+---------------------+------------------------------+------------------------------+---------------------+---------------------+--------------------------------------+--------------------------------------+-----------------------------+-----------------------------+----------------------------+----------------------------+-----------------------------+-----------------------------+--------------------+--------------------+-------------------------------------+-------------------------------------+----------------------------+----------------------------+---------------------------+---------------------------+


+---------------------------------------------------------------------------------------------------------------------------------------------------------------------------------------------------------------------------------------------------------------------------------------------------------------------------------------------------------------------------------------------------------------------------------------------------------------------------------------------------------------------------------------------------------------------------------------------------------------------------------------------------------------------------------------------+
; Signal Integrity Metrics (Fast 1200mv n40c Model)                                                                                                                                                                                                                                                                                                                                                                                                                                                                                                                                                                                                                                           ;
+----------------+--------------+---------------------+---------------------+------------------------------+------------------------------+---------------------+---------------------+--------------------------------------+--------------------------------------+-----------------------------+-----------------------------+----------------------------+----------------------------+-----------------------------+-----------------------------+--------------------+--------------------+-------------------------------------+-------------------------------------+----------------------------+----------------------------+---------------------------+---------------------------+
; Pin            ; I/O Standard ; Board Delay on Rise ; Board Delay on Fall ; Steady State Voh at FPGA Pin ; Steady State Vol at FPGA Pin ; Voh Max at FPGA Pin ; Vol Min at FPGA Pin ; Ringback Voltage on Rise at FPGA Pin ; Ringback Voltage on Fall at FPGA Pin ; 10-90 Rise Time at FPGA Pin ; 90-10 Fall Time at FPGA Pin ; Monotonic Rise at FPGA Pin ; Monotonic Fall at FPGA Pin ; Steady State Voh at Far-end ; Steady State Vol at Far-end ; Voh Max at Far-end ; Vol Min at Far-end ; Ringback Voltage on Rise at Far-end ; Ringback Voltage on Fall at Far-end ; 10-90 Rise Time at Far-end ; 90-10 Fall Time at Far-end ; Monotonic Rise at Far-end ; Monotonic Fall at Far-end ;
+----------------+--------------+---------------------+---------------------+------------------------------+------------------------------+---------------------+---------------------+--------------------------------------+--------------------------------------+-----------------------------+-----------------------------+----------------------------+----------------------------+-----------------------------+-----------------------------+--------------------+--------------------+-------------------------------------+-------------------------------------+----------------------------+----------------------------+---------------------------+---------------------------+
; led_as_right_g ; 2.5 V        ; 0 s                 ; 0 s                 ; 2.62 V                       ; 3.46e-09 V                   ; 2.76 V              ; -0.079 V            ; 0.178 V                              ; 0.111 V                              ; 2.58e-10 s                  ; 2.54e-10 s                  ; Yes                        ; Yes                        ; 2.62 V                      ; 3.46e-09 V                  ; 2.76 V             ; -0.079 V           ; 0.178 V                             ; 0.111 V                             ; 2.58e-10 s                 ; 2.54e-10 s                 ; Yes                       ; Yes                       ;
; led_as_str_y   ; 2.5 V        ; 0 s                 ; 0 s                 ; 2.62 V                       ; 3.46e-09 V                   ; 2.76 V              ; -0.079 V            ; 0.178 V                              ; 0.111 V                              ; 2.58e-10 s                  ; 2.54e-10 s                  ; Yes                        ; Yes                        ; 2.62 V                      ; 3.46e-09 V                  ; 2.76 V             ; -0.079 V           ; 0.178 V                             ; 0.111 V                             ; 2.58e-10 s                 ; 2.54e-10 s                 ; Yes                       ; Yes                       ;
; led_as_str_g   ; 2.5 V        ; 0 s                 ; 0 s                 ; 2.62 V                       ; 3.46e-09 V                   ; 2.76 V              ; -0.079 V            ; 0.178 V                              ; 0.111 V                              ; 2.58e-10 s                  ; 2.54e-10 s                  ; Yes                        ; Yes                        ; 2.62 V                      ; 3.46e-09 V                  ; 2.76 V             ; -0.079 V           ; 0.178 V                             ; 0.111 V                             ; 2.58e-10 s                 ; 2.54e-10 s                 ; Yes                       ; Yes                       ;
; led_as_str_r   ; 2.5 V        ; 0 s                 ; 0 s                 ; 2.62 V                       ; 3.46e-09 V                   ; 2.76 V              ; -0.079 V            ; 0.178 V                              ; 0.111 V                              ; 2.58e-10 s                  ; 2.54e-10 s                  ; Yes                        ; Yes                        ; 2.62 V                      ; 3.46e-09 V                  ; 2.76 V             ; -0.079 V           ; 0.178 V                             ; 0.111 V                             ; 2.58e-10 s                 ; 2.54e-10 s                 ; Yes                       ; Yes                       ;
; led_as_left_g  ; 2.5 V        ; 0 s                 ; 0 s                 ; 2.62 V                       ; 3.46e-09 V                   ; 2.65 V              ; -0.0145 V           ; 0.213 V                              ; 0.199 V                              ; 2.16e-09 s                  ; 2.07e-09 s                  ; No                         ; Yes                        ; 2.62 V                      ; 3.46e-09 V                  ; 2.65 V             ; -0.0145 V          ; 0.213 V                             ; 0.199 V                             ; 2.16e-09 s                 ; 2.07e-09 s                 ; No                        ; Yes                       ;
; led_an_right_g ; 2.5 V        ; 0 s                 ; 0 s                 ; 2.62 V                       ; 3.46e-09 V                   ; 2.76 V              ; -0.079 V            ; 0.178 V                              ; 0.111 V                              ; 2.58e-10 s                  ; 2.54e-10 s                  ; Yes                        ; Yes                        ; 2.62 V                      ; 3.46e-09 V                  ; 2.76 V             ; -0.079 V           ; 0.178 V                             ; 0.111 V                             ; 2.58e-10 s                 ; 2.54e-10 s                 ; Yes                       ; Yes                       ;
; led_an_str_y   ; 2.5 V        ; 0 s                 ; 0 s                 ; 2.62 V                       ; 3.46e-09 V                   ; 2.76 V              ; -0.079 V            ; 0.178 V                              ; 0.111 V                              ; 2.58e-10 s                  ; 2.54e-10 s                  ; Yes                        ; Yes                        ; 2.62 V                      ; 3.46e-09 V                  ; 2.76 V             ; -0.079 V           ; 0.178 V                             ; 0.111 V                             ; 2.58e-10 s                 ; 2.54e-10 s                 ; Yes                       ; Yes                       ;
; led_an_str_g   ; 2.5 V        ; 0 s                 ; 0 s                 ; 2.62 V                       ; 3.46e-09 V                   ; 2.76 V              ; -0.079 V            ; 0.178 V                              ; 0.111 V                              ; 2.58e-10 s                  ; 2.54e-10 s                  ; Yes                        ; Yes                        ; 2.62 V                      ; 3.46e-09 V                  ; 2.76 V             ; -0.079 V           ; 0.178 V                             ; 0.111 V                             ; 2.58e-10 s                 ; 2.54e-10 s                 ; Yes                       ; Yes                       ;
; led_an_str_r   ; 2.5 V        ; 0 s                 ; 0 s                 ; 2.62 V                       ; 3.46e-09 V                   ; 2.76 V              ; -0.079 V            ; 0.178 V                              ; 0.111 V                              ; 2.58e-10 s                  ; 2.54e-10 s                  ; Yes                        ; Yes                        ; 2.62 V                      ; 3.46e-09 V                  ; 2.76 V             ; -0.079 V           ; 0.178 V                             ; 0.111 V                             ; 2.58e-10 s                 ; 2.54e-10 s                 ; Yes                       ; Yes                       ;
; led_an_left_g  ; 2.5 V        ; 0 s                 ; 0 s                 ; 2.62 V                       ; 3.46e-09 V                   ; 2.76 V              ; -0.079 V            ; 0.178 V                              ; 0.111 V                              ; 2.58e-10 s                  ; 2.54e-10 s                  ; Yes                        ; Yes                        ; 2.62 V                      ; 3.46e-09 V                  ; 2.76 V             ; -0.079 V           ; 0.178 V                             ; 0.111 V                             ; 2.58e-10 s                 ; 2.54e-10 s                 ; Yes                       ; Yes                       ;
; led_be_right_g ; 2.5 V        ; 0 s                 ; 0 s                 ; 2.62 V                       ; 3.46e-09 V                   ; 2.76 V              ; -0.079 V            ; 0.178 V                              ; 0.111 V                              ; 2.58e-10 s                  ; 2.54e-10 s                  ; Yes                        ; Yes                        ; 2.62 V                      ; 3.46e-09 V                  ; 2.76 V             ; -0.079 V           ; 0.178 V                             ; 0.111 V                             ; 2.58e-10 s                 ; 2.54e-10 s                 ; Yes                       ; Yes                       ;
; led_be_str_y   ; 2.5 V        ; 0 s                 ; 0 s                 ; 2.62 V                       ; 3.46e-09 V                   ; 2.76 V              ; -0.079 V            ; 0.178 V                              ; 0.111 V                              ; 2.58e-10 s                  ; 2.54e-10 s                  ; Yes                        ; Yes                        ; 2.62 V                      ; 3.46e-09 V                  ; 2.76 V             ; -0.079 V           ; 0.178 V                             ; 0.111 V                             ; 2.58e-10 s                 ; 2.54e-10 s                 ; Yes                       ; Yes                       ;
; led_be_str_g   ; 2.5 V        ; 0 s                 ; 0 s                 ; 2.62 V                       ; 3.46e-09 V                   ; 2.76 V              ; -0.079 V            ; 0.178 V                              ; 0.111 V                              ; 2.58e-10 s                  ; 2.54e-10 s                  ; Yes                        ; Yes                        ; 2.62 V                      ; 3.46e-09 V                  ; 2.76 V             ; -0.079 V           ; 0.178 V                             ; 0.111 V                             ; 2.58e-10 s                 ; 2.54e-10 s                 ; Yes                       ; Yes                       ;
; led_be_str_r   ; 2.5 V        ; 0 s                 ; 0 s                 ; 2.62 V                       ; 3.46e-09 V                   ; 2.76 V              ; -0.079 V            ; 0.178 V                              ; 0.111 V                              ; 2.58e-10 s                  ; 2.54e-10 s                  ; Yes                        ; Yes                        ; 2.62 V                      ; 3.46e-09 V                  ; 2.76 V             ; -0.079 V           ; 0.178 V                             ; 0.111 V                             ; 2.58e-10 s                 ; 2.54e-10 s                 ; Yes                       ; Yes                       ;
; led_be_left_g  ; 2.5 V        ; 0 s                 ; 0 s                 ; 2.62 V                       ; 3.46e-09 V                   ; 2.76 V              ; -0.079 V            ; 0.178 V                              ; 0.111 V                              ; 2.58e-10 s                  ; 2.54e-10 s                  ; Yes                        ; Yes                        ; 2.62 V                      ; 3.46e-09 V                  ; 2.76 V             ; -0.079 V           ; 0.178 V                             ; 0.111 V                             ; 2.58e-10 s                 ; 2.54e-10 s                 ; Yes                       ; Yes                       ;
; led_bw_right_g ; 2.5 V        ; 0 s                 ; 0 s                 ; 2.62 V                       ; 3.46e-09 V                   ; 2.65 V              ; -0.0145 V           ; 0.213 V                              ; 0.199 V                              ; 2.16e-09 s                  ; 2.07e-09 s                  ; No                         ; Yes                        ; 2.62 V                      ; 3.46e-09 V                  ; 2.65 V             ; -0.0145 V          ; 0.213 V                             ; 0.199 V                             ; 2.16e-09 s                 ; 2.07e-09 s                 ; No                        ; Yes                       ;
; led_bw_str_y   ; 2.5 V        ; 0 s                 ; 0 s                 ; 2.62 V                       ; 3.46e-09 V                   ; 2.76 V              ; -0.079 V            ; 0.178 V                              ; 0.111 V                              ; 2.58e-10 s                  ; 2.54e-10 s                  ; Yes                        ; Yes                        ; 2.62 V                      ; 3.46e-09 V                  ; 2.76 V             ; -0.079 V           ; 0.178 V                             ; 0.111 V                             ; 2.58e-10 s                 ; 2.54e-10 s                 ; Yes                       ; Yes                       ;
; led_bw_str_g   ; 2.5 V        ; 0 s                 ; 0 s                 ; 2.62 V                       ; 3.46e-09 V                   ; 2.76 V              ; -0.079 V            ; 0.178 V                              ; 0.111 V                              ; 2.58e-10 s                  ; 2.54e-10 s                  ; Yes                        ; Yes                        ; 2.62 V                      ; 3.46e-09 V                  ; 2.76 V             ; -0.079 V           ; 0.178 V                             ; 0.111 V                             ; 2.58e-10 s                 ; 2.54e-10 s                 ; Yes                       ; Yes                       ;
; led_bw_str_r   ; 2.5 V        ; 0 s                 ; 0 s                 ; 2.62 V                       ; 2.43e-09 V                   ; 2.73 V              ; -0.043 V            ; 0.216 V                              ; 0.135 V                              ; 4.76e-10 s                  ; 4.78e-10 s                  ; No                         ; Yes                        ; 2.62 V                      ; 2.43e-09 V                  ; 2.73 V             ; -0.043 V           ; 0.216 V                             ; 0.135 V                             ; 4.76e-10 s                 ; 4.78e-10 s                 ; No                        ; Yes                       ;
; led_bw_left_g  ; 2.5 V        ; 0 s                 ; 0 s                 ; 2.62 V                       ; 3.46e-09 V                   ; 2.76 V              ; -0.079 V            ; 0.178 V                              ; 0.111 V                              ; 2.58e-10 s                  ; 2.54e-10 s                  ; Yes                        ; Yes                        ; 2.62 V                      ; 3.46e-09 V                  ; 2.76 V             ; -0.079 V           ; 0.178 V                             ; 0.111 V                             ; 2.58e-10 s                 ; 2.54e-10 s                 ; Yes                       ; Yes                       ;
; seg_sel[0]     ; 2.5 V        ; 0 s                 ; 0 s                 ; 2.62 V                       ; 3.46e-09 V                   ; 2.76 V              ; -0.079 V            ; 0.178 V                              ; 0.111 V                              ; 2.58e-10 s                  ; 2.54e-10 s                  ; Yes                        ; Yes                        ; 2.62 V                      ; 3.46e-09 V                  ; 2.76 V             ; -0.079 V           ; 0.178 V                             ; 0.111 V                             ; 2.58e-10 s                 ; 2.54e-10 s                 ; Yes                       ; Yes                       ;
; seg_sel[1]     ; 2.5 V        ; 0 s                 ; 0 s                 ; 2.62 V                       ; 2.43e-09 V                   ; 2.65 V              ; -0.0136 V           ; 0.244 V                              ; 0.164 V                              ; 2.2e-09 s                   ; 2.13e-09 s                  ; No                         ; Yes                        ; 2.62 V                      ; 2.43e-09 V                  ; 2.65 V             ; -0.0136 V          ; 0.244 V                             ; 0.164 V                             ; 2.2e-09 s                  ; 2.13e-09 s                 ; No                        ; Yes                       ;
; seg_sel[2]     ; 2.5 V        ; 0 s                 ; 0 s                 ; 2.62 V                       ; 3.46e-09 V                   ; 2.76 V              ; -0.079 V            ; 0.178 V                              ; 0.111 V                              ; 2.58e-10 s                  ; 2.54e-10 s                  ; Yes                        ; Yes                        ; 2.62 V                      ; 3.46e-09 V                  ; 2.76 V             ; -0.079 V           ; 0.178 V                             ; 0.111 V                             ; 2.58e-10 s                 ; 2.54e-10 s                 ; Yes                       ; Yes                       ;
; seg_sel[3]     ; 2.5 V        ; 0 s                 ; 0 s                 ; 2.62 V                       ; 3.46e-09 V                   ; 2.65 V              ; -0.0145 V           ; 0.213 V                              ; 0.199 V                              ; 2.16e-09 s                  ; 2.07e-09 s                  ; No                         ; Yes                        ; 2.62 V                      ; 3.46e-09 V                  ; 2.65 V             ; -0.0145 V          ; 0.213 V                             ; 0.199 V                             ; 2.16e-09 s                 ; 2.07e-09 s                 ; No                        ; Yes                       ;
; seg_led[0]     ; 2.5 V        ; 0 s                 ; 0 s                 ; 2.62 V                       ; 2.43e-09 V                   ; 2.65 V              ; -0.0136 V           ; 0.244 V                              ; 0.164 V                              ; 2.2e-09 s                   ; 2.13e-09 s                  ; No                         ; Yes                        ; 2.62 V                      ; 2.43e-09 V                  ; 2.65 V             ; -0.0136 V          ; 0.244 V                             ; 0.164 V                             ; 2.2e-09 s                  ; 2.13e-09 s                 ; No                        ; Yes                       ;
; seg_led[1]     ; 2.5 V        ; 0 s                 ; 0 s                 ; 2.62 V                       ; 2.43e-09 V                   ; 2.73 V              ; -0.043 V            ; 0.216 V                              ; 0.135 V                              ; 4.76e-10 s                  ; 4.78e-10 s                  ; No                         ; Yes                        ; 2.62 V                      ; 2.43e-09 V                  ; 2.73 V             ; -0.043 V           ; 0.216 V                             ; 0.135 V                             ; 4.76e-10 s                 ; 4.78e-10 s                 ; No                        ; Yes                       ;
; seg_led[2]     ; 2.5 V        ; 0 s                 ; 0 s                 ; 2.62 V                       ; 3.46e-09 V                   ; 2.76 V              ; -0.079 V            ; 0.178 V                              ; 0.111 V                              ; 2.58e-10 s                  ; 2.54e-10 s                  ; Yes                        ; Yes                        ; 2.62 V                      ; 3.46e-09 V                  ; 2.76 V             ; -0.079 V           ; 0.178 V                             ; 0.111 V                             ; 2.58e-10 s                 ; 2.54e-10 s                 ; Yes                       ; Yes                       ;
; seg_led[3]     ; 2.5 V        ; 0 s                 ; 0 s                 ; 2.62 V                       ; 2.43e-09 V                   ; 2.73 V              ; -0.043 V            ; 0.216 V                              ; 0.135 V                              ; 4.76e-10 s                  ; 4.78e-10 s                  ; No                         ; Yes                        ; 2.62 V                      ; 2.43e-09 V                  ; 2.73 V             ; -0.043 V           ; 0.216 V                             ; 0.135 V                             ; 4.76e-10 s                 ; 4.78e-10 s                 ; No                        ; Yes                       ;
; seg_led[4]     ; 2.5 V        ; 0 s                 ; 0 s                 ; 2.62 V                       ; 3.46e-09 V                   ; 2.76 V              ; -0.079 V            ; 0.178 V                              ; 0.111 V                              ; 2.58e-10 s                  ; 2.54e-10 s                  ; Yes                        ; Yes                        ; 2.62 V                      ; 3.46e-09 V                  ; 2.76 V             ; -0.079 V           ; 0.178 V                             ; 0.111 V                             ; 2.58e-10 s                 ; 2.54e-10 s                 ; Yes                       ; Yes                       ;
; seg_led[5]     ; 2.5 V        ; 0 s                 ; 0 s                 ; 2.62 V                       ; 2.43e-09 V                   ; 2.74 V              ; -0.0602 V           ; 0.305 V                              ; 0.08 V                               ; 2.97e-10 s                  ; 3.46e-10 s                  ; No                         ; Yes                        ; 2.62 V                      ; 2.43e-09 V                  ; 2.74 V             ; -0.0602 V          ; 0.305 V                             ; 0.08 V                              ; 2.97e-10 s                 ; 3.46e-10 s                 ; No                        ; Yes                       ;
; seg_led[6]     ; 2.5 V        ; 0 s                 ; 0 s                 ; 2.62 V                       ; 3.46e-09 V                   ; 2.76 V              ; -0.079 V            ; 0.178 V                              ; 0.111 V                              ; 2.58e-10 s                  ; 2.54e-10 s                  ; Yes                        ; Yes                        ; 2.62 V                      ; 3.46e-09 V                  ; 2.76 V             ; -0.079 V           ; 0.178 V                             ; 0.111 V                             ; 2.58e-10 s                 ; 2.54e-10 s                 ; Yes                       ; Yes                       ;
; seg_led[7]     ; 2.5 V        ; 0 s                 ; 0 s                 ; 2.62 V                       ; 2.43e-09 V                   ; 2.73 V              ; -0.043 V            ; 0.216 V                              ; 0.135 V                              ; 4.76e-10 s                  ; 4.78e-10 s                  ; No                         ; Yes                        ; 2.62 V                      ; 2.43e-09 V                  ; 2.73 V             ; -0.043 V           ; 0.216 V                             ; 0.135 V                             ; 4.76e-10 s                 ; 4.78e-10 s                 ; No                        ; Yes                       ;
; ~ALTERA_DCLK~  ; 2.5 V        ; 0 s                 ; 0 s                 ; 2.62 V                       ; 2e-09 V                      ; 2.74 V              ; -0.103 V            ; 0.233 V                              ; 0.159 V                              ; 2.85e-10 s                  ; 2.77e-10 s                  ; Yes                        ; Yes                        ; 2.62 V                      ; 2e-09 V                     ; 2.74 V             ; -0.103 V           ; 0.233 V                             ; 0.159 V                             ; 2.85e-10 s                 ; 2.77e-10 s                 ; Yes                       ; Yes                       ;
; ~ALTERA_nCEO~  ; 2.5 V        ; 0 s                 ; 0 s                 ; 2.62 V                       ; 3.09e-09 V                   ; 2.72 V              ; -0.0273 V           ; 0.18 V                               ; 0.08 V                               ; 4.67e-10 s                  ; 6.1e-10 s                   ; No                         ; Yes                        ; 2.62 V                      ; 3.09e-09 V                  ; 2.72 V             ; -0.0273 V          ; 0.18 V                              ; 0.08 V                              ; 4.67e-10 s                 ; 6.1e-10 s                  ; No                        ; Yes                       ;
+----------------+--------------+---------------------+---------------------+------------------------------+------------------------------+---------------------+---------------------+--------------------------------------+--------------------------------------+-----------------------------+-----------------------------+----------------------------+----------------------------+-----------------------------+-----------------------------+--------------------+--------------------+-------------------------------------+-------------------------------------+----------------------------+----------------------------+---------------------------+---------------------------+


+-------------------------------------------------------------------+
; Setup Transfers                                                   ;
+------------+----------+----------+----------+----------+----------+
; From Clock ; To Clock ; RR Paths ; FR Paths ; RF Paths ; FF Paths ;
+------------+----------+----------+----------+----------+----------+
; clk        ; clk      ; 1190     ; 0        ; 0        ; 0        ;
; clk_1hz    ; clk      ; 1        ; 1        ; 0        ; 0        ;
; clk_1hz    ; clk_1hz  ; 182      ; 0        ; 0        ; 0        ;
+------------+----------+----------+----------+----------+----------+
Entries labeled "false path" only account for clock-to-clock false paths and not path-based false paths. As a result, actual path counts may be lower than reported.


+-------------------------------------------------------------------+
; Hold Transfers                                                    ;
+------------+----------+----------+----------+----------+----------+
; From Clock ; To Clock ; RR Paths ; FR Paths ; RF Paths ; FF Paths ;
+------------+----------+----------+----------+----------+----------+
; clk        ; clk      ; 1190     ; 0        ; 0        ; 0        ;
; clk_1hz    ; clk      ; 1        ; 1        ; 0        ; 0        ;
; clk_1hz    ; clk_1hz  ; 182      ; 0        ; 0        ; 0        ;
+------------+----------+----------+----------+----------+----------+
Entries labeled "false path" only account for clock-to-clock false paths and not path-based false paths. As a result, actual path counts may be lower than reported.


---------------
; Report TCCS ;
---------------
No dedicated SERDES Transmitter circuitry present in device or used in design


---------------
; Report RSKM ;
---------------
No non-DPA dedicated SERDES Receiver circuitry present in device or used in design


+------------------------------------------------+
; Unconstrained Paths Summary                    ;
+---------------------------------+-------+------+
; Property                        ; Setup ; Hold ;
+---------------------------------+-------+------+
; Illegal Clocks                  ; 0     ; 0    ;
; Unconstrained Clocks            ; 0     ; 0    ;
; Unconstrained Input Ports       ; 1     ; 1    ;
; Unconstrained Input Port Paths  ; 43    ; 43   ;
; Unconstrained Output Ports      ; 31    ; 31   ;
; Unconstrained Output Port Paths ; 183   ; 183  ;
+---------------------------------+-------+------+


+----------------------------------------+
; Clock Status Summary                   ;
+---------+---------+------+-------------+
; Target  ; Clock   ; Type ; Status      ;
+---------+---------+------+-------------+
; clk     ; clk     ; Base ; Constrained ;
; clk_1hz ; clk_1hz ; Base ; Constrained ;
+---------+---------+------+-------------+


+---------------------------------------------------------------------------------------------------+
; Unconstrained Input Ports                                                                         ;
+------------+--------------------------------------------------------------------------------------+
; Input Port ; Comment                                                                              ;
+------------+--------------------------------------------------------------------------------------+
; rst_n      ; No input delay, min/max delays, false-path exceptions, or max skew assignments found ;
+------------+--------------------------------------------------------------------------------------+


+--------------------------------------------------------------------------------------------------------+
; Unconstrained Output Ports                                                                             ;
+----------------+---------------------------------------------------------------------------------------+
; Output Port    ; Comment                                                                               ;
+----------------+---------------------------------------------------------------------------------------+
; led_an_left_g  ; No output delay, min/max delays, false-path exceptions, or max skew assignments found ;
; led_an_right_g ; No output delay, min/max delays, false-path exceptions, or max skew assignments found ;
; led_an_str_g   ; No output delay, min/max delays, false-path exceptions, or max skew assignments found ;
; led_an_str_r   ; No output delay, min/max delays, false-path exceptions, or max skew assignments found ;
; led_an_str_y   ; No output delay, min/max delays, false-path exceptions, or max skew assignments found ;
; led_as_left_g  ; No output delay, min/max delays, false-path exceptions, or max skew assignments found ;
; led_as_right_g ; No output delay, min/max delays, false-path exceptions, or max skew assignments found ;
; led_as_str_g   ; No output delay, min/max delays, false-path exceptions, or max skew assignments found ;
; led_as_str_r   ; No output delay, min/max delays, false-path exceptions, or max skew assignments found ;
; led_as_str_y   ; No output delay, min/max delays, false-path exceptions, or max skew assignments found ;
; led_be_left_g  ; No output delay, min/max delays, false-path exceptions, or max skew assignments found ;
; led_be_right_g ; No output delay, min/max delays, false-path exceptions, or max skew assignments found ;
; led_be_str_g   ; No output delay, min/max delays, false-path exceptions, or max skew assignments found ;
; led_be_str_r   ; No output delay, min/max delays, false-path exceptions, or max skew assignments found ;
; led_be_str_y   ; No output delay, min/max delays, false-path exceptions, or max skew assignments found ;
; led_bw_left_g  ; No output delay, min/max delays, false-path exceptions, or max skew assignments found ;
; led_bw_right_g ; No output delay, min/max delays, false-path exceptions, or max skew assignments found ;
; led_bw_str_g   ; No output delay, min/max delays, false-path exceptions, or max skew assignments found ;
; led_bw_str_r   ; No output delay, min/max delays, false-path exceptions, or max skew assignments found ;
; led_bw_str_y   ; No output delay, min/max delays, false-path exceptions, or max skew assignments found ;
; seg_led[0]     ; No output delay, min/max delays, false-path exceptions, or max skew assignments found ;
; seg_led[1]     ; No output delay, min/max delays, false-path exceptions, or max skew assignments found ;
; seg_led[2]     ; No output delay, min/max delays, false-path exceptions, or max skew assignments found ;
; seg_led[3]     ; No output delay, min/max delays, false-path exceptions, or max skew assignments found ;
; seg_led[4]     ; No output delay, min/max delays, false-path exceptions, or max skew assignments found ;
; seg_led[5]     ; No output delay, min/max delays, false-path exceptions, or max skew assignments found ;
; seg_led[6]     ; No output delay, min/max delays, false-path exceptions, or max skew assignments found ;
; seg_sel[0]     ; No output delay, min/max delays, false-path exceptions, or max skew assignments found ;
; seg_sel[1]     ; No output delay, min/max delays, false-path exceptions, or max skew assignments found ;
; seg_sel[2]     ; No output delay, min/max delays, false-path exceptions, or max skew assignments found ;
; seg_sel[3]     ; No output delay, min/max delays, false-path exceptions, or max skew assignments found ;
+----------------+---------------------------------------------------------------------------------------+


+---------------------------------------------------------------------------------------------------+
; Unconstrained Input Ports                                                                         ;
+------------+--------------------------------------------------------------------------------------+
; Input Port ; Comment                                                                              ;
+------------+--------------------------------------------------------------------------------------+
; rst_n      ; No input delay, min/max delays, false-path exceptions, or max skew assignments found ;
+------------+--------------------------------------------------------------------------------------+


+--------------------------------------------------------------------------------------------------------+
; Unconstrained Output Ports                                                                             ;
+----------------+---------------------------------------------------------------------------------------+
; Output Port    ; Comment                                                                               ;
+----------------+---------------------------------------------------------------------------------------+
; led_an_left_g  ; No output delay, min/max delays, false-path exceptions, or max skew assignments found ;
; led_an_right_g ; No output delay, min/max delays, false-path exceptions, or max skew assignments found ;
; led_an_str_g   ; No output delay, min/max delays, false-path exceptions, or max skew assignments found ;
; led_an_str_r   ; No output delay, min/max delays, false-path exceptions, or max skew assignments found ;
; led_an_str_y   ; No output delay, min/max delays, false-path exceptions, or max skew assignments found ;
; led_as_left_g  ; No output delay, min/max delays, false-path exceptions, or max skew assignments found ;
; led_as_right_g ; No output delay, min/max delays, false-path exceptions, or max skew assignments found ;
; led_as_str_g   ; No output delay, min/max delays, false-path exceptions, or max skew assignments found ;
; led_as_str_r   ; No output delay, min/max delays, false-path exceptions, or max skew assignments found ;
; led_as_str_y   ; No output delay, min/max delays, false-path exceptions, or max skew assignments found ;
; led_be_left_g  ; No output delay, min/max delays, false-path exceptions, or max skew assignments found ;
; led_be_right_g ; No output delay, min/max delays, false-path exceptions, or max skew assignments found ;
; led_be_str_g   ; No output delay, min/max delays, false-path exceptions, or max skew assignments found ;
; led_be_str_r   ; No output delay, min/max delays, false-path exceptions, or max skew assignments found ;
; led_be_str_y   ; No output delay, min/max delays, false-path exceptions, or max skew assignments found ;
; led_bw_left_g  ; No output delay, min/max delays, false-path exceptions, or max skew assignments found ;
; led_bw_right_g ; No output delay, min/max delays, false-path exceptions, or max skew assignments found ;
; led_bw_str_g   ; No output delay, min/max delays, false-path exceptions, or max skew assignments found ;
; led_bw_str_r   ; No output delay, min/max delays, false-path exceptions, or max skew assignments found ;
; led_bw_str_y   ; No output delay, min/max delays, false-path exceptions, or max skew assignments found ;
; seg_led[0]     ; No output delay, min/max delays, false-path exceptions, or max skew assignments found ;
; seg_led[1]     ; No output delay, min/max delays, false-path exceptions, or max skew assignments found ;
; seg_led[2]     ; No output delay, min/max delays, false-path exceptions, or max skew assignments found ;
; seg_led[3]     ; No output delay, min/max delays, false-path exceptions, or max skew assignments found ;
; seg_led[4]     ; No output delay, min/max delays, false-path exceptions, or max skew assignments found ;
; seg_led[5]     ; No output delay, min/max delays, false-path exceptions, or max skew assignments found ;
; seg_led[6]     ; No output delay, min/max delays, false-path exceptions, or max skew assignments found ;
; seg_sel[0]     ; No output delay, min/max delays, false-path exceptions, or max skew assignments found ;
; seg_sel[1]     ; No output delay, min/max delays, false-path exceptions, or max skew assignments found ;
; seg_sel[2]     ; No output delay, min/max delays, false-path exceptions, or max skew assignments found ;
; seg_sel[3]     ; No output delay, min/max delays, false-path exceptions, or max skew assignments found ;
+----------------+---------------------------------------------------------------------------------------+


+------------------------------------+
; TimeQuest Timing Analyzer Messages ;
+------------------------------------+
Info: *******************************************************************
Info: Running Quartus Prime TimeQuest Timing Analyzer
    Info: Version 17.1.0 Build 590 10/25/2017 SJ Lite Edition
    Info: Processing started: Fri Dec 26 21:06:38 2025
Info: Command: quartus_sta trafficlight -c trafficlight
Info: qsta_default_script.tcl version: #3
Warning (18236): Number of processors has not been specified which may cause overloading on shared machines.  Set the global assignment NUM_PARALLEL_PROCESSORS in your QSF to an appropriate value for best performance.
Info (20030): Parallel compilation is enabled and will use 16 of the 32 processors detected
Info (21077): Low junction temperature is -40 degrees C
Info (21077): High junction temperature is 125 degrees C
Critical Warning (332012): Synopsys Design Constraints File file not found: 'trafficlight.sdc'. A Synopsys Design Constraints File is required by the TimeQuest Timing Analyzer to get proper timing constraints. Without it, the Compiler will not properly optimize the design.
Info (332142): No user constrained base clocks found in the design. Calling "derive_clocks -period 1.0"
Info (332105): Deriving Clocks
    Info (332105): create_clock -period 1.000 -name clk clk
    Info (332105): create_clock -period 1.000 -name clk_1hz clk_1hz
Info (332143): No user constrained clock uncertainty found in the design. Calling "derive_clock_uncertainty"
Info (332123): Deriving Clock Uncertainty. Please refer to report_sdc in TimeQuest to see clock uncertainties.
Info: Found TIMEQUEST_REPORT_SCRIPT_INCLUDE_DEFAULT_ANALYSIS = ON
Info: Analyzing Slow 1200mV 125C Model
Critical Warning (332148): Timing requirements not met
    Info (11105): For recommendations on closing timing, run Report Timing Closure Recommendations in the TimeQuest Timing Analyzer.
Info (332146): Worst-case setup slack is -3.987
    Info (332119):     Slack       End Point TNS Clock 
    Info (332119): ========= =================== =====================
    Info (332119):    -3.987            -115.708 clk 
    Info (332119):    -1.866             -27.991 clk_1hz 
Info (332146): Worst-case hold slack is 0.411
    Info (332119):     Slack       End Point TNS Clock 
    Info (332119): ========= =================== =====================
    Info (332119):     0.411               0.000 clk 
    Info (332119):     0.462               0.000 clk_1hz 
Info (332140): No Recovery paths to report
Info (332140): No Removal paths to report
Info (332146): Worst-case minimum pulse width slack is -3.000
    Info (332119):     Slack       End Point TNS Clock 
    Info (332119): ========= =================== =====================
    Info (332119):    -3.000             -68.428 clk 
    Info (332119):    -1.487             -23.792 clk_1hz 
Info: Analyzing Slow 1200mV -40C Model
Info (334003): Started post-fitting delay annotation
Info (334004): Delay annotation completed successfully
Info (332123): Deriving Clock Uncertainty. Please refer to report_sdc in TimeQuest to see clock uncertainties.
Critical Warning (332148): Timing requirements not met
    Info (11105): For recommendations on closing timing, run Report Timing Closure Recommendations in the TimeQuest Timing Analyzer.
Info (332146): Worst-case setup slack is -3.445
    Info (332119):     Slack       End Point TNS Clock 
    Info (332119): ========= =================== =====================
    Info (332119):    -3.445             -94.866 clk 
    Info (332119):    -1.488             -21.696 clk_1hz 
Info (332146): Worst-case hold slack is 0.342
    Info (332119):     Slack       End Point TNS Clock 
    Info (332119): ========= =================== =====================
    Info (332119):     0.342               0.000 clk 
    Info (332119):     0.394               0.000 clk_1hz 
Info (332140): No Recovery paths to report
Info (332140): No Removal paths to report
Info (332146): Worst-case minimum pulse width slack is -3.000
    Info (332119):     Slack       End Point TNS Clock 
    Info (332119): ========= =================== =====================
    Info (332119):    -3.000             -59.540 clk 
    Info (332119):    -1.285             -20.560 clk_1hz 
Info: Analyzing Fast 1200mV -40C Model
Info (332123): Deriving Clock Uncertainty. Please refer to report_sdc in TimeQuest to see clock uncertainties.
Critical Warning (332148): Timing requirements not met
    Info (11105): For recommendations on closing timing, run Report Timing Closure Recommendations in the TimeQuest Timing Analyzer.
Info (332146): Worst-case setup slack is -1.285
    Info (332119):     Slack       End Point TNS Clock 
    Info (332119): ========= =================== =====================
    Info (332119):    -1.285             -26.840 clk 
    Info (332119):    -0.265              -3.556 clk_1hz 
Info (332146): Worst-case hold slack is 0.175
    Info (332119):     Slack       End Point TNS Clock 
    Info (332119): ========= =================== =====================
    Info (332119):     0.175               0.000 clk 
    Info (332119):     0.197               0.000 clk_1hz 
Info (332140): No Recovery paths to report
Info (332140): No Removal paths to report
Info (332146): Worst-case minimum pulse width slack is -3.000
    Info (332119):     Slack       End Point TNS Clock 
    Info (332119): ========= =================== =====================
    Info (332119):    -3.000             -49.315 clk 
    Info (332119):    -1.000             -16.000 clk_1hz 
Info (332102): Design is not fully constrained for setup requirements
Info (332102): Design is not fully constrained for hold requirements
Info: Quartus Prime TimeQuest Timing Analyzer was successful. 0 errors, 5 warnings
    Info: Peak virtual memory: 4927 megabytes
    Info: Processing ended: Fri Dec 26 21:06:39 2025
    Info: Elapsed time: 00:00:01
    Info: Total CPU time (on all processors): 00:00:01


