TimeQuest Timing Analyzer report for M45
Fri Dec 19 18:39:08 2025
Quartus Prime Version 17.1.0 Build 590 10/25/2017 SJ Lite Edition


---------------------
; Table of Contents ;
---------------------
  1. Legal Notice
  2. TimeQuest Timing Analyzer Summary
  3. Parallel Compilation
  4. Clocks
  5. Slow 1200mV 125C Model Fmax Summary
  6. Timing Closure Recommendations
  7. Slow 1200mV 125C Model Setup Summary
  8. Slow 1200mV 125C Model Hold Summary
  9. Slow 1200mV 125C Model Recovery Summary
 10. Slow 1200mV 125C Model Removal Summary
 11. Slow 1200mV 125C Model Minimum Pulse Width Summary
 12. Slow 1200mV 125C Model Setup: 'clk_50M'
 13. Slow 1200mV 125C Model Setup: 'divider:u_div|clk_out'
 14. Slow 1200mV 125C Model Hold: 'divider:u_div|clk_out'
 15. Slow 1200mV 125C Model Hold: 'clk_50M'
 16. Slow 1200mV 125C Model Metastability Summary
 17. Slow 1200mV -40C Model Fmax Summary
 18. Slow 1200mV -40C Model Setup Summary
 19. Slow 1200mV -40C Model Hold Summary
 20. Slow 1200mV -40C Model Recovery Summary
 21. Slow 1200mV -40C Model Removal Summary
 22. Slow 1200mV -40C Model Minimum Pulse Width Summary
 23. Slow 1200mV -40C Model Setup: 'clk_50M'
 24. Slow 1200mV -40C Model Setup: 'divider:u_div|clk_out'
 25. Slow 1200mV -40C Model Hold: 'divider:u_div|clk_out'
 26. Slow 1200mV -40C Model Hold: 'clk_50M'
 27. Slow 1200mV -40C Model Metastability Summary
 28. Fast 1200mV -40C Model Setup Summary
 29. Fast 1200mV -40C Model Hold Summary
 30. Fast 1200mV -40C Model Recovery Summary
 31. Fast 1200mV -40C Model Removal Summary
 32. Fast 1200mV -40C Model Minimum Pulse Width Summary
 33. Fast 1200mV -40C Model Setup: 'clk_50M'
 34. Fast 1200mV -40C Model Setup: 'divider:u_div|clk_out'
 35. Fast 1200mV -40C Model Hold: 'divider:u_div|clk_out'
 36. Fast 1200mV -40C Model Hold: 'clk_50M'
 37. Fast 1200mV -40C Model Metastability Summary
 38. Multicorner Timing Analysis Summary
 39. Board Trace Model Assignments
 40. Input Transition Times
 41. Signal Integrity Metrics (Slow 1200mv n40c Model)
 42. Signal Integrity Metrics (Slow 1200mv 125c Model)
 43. Signal Integrity Metrics (Fast 1200mv n40c Model)
 44. Setup Transfers
 45. Hold Transfers
 46. Report TCCS
 47. Report RSKM
 48. Unconstrained Paths Summary
 49. Clock Status Summary
 50. Unconstrained Input Ports
 51. Unconstrained Output Ports
 52. Unconstrained Input Ports
 53. Unconstrained Output Ports
 54. TimeQuest Timing Analyzer Messages



----------------
; Legal Notice ;
----------------
Copyright (C) 2017  Intel Corporation. All rights reserved.
Your use of Intel Corporation's design tools, logic functions 
and other software and tools, and its AMPP partner logic 
functions, and any output files from any of the foregoing 
(including device programming or simulation files), and any 
associated documentation or information are expressly subject 
to the terms and conditions of the Intel Program License 
Subscription Agreement, the Intel Quartus Prime License Agreement,
the Intel FPGA IP License Agreement, or other applicable license
agreement, including, without limitation, that your use is for
the sole purpose of programming logic devices manufactured by
Intel and sold by Intel or its authorized distributors.  Please
refer to the applicable agreement for further details.



+-----------------------------------------------------------------------------+
; TimeQuest Timing Analyzer Summary                                           ;
+-----------------------+-----------------------------------------------------+
; Quartus Prime Version ; Version 17.1.0 Build 590 10/25/2017 SJ Lite Edition ;
; Timing Analyzer       ; TimeQuest                                           ;
; Revision Name         ; M45                                                 ;
; Device Family         ; Cyclone IV E                                        ;
; Device Name           ; EP4CE40U19A7                                        ;
; Timing Models         ; Final                                               ;
; Delay Model           ; Combined                                            ;
; Rise/Fall Delays      ; Enabled                                             ;
+-----------------------+-----------------------------------------------------+


+------------------------------------------+
; Parallel Compilation                     ;
+----------------------------+-------------+
; Processors                 ; Number      ;
+----------------------------+-------------+
; Number detected on machine ; 32          ;
; Maximum allowed            ; 16          ;
;                            ;             ;
; Average used               ; 1.05        ;
; Maximum used               ; 16          ;
;                            ;             ;
; Usage by Processor         ; % Time Used ;
;     Processor 1            ; 100.0%      ;
;     Processors 2-16        ;   0.3%      ;
+----------------------------+-------------+


+--------------------------------------------------------------------------------------------------------------------------------------------------------------------------------------------------------------+
; Clocks                                                                                                                                                                                                       ;
+-----------------------+------+--------+------------+-------+-------+------------+-----------+-------------+-------+--------+-----------+------------+----------+--------+--------+---------------------------+
; Clock Name            ; Type ; Period ; Frequency  ; Rise  ; Fall  ; Duty Cycle ; Divide by ; Multiply by ; Phase ; Offset ; Edge List ; Edge Shift ; Inverted ; Master ; Source ; Targets                   ;
+-----------------------+------+--------+------------+-------+-------+------------+-----------+-------------+-------+--------+-----------+------------+----------+--------+--------+---------------------------+
; clk_50M               ; Base ; 1.000  ; 1000.0 MHz ; 0.000 ; 0.500 ;            ;           ;             ;       ;        ;           ;            ;          ;        ;        ; { clk_50M }               ;
; divider:u_div|clk_out ; Base ; 1.000  ; 1000.0 MHz ; 0.000 ; 0.500 ;            ;           ;             ;       ;        ;           ;            ;          ;        ;        ; { divider:u_div|clk_out } ;
+-----------------------+------+--------+------------+-------+-------+------------+-----------+-------------+-------+--------+-----------+------------+----------+--------+--------+---------------------------+


+-------------------------------------------------------------+
; Slow 1200mV 125C Model Fmax Summary                         ;
+------------+-----------------+-----------------------+------+
; Fmax       ; Restricted Fmax ; Clock Name            ; Note ;
+------------+-----------------+-----------------------+------+
; 205.85 MHz ; 205.85 MHz      ; clk_50M               ;      ;
; 399.68 MHz ; 399.68 MHz      ; divider:u_div|clk_out ;      ;
+------------+-----------------+-----------------------+------+
This panel reports FMAX for every clock in the design, regardless of the user-specified clock periods.  FMAX is only computed for paths where the source and destination registers or ports are driven by the same clock.  Paths of different clocks, including generated clocks, are ignored.  For paths between a clock and its inversion, FMAX is computed as if the rising and falling edges are scaled along with FMAX, such that the duty cycle (in terms of a percentage) is maintained. Altera recommends that you always use clock constraints and other slack reports for sign-off analysis.


----------------------------------
; Timing Closure Recommendations ;
----------------------------------
HTML report is unavailable in plain text report export.


+------------------------------------------------+
; Slow 1200mV 125C Model Setup Summary           ;
+-----------------------+--------+---------------+
; Clock                 ; Slack  ; End Point TNS ;
+-----------------------+--------+---------------+
; clk_50M               ; -3.858 ; -50.060       ;
; divider:u_div|clk_out ; -1.502 ; -10.801       ;
+-----------------------+--------+---------------+


+-----------------------------------------------+
; Slow 1200mV 125C Model Hold Summary           ;
+-----------------------+-------+---------------+
; Clock                 ; Slack ; End Point TNS ;
+-----------------------+-------+---------------+
; divider:u_div|clk_out ; 0.592 ; 0.000         ;
; clk_50M               ; 0.662 ; 0.000         ;
+-----------------------+-------+---------------+


-------------------------------------------
; Slow 1200mV 125C Model Recovery Summary ;
-------------------------------------------
No paths to report.


------------------------------------------
; Slow 1200mV 125C Model Removal Summary ;
------------------------------------------
No paths to report.


+----------------------------------------------------+
; Slow 1200mV 125C Model Minimum Pulse Width Summary ;
+-----------------------+--------+-------------------+
; Clock                 ; Slack  ; End Point TNS     ;
+-----------------------+--------+-------------------+
; clk_50M               ; -3.000 ; -41.662           ;
; divider:u_div|clk_out ; -1.487 ; -11.896           ;
+-----------------------+--------+-------------------+


+------------------------------------------------------------------------------------------------------------------------------+
; Slow 1200mV 125C Model Setup: 'clk_50M'                                                                                      ;
+--------+-----------------------+-----------------------+--------------+-------------+--------------+------------+------------+
; Slack  ; From Node             ; To Node               ; Launch Clock ; Latch Clock ; Relationship ; Clock Skew ; Data Delay ;
+--------+-----------------------+-----------------------+--------------+-------------+--------------+------------+------------+
; -3.858 ; divider:u_div|cnt[20] ; divider:u_div|clk_out ; clk_50M      ; clk_50M     ; 1.000        ; -0.076     ; 4.779      ;
; -3.850 ; divider:u_div|cnt[11] ; divider:u_div|clk_out ; clk_50M      ; clk_50M     ; 1.000        ; -0.072     ; 4.775      ;
; -3.795 ; divider:u_div|cnt[24] ; divider:u_div|clk_out ; clk_50M      ; clk_50M     ; 1.000        ; -0.076     ; 4.716      ;
; -3.751 ; divider:u_div|cnt[21] ; divider:u_div|clk_out ; clk_50M      ; clk_50M     ; 1.000        ; -0.076     ; 4.672      ;
; -3.745 ; divider:u_div|cnt[17] ; divider:u_div|clk_out ; clk_50M      ; clk_50M     ; 1.000        ; -0.076     ; 4.666      ;
; -3.743 ; divider:u_div|cnt[5]  ; divider:u_div|clk_out ; clk_50M      ; clk_50M     ; 1.000        ; -0.072     ; 4.668      ;
; -3.720 ; divider:u_div|cnt[15] ; divider:u_div|clk_out ; clk_50M      ; clk_50M     ; 1.000        ; -0.076     ; 4.641      ;
; -3.712 ; divider:u_div|cnt[18] ; divider:u_div|clk_out ; clk_50M      ; clk_50M     ; 1.000        ; -0.076     ; 4.633      ;
; -3.712 ; divider:u_div|cnt[23] ; divider:u_div|clk_out ; clk_50M      ; clk_50M     ; 1.000        ; -0.076     ; 4.633      ;
; -3.680 ; divider:u_div|cnt[7]  ; divider:u_div|clk_out ; clk_50M      ; clk_50M     ; 1.000        ; -0.072     ; 4.605      ;
; -3.669 ; divider:u_div|cnt[6]  ; divider:u_div|clk_out ; clk_50M      ; clk_50M     ; 1.000        ; -0.072     ; 4.594      ;
; -3.632 ; divider:u_div|cnt[1]  ; divider:u_div|clk_out ; clk_50M      ; clk_50M     ; 1.000        ; -0.072     ; 4.557      ;
; -3.608 ; divider:u_div|cnt[10] ; divider:u_div|clk_out ; clk_50M      ; clk_50M     ; 1.000        ; -0.072     ; 4.533      ;
; -3.604 ; divider:u_div|cnt[2]  ; divider:u_div|clk_out ; clk_50M      ; clk_50M     ; 1.000        ; -0.072     ; 4.529      ;
; -3.593 ; divider:u_div|cnt[4]  ; divider:u_div|clk_out ; clk_50M      ; clk_50M     ; 1.000        ; -0.072     ; 4.518      ;
; -3.572 ; divider:u_div|cnt[19] ; divider:u_div|clk_out ; clk_50M      ; clk_50M     ; 1.000        ; -0.076     ; 4.493      ;
; -3.533 ; divider:u_div|cnt[12] ; divider:u_div|clk_out ; clk_50M      ; clk_50M     ; 1.000        ; -0.076     ; 4.454      ;
; -3.502 ; divider:u_div|cnt[16] ; divider:u_div|clk_out ; clk_50M      ; clk_50M     ; 1.000        ; -0.076     ; 4.423      ;
; -3.501 ; divider:u_div|cnt[22] ; divider:u_div|clk_out ; clk_50M      ; clk_50M     ; 1.000        ; -0.076     ; 4.422      ;
; -3.498 ; divider:u_div|cnt[14] ; divider:u_div|clk_out ; clk_50M      ; clk_50M     ; 1.000        ; -0.076     ; 4.419      ;
; -3.463 ; divider:u_div|cnt[3]  ; divider:u_div|clk_out ; clk_50M      ; clk_50M     ; 1.000        ; -0.072     ; 4.388      ;
; -3.447 ; divider:u_div|cnt[9]  ; divider:u_div|clk_out ; clk_50M      ; clk_50M     ; 1.000        ; -0.072     ; 4.372      ;
; -3.374 ; divider:u_div|cnt[8]  ; divider:u_div|clk_out ; clk_50M      ; clk_50M     ; 1.000        ; -0.072     ; 4.299      ;
; -3.269 ; divider:u_div|cnt[0]  ; divider:u_div|clk_out ; clk_50M      ; clk_50M     ; 1.000        ; -0.072     ; 4.194      ;
; -3.211 ; divider:u_div|cnt[13] ; divider:u_div|clk_out ; clk_50M      ; clk_50M     ; 1.000        ; -0.076     ; 4.132      ;
; -2.976 ; divider:u_div|cnt[1]  ; divider:u_div|cnt[24] ; clk_50M      ; clk_50M     ; 1.000        ; -0.072     ; 3.901      ;
; -2.885 ; divider:u_div|cnt[0]  ; divider:u_div|cnt[24] ; clk_50M      ; clk_50M     ; 1.000        ; -0.072     ; 3.810      ;
; -2.843 ; divider:u_div|cnt[3]  ; divider:u_div|cnt[24] ; clk_50M      ; clk_50M     ; 1.000        ; -0.072     ; 3.768      ;
; -2.837 ; divider:u_div|cnt[1]  ; divider:u_div|cnt[22] ; clk_50M      ; clk_50M     ; 1.000        ; -0.072     ; 3.762      ;
; -2.746 ; divider:u_div|cnt[0]  ; divider:u_div|cnt[22] ; clk_50M      ; clk_50M     ; 1.000        ; -0.072     ; 3.671      ;
; -2.738 ; divider:u_div|cnt[2]  ; divider:u_div|cnt[24] ; clk_50M      ; clk_50M     ; 1.000        ; -0.072     ; 3.663      ;
; -2.704 ; divider:u_div|cnt[3]  ; divider:u_div|cnt[22] ; clk_50M      ; clk_50M     ; 1.000        ; -0.072     ; 3.629      ;
; -2.703 ; divider:u_div|cnt[5]  ; divider:u_div|cnt[24] ; clk_50M      ; clk_50M     ; 1.000        ; -0.072     ; 3.628      ;
; -2.599 ; divider:u_div|cnt[2]  ; divider:u_div|cnt[22] ; clk_50M      ; clk_50M     ; 1.000        ; -0.072     ; 3.524      ;
; -2.596 ; divider:u_div|cnt[4]  ; divider:u_div|cnt[24] ; clk_50M      ; clk_50M     ; 1.000        ; -0.072     ; 3.521      ;
; -2.564 ; divider:u_div|cnt[5]  ; divider:u_div|cnt[22] ; clk_50M      ; clk_50M     ; 1.000        ; -0.072     ; 3.489      ;
; -2.560 ; divider:u_div|cnt[0]  ; divider:u_div|cnt[19] ; clk_50M      ; clk_50M     ; 1.000        ; -0.072     ; 3.485      ;
; -2.545 ; divider:u_div|cnt[7]  ; divider:u_div|cnt[24] ; clk_50M      ; clk_50M     ; 1.000        ; -0.072     ; 3.470      ;
; -2.527 ; divider:u_div|cnt[0]  ; divider:u_div|cnt[21] ; clk_50M      ; clk_50M     ; 1.000        ; -0.072     ; 3.452      ;
; -2.525 ; divider:u_div|cnt[1]  ; divider:u_div|cnt[12] ; clk_50M      ; clk_50M     ; 1.000        ; -0.072     ; 3.450      ;
; -2.516 ; divider:u_div|cnt[1]  ; divider:u_div|cnt[20] ; clk_50M      ; clk_50M     ; 1.000        ; -0.072     ; 3.441      ;
; -2.501 ; divider:u_div|cnt[1]  ; divider:u_div|cnt[21] ; clk_50M      ; clk_50M     ; 1.000        ; -0.072     ; 3.426      ;
; -2.500 ; divider:u_div|cnt[1]  ; divider:u_div|cnt[19] ; clk_50M      ; clk_50M     ; 1.000        ; -0.072     ; 3.425      ;
; -2.458 ; divider:u_div|cnt[6]  ; divider:u_div|cnt[24] ; clk_50M      ; clk_50M     ; 1.000        ; -0.072     ; 3.383      ;
; -2.457 ; divider:u_div|cnt[4]  ; divider:u_div|cnt[22] ; clk_50M      ; clk_50M     ; 1.000        ; -0.072     ; 3.382      ;
; -2.434 ; divider:u_div|cnt[0]  ; divider:u_div|cnt[12] ; clk_50M      ; clk_50M     ; 1.000        ; -0.072     ; 3.359      ;
; -2.425 ; divider:u_div|cnt[0]  ; divider:u_div|cnt[20] ; clk_50M      ; clk_50M     ; 1.000        ; -0.072     ; 3.350      ;
; -2.414 ; divider:u_div|cnt[9]  ; divider:u_div|cnt[24] ; clk_50M      ; clk_50M     ; 1.000        ; -0.072     ; 3.339      ;
; -2.406 ; divider:u_div|cnt[7]  ; divider:u_div|cnt[22] ; clk_50M      ; clk_50M     ; 1.000        ; -0.072     ; 3.331      ;
; -2.401 ; divider:u_div|cnt[2]  ; divider:u_div|cnt[19] ; clk_50M      ; clk_50M     ; 1.000        ; -0.072     ; 3.326      ;
; -2.396 ; divider:u_div|cnt[1]  ; divider:u_div|cnt[14] ; clk_50M      ; clk_50M     ; 1.000        ; -0.072     ; 3.321      ;
; -2.392 ; divider:u_div|cnt[3]  ; divider:u_div|cnt[12] ; clk_50M      ; clk_50M     ; 1.000        ; -0.072     ; 3.317      ;
; -2.390 ; divider:u_div|cnt[1]  ; divider:u_div|cnt[16] ; clk_50M      ; clk_50M     ; 1.000        ; -0.072     ; 3.315      ;
; -2.383 ; divider:u_div|cnt[3]  ; divider:u_div|cnt[20] ; clk_50M      ; clk_50M     ; 1.000        ; -0.072     ; 3.308      ;
; -2.380 ; divider:u_div|cnt[20] ; divider:u_div|cnt[6]  ; clk_50M      ; clk_50M     ; 1.000        ; -0.080     ; 3.297      ;
; -2.380 ; divider:u_div|cnt[20] ; divider:u_div|cnt[11] ; clk_50M      ; clk_50M     ; 1.000        ; -0.080     ; 3.297      ;
; -2.377 ; divider:u_div|cnt[1]  ; divider:u_div|cnt[18] ; clk_50M      ; clk_50M     ; 1.000        ; -0.072     ; 3.302      ;
; -2.372 ; divider:u_div|cnt[11] ; divider:u_div|cnt[6]  ; clk_50M      ; clk_50M     ; 1.000        ; -0.076     ; 3.293      ;
; -2.372 ; divider:u_div|cnt[11] ; divider:u_div|cnt[11] ; clk_50M      ; clk_50M     ; 1.000        ; -0.076     ; 3.293      ;
; -2.368 ; divider:u_div|cnt[2]  ; divider:u_div|cnt[21] ; clk_50M      ; clk_50M     ; 1.000        ; -0.072     ; 3.293      ;
; -2.368 ; divider:u_div|cnt[3]  ; divider:u_div|cnt[21] ; clk_50M      ; clk_50M     ; 1.000        ; -0.072     ; 3.293      ;
; -2.367 ; divider:u_div|cnt[3]  ; divider:u_div|cnt[19] ; clk_50M      ; clk_50M     ; 1.000        ; -0.072     ; 3.292      ;
; -2.319 ; divider:u_div|cnt[6]  ; divider:u_div|cnt[22] ; clk_50M      ; clk_50M     ; 1.000        ; -0.072     ; 3.244      ;
; -2.317 ; divider:u_div|cnt[24] ; divider:u_div|cnt[6]  ; clk_50M      ; clk_50M     ; 1.000        ; -0.080     ; 3.234      ;
; -2.317 ; divider:u_div|cnt[24] ; divider:u_div|cnt[11] ; clk_50M      ; clk_50M     ; 1.000        ; -0.080     ; 3.234      ;
; -2.312 ; divider:u_div|cnt[8]  ; divider:u_div|cnt[24] ; clk_50M      ; clk_50M     ; 1.000        ; -0.072     ; 3.237      ;
; -2.305 ; divider:u_div|cnt[0]  ; divider:u_div|cnt[14] ; clk_50M      ; clk_50M     ; 1.000        ; -0.072     ; 3.230      ;
; -2.301 ; divider:u_div|cnt[0]  ; divider:u_div|cnt[23] ; clk_50M      ; clk_50M     ; 1.000        ; -0.072     ; 3.226      ;
; -2.299 ; divider:u_div|cnt[0]  ; divider:u_div|cnt[16] ; clk_50M      ; clk_50M     ; 1.000        ; -0.072     ; 3.224      ;
; -2.293 ; divider:u_div|cnt[13] ; divider:u_div|cnt[24] ; clk_50M      ; clk_50M     ; 1.000        ; -0.076     ; 3.214      ;
; -2.287 ; divider:u_div|cnt[2]  ; divider:u_div|cnt[12] ; clk_50M      ; clk_50M     ; 1.000        ; -0.072     ; 3.212      ;
; -2.286 ; divider:u_div|cnt[11] ; divider:u_div|cnt[24] ; clk_50M      ; clk_50M     ; 1.000        ; -0.072     ; 3.211      ;
; -2.286 ; divider:u_div|cnt[0]  ; divider:u_div|cnt[18] ; clk_50M      ; clk_50M     ; 1.000        ; -0.072     ; 3.211      ;
; -2.278 ; divider:u_div|cnt[2]  ; divider:u_div|cnt[20] ; clk_50M      ; clk_50M     ; 1.000        ; -0.072     ; 3.203      ;
; -2.278 ; divider:u_div|cnt[1]  ; divider:u_div|cnt[23] ; clk_50M      ; clk_50M     ; 1.000        ; -0.072     ; 3.203      ;
; -2.277 ; divider:u_div|cnt[17] ; divider:u_div|cnt[6]  ; clk_50M      ; clk_50M     ; 1.000        ; -0.080     ; 3.194      ;
; -2.277 ; divider:u_div|cnt[17] ; divider:u_div|cnt[11] ; clk_50M      ; clk_50M     ; 1.000        ; -0.080     ; 3.194      ;
; -2.275 ; divider:u_div|cnt[9]  ; divider:u_div|cnt[22] ; clk_50M      ; clk_50M     ; 1.000        ; -0.072     ; 3.200      ;
; -2.273 ; divider:u_div|cnt[21] ; divider:u_div|cnt[6]  ; clk_50M      ; clk_50M     ; 1.000        ; -0.080     ; 3.190      ;
; -2.273 ; divider:u_div|cnt[21] ; divider:u_div|cnt[11] ; clk_50M      ; clk_50M     ; 1.000        ; -0.080     ; 3.190      ;
; -2.266 ; divider:u_div|cnt[4]  ; divider:u_div|cnt[19] ; clk_50M      ; clk_50M     ; 1.000        ; -0.072     ; 3.191      ;
; -2.265 ; divider:u_div|cnt[5]  ; divider:u_div|cnt[6]  ; clk_50M      ; clk_50M     ; 1.000        ; -0.076     ; 3.186      ;
; -2.265 ; divider:u_div|cnt[5]  ; divider:u_div|cnt[11] ; clk_50M      ; clk_50M     ; 1.000        ; -0.076     ; 3.186      ;
; -2.263 ; divider:u_div|cnt[3]  ; divider:u_div|cnt[14] ; clk_50M      ; clk_50M     ; 1.000        ; -0.072     ; 3.188      ;
; -2.257 ; divider:u_div|cnt[3]  ; divider:u_div|cnt[16] ; clk_50M      ; clk_50M     ; 1.000        ; -0.072     ; 3.182      ;
; -2.252 ; divider:u_div|cnt[5]  ; divider:u_div|cnt[12] ; clk_50M      ; clk_50M     ; 1.000        ; -0.072     ; 3.177      ;
; -2.248 ; divider:u_div|cnt[7]  ; divider:u_div|cnt[6]  ; clk_50M      ; clk_50M     ; 1.000        ; -0.076     ; 3.169      ;
; -2.248 ; divider:u_div|cnt[7]  ; divider:u_div|cnt[11] ; clk_50M      ; clk_50M     ; 1.000        ; -0.076     ; 3.169      ;
; -2.244 ; divider:u_div|cnt[3]  ; divider:u_div|cnt[18] ; clk_50M      ; clk_50M     ; 1.000        ; -0.072     ; 3.169      ;
; -2.244 ; divider:u_div|cnt[15] ; divider:u_div|cnt[6]  ; clk_50M      ; clk_50M     ; 1.000        ; -0.080     ; 3.161      ;
; -2.244 ; divider:u_div|cnt[15] ; divider:u_div|cnt[11] ; clk_50M      ; clk_50M     ; 1.000        ; -0.080     ; 3.161      ;
; -2.243 ; divider:u_div|cnt[5]  ; divider:u_div|cnt[20] ; clk_50M      ; clk_50M     ; 1.000        ; -0.072     ; 3.168      ;
; -2.243 ; divider:u_div|cnt[23] ; divider:u_div|cnt[6]  ; clk_50M      ; clk_50M     ; 1.000        ; -0.080     ; 3.160      ;
; -2.243 ; divider:u_div|cnt[23] ; divider:u_div|cnt[11] ; clk_50M      ; clk_50M     ; 1.000        ; -0.080     ; 3.160      ;
; -2.237 ; divider:u_div|cnt[6]  ; divider:u_div|cnt[6]  ; clk_50M      ; clk_50M     ; 1.000        ; -0.076     ; 3.158      ;
; -2.237 ; divider:u_div|cnt[6]  ; divider:u_div|cnt[11] ; clk_50M      ; clk_50M     ; 1.000        ; -0.076     ; 3.158      ;
; -2.236 ; divider:u_div|cnt[20] ; divider:u_div|cnt[24] ; clk_50M      ; clk_50M     ; 1.000        ; -0.076     ; 3.157      ;
; -2.234 ; divider:u_div|cnt[20] ; divider:u_div|cnt[22] ; clk_50M      ; clk_50M     ; 1.000        ; -0.076     ; 3.155      ;
; -2.234 ; divider:u_div|cnt[18] ; divider:u_div|cnt[6]  ; clk_50M      ; clk_50M     ; 1.000        ; -0.080     ; 3.151      ;
; -2.234 ; divider:u_div|cnt[18] ; divider:u_div|cnt[11] ; clk_50M      ; clk_50M     ; 1.000        ; -0.080     ; 3.151      ;
+--------+-----------------------+-----------------------+--------------+-------------+--------------+------------+------------+


+---------------------------------------------------------------------------------------------------------------------------------------+
; Slow 1200mV 125C Model Setup: 'divider:u_div|clk_out'                                                                                 ;
+--------+------------------+------------------+-----------------------+-----------------------+--------------+------------+------------+
; Slack  ; From Node        ; To Node          ; Launch Clock          ; Latch Clock           ; Relationship ; Clock Skew ; Data Delay ;
+--------+------------------+------------------+-----------------------+-----------------------+--------------+------------+------------+
; -1.502 ; M45:u_count|q[2] ; M45:u_count|q[5] ; divider:u_div|clk_out ; divider:u_div|clk_out ; 1.000        ; -0.077     ; 2.422      ;
; -1.502 ; M45:u_count|q[2] ; M45:u_count|q[3] ; divider:u_div|clk_out ; divider:u_div|clk_out ; 1.000        ; -0.077     ; 2.422      ;
; -1.502 ; M45:u_count|q[2] ; M45:u_count|q[2] ; divider:u_div|clk_out ; divider:u_div|clk_out ; 1.000        ; -0.077     ; 2.422      ;
; -1.502 ; M45:u_count|q[2] ; M45:u_count|q[1] ; divider:u_div|clk_out ; divider:u_div|clk_out ; 1.000        ; -0.077     ; 2.422      ;
; -1.502 ; M45:u_count|q[2] ; M45:u_count|q[0] ; divider:u_div|clk_out ; divider:u_div|clk_out ; 1.000        ; -0.077     ; 2.422      ;
; -1.460 ; M45:u_count|q[4] ; M45:u_count|q[5] ; divider:u_div|clk_out ; divider:u_div|clk_out ; 1.000        ; -0.498     ; 1.959      ;
; -1.460 ; M45:u_count|q[4] ; M45:u_count|q[3] ; divider:u_div|clk_out ; divider:u_div|clk_out ; 1.000        ; -0.498     ; 1.959      ;
; -1.460 ; M45:u_count|q[4] ; M45:u_count|q[2] ; divider:u_div|clk_out ; divider:u_div|clk_out ; 1.000        ; -0.498     ; 1.959      ;
; -1.460 ; M45:u_count|q[4] ; M45:u_count|q[1] ; divider:u_div|clk_out ; divider:u_div|clk_out ; 1.000        ; -0.498     ; 1.959      ;
; -1.460 ; M45:u_count|q[4] ; M45:u_count|q[0] ; divider:u_div|clk_out ; divider:u_div|clk_out ; 1.000        ; -0.498     ; 1.959      ;
; -1.373 ; M45:u_count|q[3] ; M45:u_count|q[5] ; divider:u_div|clk_out ; divider:u_div|clk_out ; 1.000        ; -0.077     ; 2.293      ;
; -1.373 ; M45:u_count|q[3] ; M45:u_count|q[3] ; divider:u_div|clk_out ; divider:u_div|clk_out ; 1.000        ; -0.077     ; 2.293      ;
; -1.373 ; M45:u_count|q[3] ; M45:u_count|q[2] ; divider:u_div|clk_out ; divider:u_div|clk_out ; 1.000        ; -0.077     ; 2.293      ;
; -1.373 ; M45:u_count|q[3] ; M45:u_count|q[1] ; divider:u_div|clk_out ; divider:u_div|clk_out ; 1.000        ; -0.077     ; 2.293      ;
; -1.373 ; M45:u_count|q[3] ; M45:u_count|q[0] ; divider:u_div|clk_out ; divider:u_div|clk_out ; 1.000        ; -0.077     ; 2.293      ;
; -1.371 ; M45:u_count|q[6] ; M45:u_count|q[5] ; divider:u_div|clk_out ; divider:u_div|clk_out ; 1.000        ; -0.498     ; 1.870      ;
; -1.371 ; M45:u_count|q[6] ; M45:u_count|q[3] ; divider:u_div|clk_out ; divider:u_div|clk_out ; 1.000        ; -0.498     ; 1.870      ;
; -1.371 ; M45:u_count|q[6] ; M45:u_count|q[2] ; divider:u_div|clk_out ; divider:u_div|clk_out ; 1.000        ; -0.498     ; 1.870      ;
; -1.371 ; M45:u_count|q[6] ; M45:u_count|q[1] ; divider:u_div|clk_out ; divider:u_div|clk_out ; 1.000        ; -0.498     ; 1.870      ;
; -1.371 ; M45:u_count|q[6] ; M45:u_count|q[0] ; divider:u_div|clk_out ; divider:u_div|clk_out ; 1.000        ; -0.498     ; 1.870      ;
; -1.256 ; M45:u_count|q[7] ; M45:u_count|q[5] ; divider:u_div|clk_out ; divider:u_div|clk_out ; 1.000        ; -0.498     ; 1.755      ;
; -1.256 ; M45:u_count|q[7] ; M45:u_count|q[3] ; divider:u_div|clk_out ; divider:u_div|clk_out ; 1.000        ; -0.498     ; 1.755      ;
; -1.256 ; M45:u_count|q[7] ; M45:u_count|q[2] ; divider:u_div|clk_out ; divider:u_div|clk_out ; 1.000        ; -0.498     ; 1.755      ;
; -1.256 ; M45:u_count|q[7] ; M45:u_count|q[1] ; divider:u_div|clk_out ; divider:u_div|clk_out ; 1.000        ; -0.498     ; 1.755      ;
; -1.256 ; M45:u_count|q[7] ; M45:u_count|q[0] ; divider:u_div|clk_out ; divider:u_div|clk_out ; 1.000        ; -0.498     ; 1.755      ;
; -1.150 ; M45:u_count|q[5] ; M45:u_count|q[5] ; divider:u_div|clk_out ; divider:u_div|clk_out ; 1.000        ; -0.077     ; 2.070      ;
; -1.150 ; M45:u_count|q[5] ; M45:u_count|q[3] ; divider:u_div|clk_out ; divider:u_div|clk_out ; 1.000        ; -0.077     ; 2.070      ;
; -1.150 ; M45:u_count|q[5] ; M45:u_count|q[2] ; divider:u_div|clk_out ; divider:u_div|clk_out ; 1.000        ; -0.077     ; 2.070      ;
; -1.150 ; M45:u_count|q[5] ; M45:u_count|q[1] ; divider:u_div|clk_out ; divider:u_div|clk_out ; 1.000        ; -0.077     ; 2.070      ;
; -1.150 ; M45:u_count|q[5] ; M45:u_count|q[0] ; divider:u_div|clk_out ; divider:u_div|clk_out ; 1.000        ; -0.077     ; 2.070      ;
; -1.097 ; M45:u_count|q[2] ; M45:u_count|q[4] ; divider:u_div|clk_out ; divider:u_div|clk_out ; 1.000        ; 0.328      ; 2.422      ;
; -1.097 ; M45:u_count|q[2] ; M45:u_count|q[7] ; divider:u_div|clk_out ; divider:u_div|clk_out ; 1.000        ; 0.328      ; 2.422      ;
; -1.097 ; M45:u_count|q[2] ; M45:u_count|q[6] ; divider:u_div|clk_out ; divider:u_div|clk_out ; 1.000        ; 0.328      ; 2.422      ;
; -1.055 ; M45:u_count|q[4] ; M45:u_count|q[4] ; divider:u_div|clk_out ; divider:u_div|clk_out ; 1.000        ; -0.093     ; 1.959      ;
; -1.055 ; M45:u_count|q[4] ; M45:u_count|q[7] ; divider:u_div|clk_out ; divider:u_div|clk_out ; 1.000        ; -0.093     ; 1.959      ;
; -1.055 ; M45:u_count|q[4] ; M45:u_count|q[6] ; divider:u_div|clk_out ; divider:u_div|clk_out ; 1.000        ; -0.093     ; 1.959      ;
; -1.044 ; M45:u_count|q[0] ; M45:u_count|q[5] ; divider:u_div|clk_out ; divider:u_div|clk_out ; 1.000        ; -0.077     ; 1.964      ;
; -1.032 ; M45:u_count|q[1] ; M45:u_count|q[5] ; divider:u_div|clk_out ; divider:u_div|clk_out ; 1.000        ; -0.077     ; 1.952      ;
; -0.968 ; M45:u_count|q[3] ; M45:u_count|q[4] ; divider:u_div|clk_out ; divider:u_div|clk_out ; 1.000        ; 0.328      ; 2.293      ;
; -0.968 ; M45:u_count|q[3] ; M45:u_count|q[7] ; divider:u_div|clk_out ; divider:u_div|clk_out ; 1.000        ; 0.328      ; 2.293      ;
; -0.968 ; M45:u_count|q[3] ; M45:u_count|q[6] ; divider:u_div|clk_out ; divider:u_div|clk_out ; 1.000        ; 0.328      ; 2.293      ;
; -0.966 ; M45:u_count|q[6] ; M45:u_count|q[4] ; divider:u_div|clk_out ; divider:u_div|clk_out ; 1.000        ; -0.093     ; 1.870      ;
; -0.966 ; M45:u_count|q[6] ; M45:u_count|q[7] ; divider:u_div|clk_out ; divider:u_div|clk_out ; 1.000        ; -0.093     ; 1.870      ;
; -0.966 ; M45:u_count|q[6] ; M45:u_count|q[6] ; divider:u_div|clk_out ; divider:u_div|clk_out ; 1.000        ; -0.093     ; 1.870      ;
; -0.904 ; M45:u_count|q[0] ; M45:u_count|q[3] ; divider:u_div|clk_out ; divider:u_div|clk_out ; 1.000        ; -0.077     ; 1.824      ;
; -0.903 ; M45:u_count|q[1] ; M45:u_count|q[2] ; divider:u_div|clk_out ; divider:u_div|clk_out ; 1.000        ; -0.077     ; 1.823      ;
; -0.892 ; M45:u_count|q[1] ; M45:u_count|q[3] ; divider:u_div|clk_out ; divider:u_div|clk_out ; 1.000        ; -0.077     ; 1.812      ;
; -0.851 ; M45:u_count|q[7] ; M45:u_count|q[4] ; divider:u_div|clk_out ; divider:u_div|clk_out ; 1.000        ; -0.093     ; 1.755      ;
; -0.851 ; M45:u_count|q[7] ; M45:u_count|q[7] ; divider:u_div|clk_out ; divider:u_div|clk_out ; 1.000        ; -0.093     ; 1.755      ;
; -0.851 ; M45:u_count|q[7] ; M45:u_count|q[6] ; divider:u_div|clk_out ; divider:u_div|clk_out ; 1.000        ; -0.093     ; 1.755      ;
; -0.807 ; M45:u_count|q[0] ; M45:u_count|q[2] ; divider:u_div|clk_out ; divider:u_div|clk_out ; 1.000        ; -0.077     ; 1.727      ;
; -0.779 ; M45:u_count|q[0] ; M45:u_count|q[7] ; divider:u_div|clk_out ; divider:u_div|clk_out ; 1.000        ; 0.328      ; 2.104      ;
; -0.778 ; M45:u_count|q[1] ; M45:u_count|q[6] ; divider:u_div|clk_out ; divider:u_div|clk_out ; 1.000        ; 0.328      ; 2.103      ;
; -0.767 ; M45:u_count|q[1] ; M45:u_count|q[7] ; divider:u_div|clk_out ; divider:u_div|clk_out ; 1.000        ; 0.328      ; 2.092      ;
; -0.764 ; M45:u_count|q[0] ; M45:u_count|q[1] ; divider:u_div|clk_out ; divider:u_div|clk_out ; 1.000        ; -0.077     ; 1.684      ;
; -0.745 ; M45:u_count|q[5] ; M45:u_count|q[4] ; divider:u_div|clk_out ; divider:u_div|clk_out ; 1.000        ; 0.328      ; 2.070      ;
; -0.745 ; M45:u_count|q[5] ; M45:u_count|q[7] ; divider:u_div|clk_out ; divider:u_div|clk_out ; 1.000        ; 0.328      ; 2.070      ;
; -0.745 ; M45:u_count|q[5] ; M45:u_count|q[6] ; divider:u_div|clk_out ; divider:u_div|clk_out ; 1.000        ; 0.328      ; 2.070      ;
; -0.682 ; M45:u_count|q[0] ; M45:u_count|q[6] ; divider:u_div|clk_out ; divider:u_div|clk_out ; 1.000        ; 0.328      ; 2.007      ;
; -0.638 ; M45:u_count|q[1] ; M45:u_count|q[4] ; divider:u_div|clk_out ; divider:u_div|clk_out ; 1.000        ; 0.328      ; 1.963      ;
; -0.542 ; M45:u_count|q[0] ; M45:u_count|q[4] ; divider:u_div|clk_out ; divider:u_div|clk_out ; 1.000        ; 0.328      ; 1.867      ;
; -0.279 ; M45:u_count|q[0] ; M45:u_count|q[0] ; divider:u_div|clk_out ; divider:u_div|clk_out ; 1.000        ; -0.077     ; 1.199      ;
; -0.251 ; M45:u_count|q[1] ; M45:u_count|q[1] ; divider:u_div|clk_out ; divider:u_div|clk_out ; 1.000        ; -0.077     ; 1.171      ;
+--------+------------------+------------------+-----------------------+-----------------------+--------------+------------+------------+


+--------------------------------------------------------------------------------------------------------------------------------------+
; Slow 1200mV 125C Model Hold: 'divider:u_div|clk_out'                                                                                 ;
+-------+------------------+------------------+-----------------------+-----------------------+--------------+------------+------------+
; Slack ; From Node        ; To Node          ; Launch Clock          ; Latch Clock           ; Relationship ; Clock Skew ; Data Delay ;
+-------+------------------+------------------+-----------------------+-----------------------+--------------+------------+------------+
; 0.592 ; M45:u_count|q[5] ; M45:u_count|q[6] ; divider:u_div|clk_out ; divider:u_div|clk_out ; 0.000        ; 0.498      ; 1.279      ;
; 0.603 ; M45:u_count|q[3] ; M45:u_count|q[4] ; divider:u_div|clk_out ; divider:u_div|clk_out ; 0.000        ; 0.498      ; 1.290      ;
; 0.632 ; M45:u_count|q[2] ; M45:u_count|q[4] ; divider:u_div|clk_out ; divider:u_div|clk_out ; 0.000        ; 0.498      ; 1.319      ;
; 0.680 ; M45:u_count|q[7] ; M45:u_count|q[7] ; divider:u_div|clk_out ; divider:u_div|clk_out ; 0.000        ; 0.093      ; 0.962      ;
; 0.680 ; M45:u_count|q[1] ; M45:u_count|q[1] ; divider:u_div|clk_out ; divider:u_div|clk_out ; 0.000        ; 0.077      ; 0.946      ;
; 0.683 ; M45:u_count|q[6] ; M45:u_count|q[6] ; divider:u_div|clk_out ; divider:u_div|clk_out ; 0.000        ; 0.093      ; 0.965      ;
; 0.683 ; M45:u_count|q[4] ; M45:u_count|q[4] ; divider:u_div|clk_out ; divider:u_div|clk_out ; 0.000        ; 0.093      ; 0.965      ;
; 0.686 ; M45:u_count|q[5] ; M45:u_count|q[5] ; divider:u_div|clk_out ; divider:u_div|clk_out ; 0.000        ; 0.077      ; 0.952      ;
; 0.696 ; M45:u_count|q[3] ; M45:u_count|q[3] ; divider:u_div|clk_out ; divider:u_div|clk_out ; 0.000        ; 0.077      ; 0.962      ;
; 0.701 ; M45:u_count|q[0] ; M45:u_count|q[0] ; divider:u_div|clk_out ; divider:u_div|clk_out ; 0.000        ; 0.077      ; 0.967      ;
; 0.705 ; M45:u_count|q[2] ; M45:u_count|q[2] ; divider:u_div|clk_out ; divider:u_div|clk_out ; 0.000        ; 0.077      ; 0.971      ;
; 0.721 ; M45:u_count|q[1] ; M45:u_count|q[4] ; divider:u_div|clk_out ; divider:u_div|clk_out ; 0.000        ; 0.498      ; 1.408      ;
; 0.725 ; M45:u_count|q[5] ; M45:u_count|q[7] ; divider:u_div|clk_out ; divider:u_div|clk_out ; 0.000        ; 0.498      ; 1.412      ;
; 0.736 ; M45:u_count|q[0] ; M45:u_count|q[4] ; divider:u_div|clk_out ; divider:u_div|clk_out ; 0.000        ; 0.498      ; 1.423      ;
; 0.737 ; M45:u_count|q[3] ; M45:u_count|q[6] ; divider:u_div|clk_out ; divider:u_div|clk_out ; 0.000        ; 0.498      ; 1.424      ;
; 0.766 ; M45:u_count|q[2] ; M45:u_count|q[6] ; divider:u_div|clk_out ; divider:u_div|clk_out ; 0.000        ; 0.498      ; 1.453      ;
; 0.855 ; M45:u_count|q[1] ; M45:u_count|q[6] ; divider:u_div|clk_out ; divider:u_div|clk_out ; 0.000        ; 0.498      ; 1.542      ;
; 0.870 ; M45:u_count|q[3] ; M45:u_count|q[7] ; divider:u_div|clk_out ; divider:u_div|clk_out ; 0.000        ; 0.498      ; 1.557      ;
; 0.870 ; M45:u_count|q[0] ; M45:u_count|q[6] ; divider:u_div|clk_out ; divider:u_div|clk_out ; 0.000        ; 0.498      ; 1.557      ;
; 0.899 ; M45:u_count|q[2] ; M45:u_count|q[7] ; divider:u_div|clk_out ; divider:u_div|clk_out ; 0.000        ; 0.498      ; 1.586      ;
; 0.988 ; M45:u_count|q[1] ; M45:u_count|q[7] ; divider:u_div|clk_out ; divider:u_div|clk_out ; 0.000        ; 0.498      ; 1.675      ;
; 1.003 ; M45:u_count|q[0] ; M45:u_count|q[7] ; divider:u_div|clk_out ; divider:u_div|clk_out ; 0.000        ; 0.498      ; 1.690      ;
; 1.008 ; M45:u_count|q[1] ; M45:u_count|q[2] ; divider:u_div|clk_out ; divider:u_div|clk_out ; 0.000        ; 0.077      ; 1.274      ;
; 1.022 ; M45:u_count|q[0] ; M45:u_count|q[1] ; divider:u_div|clk_out ; divider:u_div|clk_out ; 0.000        ; 0.077      ; 1.288      ;
; 1.023 ; M45:u_count|q[0] ; M45:u_count|q[2] ; divider:u_div|clk_out ; divider:u_div|clk_out ; 0.000        ; 0.077      ; 1.289      ;
; 1.030 ; M45:u_count|q[6] ; M45:u_count|q[7] ; divider:u_div|clk_out ; divider:u_div|clk_out ; 0.000        ; 0.093      ; 1.312      ;
; 1.031 ; M45:u_count|q[4] ; M45:u_count|q[6] ; divider:u_div|clk_out ; divider:u_div|clk_out ; 0.000        ; 0.093      ; 1.313      ;
; 1.052 ; M45:u_count|q[2] ; M45:u_count|q[3] ; divider:u_div|clk_out ; divider:u_div|clk_out ; 0.000        ; 0.077      ; 1.318      ;
; 1.141 ; M45:u_count|q[1] ; M45:u_count|q[3] ; divider:u_div|clk_out ; divider:u_div|clk_out ; 0.000        ; 0.077      ; 1.407      ;
; 1.156 ; M45:u_count|q[0] ; M45:u_count|q[3] ; divider:u_div|clk_out ; divider:u_div|clk_out ; 0.000        ; 0.077      ; 1.422      ;
; 1.157 ; M45:u_count|q[3] ; M45:u_count|q[5] ; divider:u_div|clk_out ; divider:u_div|clk_out ; 0.000        ; 0.077      ; 1.423      ;
; 1.164 ; M45:u_count|q[4] ; M45:u_count|q[7] ; divider:u_div|clk_out ; divider:u_div|clk_out ; 0.000        ; 0.093      ; 1.446      ;
; 1.186 ; M45:u_count|q[2] ; M45:u_count|q[5] ; divider:u_div|clk_out ; divider:u_div|clk_out ; 0.000        ; 0.077      ; 1.452      ;
; 1.260 ; M45:u_count|q[5] ; M45:u_count|q[4] ; divider:u_div|clk_out ; divider:u_div|clk_out ; 0.000        ; 0.498      ; 1.947      ;
; 1.275 ; M45:u_count|q[1] ; M45:u_count|q[5] ; divider:u_div|clk_out ; divider:u_div|clk_out ; 0.000        ; 0.077      ; 1.541      ;
; 1.290 ; M45:u_count|q[0] ; M45:u_count|q[5] ; divider:u_div|clk_out ; divider:u_div|clk_out ; 0.000        ; 0.077      ; 1.556      ;
; 1.318 ; M45:u_count|q[7] ; M45:u_count|q[4] ; divider:u_div|clk_out ; divider:u_div|clk_out ; 0.000        ; 0.093      ; 1.600      ;
; 1.318 ; M45:u_count|q[7] ; M45:u_count|q[6] ; divider:u_div|clk_out ; divider:u_div|clk_out ; 0.000        ; 0.093      ; 1.600      ;
; 1.410 ; M45:u_count|q[6] ; M45:u_count|q[4] ; divider:u_div|clk_out ; divider:u_div|clk_out ; 0.000        ; 0.093      ; 1.692      ;
; 1.451 ; M45:u_count|q[4] ; M45:u_count|q[5] ; divider:u_div|clk_out ; divider:u_div|clk_out ; 0.000        ; -0.328     ; 1.312      ;
; 1.681 ; M45:u_count|q[5] ; M45:u_count|q[3] ; divider:u_div|clk_out ; divider:u_div|clk_out ; 0.000        ; 0.077      ; 1.947      ;
; 1.681 ; M45:u_count|q[5] ; M45:u_count|q[2] ; divider:u_div|clk_out ; divider:u_div|clk_out ; 0.000        ; 0.077      ; 1.947      ;
; 1.681 ; M45:u_count|q[5] ; M45:u_count|q[1] ; divider:u_div|clk_out ; divider:u_div|clk_out ; 0.000        ; 0.077      ; 1.947      ;
; 1.681 ; M45:u_count|q[5] ; M45:u_count|q[0] ; divider:u_div|clk_out ; divider:u_div|clk_out ; 0.000        ; 0.077      ; 1.947      ;
; 1.739 ; M45:u_count|q[7] ; M45:u_count|q[5] ; divider:u_div|clk_out ; divider:u_div|clk_out ; 0.000        ; -0.328     ; 1.600      ;
; 1.739 ; M45:u_count|q[7] ; M45:u_count|q[3] ; divider:u_div|clk_out ; divider:u_div|clk_out ; 0.000        ; -0.328     ; 1.600      ;
; 1.739 ; M45:u_count|q[7] ; M45:u_count|q[2] ; divider:u_div|clk_out ; divider:u_div|clk_out ; 0.000        ; -0.328     ; 1.600      ;
; 1.739 ; M45:u_count|q[7] ; M45:u_count|q[1] ; divider:u_div|clk_out ; divider:u_div|clk_out ; 0.000        ; -0.328     ; 1.600      ;
; 1.739 ; M45:u_count|q[7] ; M45:u_count|q[0] ; divider:u_div|clk_out ; divider:u_div|clk_out ; 0.000        ; -0.328     ; 1.600      ;
; 1.831 ; M45:u_count|q[6] ; M45:u_count|q[5] ; divider:u_div|clk_out ; divider:u_div|clk_out ; 0.000        ; -0.328     ; 1.692      ;
; 1.831 ; M45:u_count|q[6] ; M45:u_count|q[3] ; divider:u_div|clk_out ; divider:u_div|clk_out ; 0.000        ; -0.328     ; 1.692      ;
; 1.831 ; M45:u_count|q[6] ; M45:u_count|q[2] ; divider:u_div|clk_out ; divider:u_div|clk_out ; 0.000        ; -0.328     ; 1.692      ;
; 1.831 ; M45:u_count|q[6] ; M45:u_count|q[1] ; divider:u_div|clk_out ; divider:u_div|clk_out ; 0.000        ; -0.328     ; 1.692      ;
; 1.831 ; M45:u_count|q[6] ; M45:u_count|q[0] ; divider:u_div|clk_out ; divider:u_div|clk_out ; 0.000        ; -0.328     ; 1.692      ;
; 1.888 ; M45:u_count|q[3] ; M45:u_count|q[2] ; divider:u_div|clk_out ; divider:u_div|clk_out ; 0.000        ; 0.077      ; 2.154      ;
; 1.888 ; M45:u_count|q[3] ; M45:u_count|q[1] ; divider:u_div|clk_out ; divider:u_div|clk_out ; 0.000        ; 0.077      ; 2.154      ;
; 1.888 ; M45:u_count|q[3] ; M45:u_count|q[0] ; divider:u_div|clk_out ; divider:u_div|clk_out ; 0.000        ; 0.077      ; 2.154      ;
; 1.970 ; M45:u_count|q[4] ; M45:u_count|q[3] ; divider:u_div|clk_out ; divider:u_div|clk_out ; 0.000        ; -0.328     ; 1.831      ;
; 1.970 ; M45:u_count|q[4] ; M45:u_count|q[2] ; divider:u_div|clk_out ; divider:u_div|clk_out ; 0.000        ; -0.328     ; 1.831      ;
; 1.970 ; M45:u_count|q[4] ; M45:u_count|q[1] ; divider:u_div|clk_out ; divider:u_div|clk_out ; 0.000        ; -0.328     ; 1.831      ;
; 1.970 ; M45:u_count|q[4] ; M45:u_count|q[0] ; divider:u_div|clk_out ; divider:u_div|clk_out ; 0.000        ; -0.328     ; 1.831      ;
; 2.058 ; M45:u_count|q[2] ; M45:u_count|q[1] ; divider:u_div|clk_out ; divider:u_div|clk_out ; 0.000        ; 0.077      ; 2.324      ;
; 2.058 ; M45:u_count|q[2] ; M45:u_count|q[0] ; divider:u_div|clk_out ; divider:u_div|clk_out ; 0.000        ; 0.077      ; 2.324      ;
+-------+------------------+------------------+-----------------------+-----------------------+--------------+------------+------------+


+--------------------------------------------------------------------------------------------------------------------------------------+
; Slow 1200mV 125C Model Hold: 'clk_50M'                                                                                               ;
+-------+-----------------------+-----------------------+-----------------------+-------------+--------------+------------+------------+
; Slack ; From Node             ; To Node               ; Launch Clock          ; Latch Clock ; Relationship ; Clock Skew ; Data Delay ;
+-------+-----------------------+-----------------------+-----------------------+-------------+--------------+------------+------------+
; 0.662 ; divider:u_div|cnt[7]  ; divider:u_div|cnt[7]  ; clk_50M               ; clk_50M     ; 0.000        ; 0.076      ; 0.927      ;
; 0.665 ; divider:u_div|cnt[2]  ; divider:u_div|cnt[2]  ; clk_50M               ; clk_50M     ; 0.000        ; 0.076      ; 0.930      ;
; 0.666 ; divider:u_div|cnt[8]  ; divider:u_div|cnt[8]  ; clk_50M               ; clk_50M     ; 0.000        ; 0.076      ; 0.931      ;
; 0.668 ; divider:u_div|cnt[4]  ; divider:u_div|cnt[4]  ; clk_50M               ; clk_50M     ; 0.000        ; 0.076      ; 0.933      ;
; 0.677 ; divider:u_div|cnt[15] ; divider:u_div|cnt[15] ; clk_50M               ; clk_50M     ; 0.000        ; 0.076      ; 0.942      ;
; 0.677 ; divider:u_div|cnt[9]  ; divider:u_div|cnt[9]  ; clk_50M               ; clk_50M     ; 0.000        ; 0.076      ; 0.942      ;
; 0.678 ; divider:u_div|cnt[23] ; divider:u_div|cnt[23] ; clk_50M               ; clk_50M     ; 0.000        ; 0.076      ; 0.943      ;
; 0.678 ; divider:u_div|cnt[17] ; divider:u_div|cnt[17] ; clk_50M               ; clk_50M     ; 0.000        ; 0.076      ; 0.943      ;
; 0.678 ; divider:u_div|cnt[1]  ; divider:u_div|cnt[1]  ; clk_50M               ; clk_50M     ; 0.000        ; 0.076      ; 0.943      ;
; 0.679 ; divider:u_div|cnt[5]  ; divider:u_div|cnt[5]  ; clk_50M               ; clk_50M     ; 0.000        ; 0.076      ; 0.944      ;
; 0.679 ; divider:u_div|cnt[3]  ; divider:u_div|cnt[3]  ; clk_50M               ; clk_50M     ; 0.000        ; 0.076      ; 0.944      ;
; 0.681 ; divider:u_div|cnt[10] ; divider:u_div|cnt[10] ; clk_50M               ; clk_50M     ; 0.000        ; 0.076      ; 0.946      ;
; 0.707 ; divider:u_div|cnt[0]  ; divider:u_div|cnt[0]  ; clk_50M               ; clk_50M     ; 0.000        ; 0.076      ; 0.972      ;
; 0.986 ; divider:u_div|clk_out ; divider:u_div|clk_out ; divider:u_div|clk_out ; clk_50M     ; 0.000        ; 2.719      ; 4.161      ;
; 0.989 ; divider:u_div|cnt[7]  ; divider:u_div|cnt[8]  ; clk_50M               ; clk_50M     ; 0.000        ; 0.076      ; 1.254      ;
; 1.004 ; divider:u_div|cnt[9]  ; divider:u_div|cnt[10] ; clk_50M               ; clk_50M     ; 0.000        ; 0.076      ; 1.269      ;
; 1.005 ; divider:u_div|cnt[1]  ; divider:u_div|cnt[2]  ; clk_50M               ; clk_50M     ; 0.000        ; 0.076      ; 1.270      ;
; 1.007 ; divider:u_div|cnt[3]  ; divider:u_div|cnt[4]  ; clk_50M               ; clk_50M     ; 0.000        ; 0.076      ; 1.272      ;
; 1.008 ; divider:u_div|cnt[2]  ; divider:u_div|cnt[3]  ; clk_50M               ; clk_50M     ; 0.000        ; 0.076      ; 1.273      ;
; 1.009 ; divider:u_div|cnt[2]  ; divider:u_div|cnt[4]  ; clk_50M               ; clk_50M     ; 0.000        ; 0.076      ; 1.274      ;
; 1.013 ; divider:u_div|cnt[8]  ; divider:u_div|cnt[9]  ; clk_50M               ; clk_50M     ; 0.000        ; 0.076      ; 1.278      ;
; 1.014 ; divider:u_div|cnt[8]  ; divider:u_div|cnt[10] ; clk_50M               ; clk_50M     ; 0.000        ; 0.076      ; 1.279      ;
; 1.015 ; divider:u_div|cnt[4]  ; divider:u_div|cnt[5]  ; clk_50M               ; clk_50M     ; 0.000        ; 0.076      ; 1.280      ;
; 1.016 ; divider:u_div|cnt[6]  ; divider:u_div|cnt[7]  ; clk_50M               ; clk_50M     ; 0.000        ; 0.076      ; 1.281      ;
; 1.017 ; divider:u_div|cnt[6]  ; divider:u_div|cnt[8]  ; clk_50M               ; clk_50M     ; 0.000        ; 0.076      ; 1.282      ;
; 1.028 ; divider:u_div|cnt[0]  ; divider:u_div|cnt[1]  ; clk_50M               ; clk_50M     ; 0.000        ; 0.076      ; 1.293      ;
; 1.029 ; divider:u_div|cnt[0]  ; divider:u_div|cnt[2]  ; clk_50M               ; clk_50M     ; 0.000        ; 0.076      ; 1.294      ;
; 1.030 ; divider:u_div|cnt[21] ; divider:u_div|cnt[21] ; clk_50M               ; clk_50M     ; 0.000        ; 0.076      ; 1.295      ;
; 1.033 ; divider:u_div|cnt[18] ; divider:u_div|cnt[18] ; clk_50M               ; clk_50M     ; 0.000        ; 0.076      ; 1.298      ;
; 1.034 ; divider:u_div|cnt[20] ; divider:u_div|cnt[20] ; clk_50M               ; clk_50M     ; 0.000        ; 0.076      ; 1.299      ;
; 1.122 ; divider:u_div|cnt[7]  ; divider:u_div|cnt[9]  ; clk_50M               ; clk_50M     ; 0.000        ; 0.076      ; 1.387      ;
; 1.123 ; divider:u_div|cnt[7]  ; divider:u_div|cnt[10] ; clk_50M               ; clk_50M     ; 0.000        ; 0.076      ; 1.388      ;
; 1.137 ; divider:u_div|cnt[15] ; divider:u_div|cnt[17] ; clk_50M               ; clk_50M     ; 0.000        ; 0.076      ; 1.402      ;
; 1.138 ; divider:u_div|cnt[1]  ; divider:u_div|cnt[3]  ; clk_50M               ; clk_50M     ; 0.000        ; 0.076      ; 1.403      ;
; 1.139 ; divider:u_div|cnt[21] ; divider:u_div|cnt[23] ; clk_50M               ; clk_50M     ; 0.000        ; 0.076      ; 1.404      ;
; 1.139 ; divider:u_div|cnt[1]  ; divider:u_div|cnt[4]  ; clk_50M               ; clk_50M     ; 0.000        ; 0.076      ; 1.404      ;
; 1.140 ; divider:u_div|cnt[3]  ; divider:u_div|cnt[5]  ; clk_50M               ; clk_50M     ; 0.000        ; 0.076      ; 1.405      ;
; 1.140 ; divider:u_div|cnt[5]  ; divider:u_div|cnt[7]  ; clk_50M               ; clk_50M     ; 0.000        ; 0.076      ; 1.405      ;
; 1.141 ; divider:u_div|cnt[5]  ; divider:u_div|cnt[8]  ; clk_50M               ; clk_50M     ; 0.000        ; 0.076      ; 1.406      ;
; 1.142 ; divider:u_div|cnt[2]  ; divider:u_div|cnt[5]  ; clk_50M               ; clk_50M     ; 0.000        ; 0.076      ; 1.407      ;
; 1.149 ; divider:u_div|cnt[4]  ; divider:u_div|cnt[7]  ; clk_50M               ; clk_50M     ; 0.000        ; 0.076      ; 1.414      ;
; 1.150 ; divider:u_div|cnt[6]  ; divider:u_div|cnt[9]  ; clk_50M               ; clk_50M     ; 0.000        ; 0.076      ; 1.415      ;
; 1.150 ; divider:u_div|cnt[4]  ; divider:u_div|cnt[8]  ; clk_50M               ; clk_50M     ; 0.000        ; 0.076      ; 1.415      ;
; 1.151 ; divider:u_div|cnt[6]  ; divider:u_div|cnt[10] ; clk_50M               ; clk_50M     ; 0.000        ; 0.076      ; 1.416      ;
; 1.162 ; divider:u_div|cnt[0]  ; divider:u_div|cnt[3]  ; clk_50M               ; clk_50M     ; 0.000        ; 0.076      ; 1.427      ;
; 1.163 ; divider:u_div|cnt[24] ; divider:u_div|cnt[24] ; clk_50M               ; clk_50M     ; 0.000        ; 0.076      ; 1.428      ;
; 1.163 ; divider:u_div|cnt[0]  ; divider:u_div|cnt[4]  ; clk_50M               ; clk_50M     ; 0.000        ; 0.076      ; 1.428      ;
; 1.164 ; divider:u_div|cnt[11] ; divider:u_div|cnt[11] ; clk_50M               ; clk_50M     ; 0.000        ; 0.076      ; 1.429      ;
; 1.164 ; divider:u_div|cnt[20] ; divider:u_div|cnt[23] ; clk_50M               ; clk_50M     ; 0.000        ; 0.076      ; 1.429      ;
; 1.192 ; divider:u_div|cnt[14] ; divider:u_div|cnt[15] ; clk_50M               ; clk_50M     ; 0.000        ; 0.076      ; 1.457      ;
; 1.234 ; divider:u_div|cnt[16] ; divider:u_div|cnt[17] ; clk_50M               ; clk_50M     ; 0.000        ; 0.076      ; 1.499      ;
; 1.234 ; divider:u_div|cnt[22] ; divider:u_div|cnt[23] ; clk_50M               ; clk_50M     ; 0.000        ; 0.076      ; 1.499      ;
; 1.272 ; divider:u_div|cnt[1]  ; divider:u_div|cnt[5]  ; clk_50M               ; clk_50M     ; 0.000        ; 0.076      ; 1.537      ;
; 1.273 ; divider:u_div|cnt[11] ; divider:u_div|cnt[15] ; clk_50M               ; clk_50M     ; 0.000        ; 0.080      ; 1.542      ;
; 1.274 ; divider:u_div|cnt[3]  ; divider:u_div|cnt[7]  ; clk_50M               ; clk_50M     ; 0.000        ; 0.076      ; 1.539      ;
; 1.274 ; divider:u_div|cnt[5]  ; divider:u_div|cnt[9]  ; clk_50M               ; clk_50M     ; 0.000        ; 0.076      ; 1.539      ;
; 1.275 ; divider:u_div|cnt[3]  ; divider:u_div|cnt[8]  ; clk_50M               ; clk_50M     ; 0.000        ; 0.076      ; 1.540      ;
; 1.275 ; divider:u_div|cnt[5]  ; divider:u_div|cnt[10] ; clk_50M               ; clk_50M     ; 0.000        ; 0.076      ; 1.540      ;
; 1.276 ; divider:u_div|cnt[2]  ; divider:u_div|cnt[7]  ; clk_50M               ; clk_50M     ; 0.000        ; 0.076      ; 1.541      ;
; 1.277 ; divider:u_div|cnt[2]  ; divider:u_div|cnt[8]  ; clk_50M               ; clk_50M     ; 0.000        ; 0.076      ; 1.542      ;
; 1.282 ; divider:u_div|cnt[6]  ; divider:u_div|cnt[6]  ; clk_50M               ; clk_50M     ; 0.000        ; 0.076      ; 1.547      ;
; 1.283 ; divider:u_div|cnt[4]  ; divider:u_div|cnt[9]  ; clk_50M               ; clk_50M     ; 0.000        ; 0.076      ; 1.548      ;
; 1.284 ; divider:u_div|cnt[4]  ; divider:u_div|cnt[10] ; clk_50M               ; clk_50M     ; 0.000        ; 0.076      ; 1.549      ;
; 1.291 ; divider:u_div|cnt[18] ; divider:u_div|cnt[23] ; clk_50M               ; clk_50M     ; 0.000        ; 0.076      ; 1.556      ;
; 1.292 ; divider:u_div|cnt[10] ; divider:u_div|cnt[15] ; clk_50M               ; clk_50M     ; 0.000        ; 0.080      ; 1.561      ;
; 1.296 ; divider:u_div|cnt[0]  ; divider:u_div|cnt[5]  ; clk_50M               ; clk_50M     ; 0.000        ; 0.076      ; 1.561      ;
; 1.302 ; divider:u_div|cnt[13] ; divider:u_div|cnt[15] ; clk_50M               ; clk_50M     ; 0.000        ; 0.076      ; 1.567      ;
; 1.304 ; divider:u_div|cnt[12] ; divider:u_div|cnt[15] ; clk_50M               ; clk_50M     ; 0.000        ; 0.076      ; 1.569      ;
; 1.326 ; divider:u_div|cnt[14] ; divider:u_div|cnt[17] ; clk_50M               ; clk_50M     ; 0.000        ; 0.076      ; 1.591      ;
; 1.358 ; divider:u_div|cnt[17] ; divider:u_div|cnt[18] ; clk_50M               ; clk_50M     ; 0.000        ; 0.076      ; 1.623      ;
; 1.364 ; divider:u_div|cnt[13] ; divider:u_div|cnt[13] ; clk_50M               ; clk_50M     ; 0.000        ; 0.076      ; 1.629      ;
; 1.375 ; divider:u_div|cnt[18] ; divider:u_div|cnt[20] ; clk_50M               ; clk_50M     ; 0.000        ; 0.076      ; 1.640      ;
; 1.378 ; divider:u_div|cnt[20] ; divider:u_div|cnt[21] ; clk_50M               ; clk_50M     ; 0.000        ; 0.076      ; 1.643      ;
; 1.387 ; divider:u_div|cnt[16] ; divider:u_div|cnt[16] ; clk_50M               ; clk_50M     ; 0.000        ; 0.076      ; 1.652      ;
; 1.395 ; divider:u_div|cnt[19] ; divider:u_div|cnt[19] ; clk_50M               ; clk_50M     ; 0.000        ; 0.076      ; 1.660      ;
; 1.401 ; divider:u_div|cnt[9]  ; divider:u_div|cnt[15] ; clk_50M               ; clk_50M     ; 0.000        ; 0.080      ; 1.670      ;
; 1.406 ; divider:u_div|cnt[1]  ; divider:u_div|cnt[7]  ; clk_50M               ; clk_50M     ; 0.000        ; 0.076      ; 1.671      ;
; 1.406 ; divider:u_div|cnt[17] ; divider:u_div|cnt[23] ; clk_50M               ; clk_50M     ; 0.000        ; 0.076      ; 1.671      ;
; 1.407 ; divider:u_div|cnt[1]  ; divider:u_div|cnt[8]  ; clk_50M               ; clk_50M     ; 0.000        ; 0.076      ; 1.672      ;
; 1.407 ; divider:u_div|cnt[11] ; divider:u_div|cnt[17] ; clk_50M               ; clk_50M     ; 0.000        ; 0.080      ; 1.676      ;
; 1.408 ; divider:u_div|cnt[3]  ; divider:u_div|cnt[9]  ; clk_50M               ; clk_50M     ; 0.000        ; 0.076      ; 1.673      ;
; 1.409 ; divider:u_div|cnt[3]  ; divider:u_div|cnt[10] ; clk_50M               ; clk_50M     ; 0.000        ; 0.076      ; 1.674      ;
; 1.410 ; divider:u_div|cnt[2]  ; divider:u_div|cnt[9]  ; clk_50M               ; clk_50M     ; 0.000        ; 0.076      ; 1.675      ;
; 1.411 ; divider:u_div|cnt[8]  ; divider:u_div|cnt[15] ; clk_50M               ; clk_50M     ; 0.000        ; 0.080      ; 1.680      ;
; 1.411 ; divider:u_div|cnt[2]  ; divider:u_div|cnt[10] ; clk_50M               ; clk_50M     ; 0.000        ; 0.076      ; 1.676      ;
; 1.412 ; divider:u_div|cnt[22] ; divider:u_div|cnt[22] ; clk_50M               ; clk_50M     ; 0.000        ; 0.076      ; 1.677      ;
; 1.426 ; divider:u_div|cnt[10] ; divider:u_div|cnt[17] ; clk_50M               ; clk_50M     ; 0.000        ; 0.080      ; 1.695      ;
; 1.430 ; divider:u_div|cnt[0]  ; divider:u_div|cnt[7]  ; clk_50M               ; clk_50M     ; 0.000        ; 0.076      ; 1.695      ;
; 1.431 ; divider:u_div|cnt[0]  ; divider:u_div|cnt[8]  ; clk_50M               ; clk_50M     ; 0.000        ; 0.076      ; 1.696      ;
; 1.436 ; divider:u_div|cnt[13] ; divider:u_div|cnt[17] ; clk_50M               ; clk_50M     ; 0.000        ; 0.076      ; 1.701      ;
; 1.438 ; divider:u_div|cnt[12] ; divider:u_div|cnt[17] ; clk_50M               ; clk_50M     ; 0.000        ; 0.076      ; 1.703      ;
; 1.471 ; divider:u_div|cnt[19] ; divider:u_div|cnt[23] ; clk_50M               ; clk_50M     ; 0.000        ; 0.076      ; 1.736      ;
; 1.477 ; divider:u_div|cnt[14] ; divider:u_div|cnt[14] ; clk_50M               ; clk_50M     ; 0.000        ; 0.076      ; 1.742      ;
; 1.481 ; divider:u_div|clk_out ; divider:u_div|clk_out ; divider:u_div|clk_out ; clk_50M     ; -0.500       ; 2.719      ; 4.156      ;
; 1.490 ; divider:u_div|cnt[17] ; divider:u_div|cnt[20] ; clk_50M               ; clk_50M     ; 0.000        ; 0.076      ; 1.755      ;
; 1.491 ; divider:u_div|cnt[15] ; divider:u_div|cnt[18] ; clk_50M               ; clk_50M     ; 0.000        ; 0.076      ; 1.756      ;
; 1.504 ; divider:u_div|cnt[15] ; divider:u_div|cnt[16] ; clk_50M               ; clk_50M     ; 0.000        ; 0.076      ; 1.769      ;
; 1.504 ; divider:u_div|cnt[18] ; divider:u_div|cnt[19] ; clk_50M               ; clk_50M     ; 0.000        ; 0.076      ; 1.769      ;
; 1.505 ; divider:u_div|cnt[18] ; divider:u_div|cnt[21] ; clk_50M               ; clk_50M     ; 0.000        ; 0.076      ; 1.770      ;
; 1.511 ; divider:u_div|cnt[10] ; divider:u_div|cnt[11] ; clk_50M               ; clk_50M     ; 0.000        ; 0.076      ; 1.776      ;
+-------+-----------------------+-----------------------+-----------------------+-------------+--------------+------------+------------+


------------------------------------------------
; Slow 1200mV 125C Model Metastability Summary ;
------------------------------------------------
No synchronizer chains to report.


+-------------------------------------------------------------------------------------------------------+
; Slow 1200mV -40C Model Fmax Summary                                                                   ;
+------------+-----------------+-----------------------+------------------------------------------------+
; Fmax       ; Restricted Fmax ; Clock Name            ; Note                                           ;
+------------+-----------------+-----------------------+------------------------------------------------+
; 239.06 MHz ; 239.06 MHz      ; clk_50M               ;                                                ;
; 457.88 MHz ; 437.64 MHz      ; divider:u_div|clk_out ; limit due to minimum period restriction (tmin) ;
+------------+-----------------+-----------------------+------------------------------------------------+
This panel reports FMAX for every clock in the design, regardless of the user-specified clock periods.  FMAX is only computed for paths where the source and destination registers or ports are driven by the same clock.  Paths of different clocks, including generated clocks, are ignored.  For paths between a clock and its inversion, FMAX is computed as if the rising and falling edges are scaled along with FMAX, such that the duty cycle (in terms of a percentage) is maintained. Altera recommends that you always use clock constraints and other slack reports for sign-off analysis.


+------------------------------------------------+
; Slow 1200mV -40C Model Setup Summary           ;
+-----------------------+--------+---------------+
; Clock                 ; Slack  ; End Point TNS ;
+-----------------------+--------+---------------+
; clk_50M               ; -3.183 ; -37.448       ;
; divider:u_div|clk_out ; -1.184 ; -8.374        ;
+-----------------------+--------+---------------+


+-----------------------------------------------+
; Slow 1200mV -40C Model Hold Summary           ;
+-----------------------+-------+---------------+
; Clock                 ; Slack ; End Point TNS ;
+-----------------------+-------+---------------+
; divider:u_div|clk_out ; 0.493 ; 0.000         ;
; clk_50M               ; 0.579 ; 0.000         ;
+-----------------------+-------+---------------+


-------------------------------------------
; Slow 1200mV -40C Model Recovery Summary ;
-------------------------------------------
No paths to report.


------------------------------------------
; Slow 1200mV -40C Model Removal Summary ;
------------------------------------------
No paths to report.


+----------------------------------------------------+
; Slow 1200mV -40C Model Minimum Pulse Width Summary ;
+-----------------------+--------+-------------------+
; Clock                 ; Slack  ; End Point TNS     ;
+-----------------------+--------+-------------------+
; clk_50M               ; -3.000 ; -36.410           ;
; divider:u_div|clk_out ; -1.285 ; -10.280           ;
+-----------------------+--------+-------------------+


+------------------------------------------------------------------------------------------------------------------------------+
; Slow 1200mV -40C Model Setup: 'clk_50M'                                                                                      ;
+--------+-----------------------+-----------------------+--------------+-------------+--------------+------------+------------+
; Slack  ; From Node             ; To Node               ; Launch Clock ; Latch Clock ; Relationship ; Clock Skew ; Data Delay ;
+--------+-----------------------+-----------------------+--------------+-------------+--------------+------------+------------+
; -3.183 ; divider:u_div|cnt[11] ; divider:u_div|clk_out ; clk_50M      ; clk_50M     ; 1.000        ; -0.060     ; 4.123      ;
; -3.174 ; divider:u_div|cnt[20] ; divider:u_div|clk_out ; clk_50M      ; clk_50M     ; 1.000        ; -0.064     ; 4.110      ;
; -3.104 ; divider:u_div|cnt[15] ; divider:u_div|clk_out ; clk_50M      ; clk_50M     ; 1.000        ; -0.064     ; 4.040      ;
; -3.096 ; divider:u_div|cnt[17] ; divider:u_div|clk_out ; clk_50M      ; clk_50M     ; 1.000        ; -0.064     ; 4.032      ;
; -3.088 ; divider:u_div|cnt[21] ; divider:u_div|clk_out ; clk_50M      ; clk_50M     ; 1.000        ; -0.064     ; 4.024      ;
; -3.083 ; divider:u_div|cnt[24] ; divider:u_div|clk_out ; clk_50M      ; clk_50M     ; 1.000        ; -0.064     ; 4.019      ;
; -3.080 ; divider:u_div|cnt[5]  ; divider:u_div|clk_out ; clk_50M      ; clk_50M     ; 1.000        ; -0.060     ; 4.020      ;
; -3.079 ; divider:u_div|cnt[7]  ; divider:u_div|clk_out ; clk_50M      ; clk_50M     ; 1.000        ; -0.060     ; 4.019      ;
; -3.072 ; divider:u_div|cnt[18] ; divider:u_div|clk_out ; clk_50M      ; clk_50M     ; 1.000        ; -0.064     ; 4.008      ;
; -3.069 ; divider:u_div|cnt[23] ; divider:u_div|clk_out ; clk_50M      ; clk_50M     ; 1.000        ; -0.064     ; 4.005      ;
; -3.069 ; divider:u_div|cnt[6]  ; divider:u_div|clk_out ; clk_50M      ; clk_50M     ; 1.000        ; -0.060     ; 4.009      ;
; -3.026 ; divider:u_div|cnt[1]  ; divider:u_div|clk_out ; clk_50M      ; clk_50M     ; 1.000        ; -0.060     ; 3.966      ;
; -3.009 ; divider:u_div|cnt[10] ; divider:u_div|clk_out ; clk_50M      ; clk_50M     ; 1.000        ; -0.060     ; 3.949      ;
; -2.940 ; divider:u_div|cnt[2]  ; divider:u_div|clk_out ; clk_50M      ; clk_50M     ; 1.000        ; -0.060     ; 3.880      ;
; -2.928 ; divider:u_div|cnt[4]  ; divider:u_div|clk_out ; clk_50M      ; clk_50M     ; 1.000        ; -0.060     ; 3.868      ;
; -2.912 ; divider:u_div|cnt[3]  ; divider:u_div|clk_out ; clk_50M      ; clk_50M     ; 1.000        ; -0.060     ; 3.852      ;
; -2.892 ; divider:u_div|cnt[19] ; divider:u_div|clk_out ; clk_50M      ; clk_50M     ; 1.000        ; -0.064     ; 3.828      ;
; -2.881 ; divider:u_div|cnt[9]  ; divider:u_div|clk_out ; clk_50M      ; clk_50M     ; 1.000        ; -0.060     ; 3.821      ;
; -2.874 ; divider:u_div|cnt[12] ; divider:u_div|clk_out ; clk_50M      ; clk_50M     ; 1.000        ; -0.064     ; 3.810      ;
; -2.848 ; divider:u_div|cnt[16] ; divider:u_div|clk_out ; clk_50M      ; clk_50M     ; 1.000        ; -0.064     ; 3.784      ;
; -2.846 ; divider:u_div|cnt[22] ; divider:u_div|clk_out ; clk_50M      ; clk_50M     ; 1.000        ; -0.064     ; 3.782      ;
; -2.843 ; divider:u_div|cnt[14] ; divider:u_div|clk_out ; clk_50M      ; clk_50M     ; 1.000        ; -0.064     ; 3.779      ;
; -2.834 ; divider:u_div|cnt[8]  ; divider:u_div|clk_out ; clk_50M      ; clk_50M     ; 1.000        ; -0.060     ; 3.774      ;
; -2.685 ; divider:u_div|cnt[0]  ; divider:u_div|clk_out ; clk_50M      ; clk_50M     ; 1.000        ; -0.060     ; 3.625      ;
; -2.614 ; divider:u_div|cnt[13] ; divider:u_div|clk_out ; clk_50M      ; clk_50M     ; 1.000        ; -0.064     ; 3.550      ;
; -2.271 ; divider:u_div|cnt[1]  ; divider:u_div|cnt[24] ; clk_50M      ; clk_50M     ; 1.000        ; -0.060     ; 3.211      ;
; -2.197 ; divider:u_div|cnt[0]  ; divider:u_div|cnt[24] ; clk_50M      ; clk_50M     ; 1.000        ; -0.060     ; 3.137      ;
; -2.165 ; divider:u_div|cnt[3]  ; divider:u_div|cnt[24] ; clk_50M      ; clk_50M     ; 1.000        ; -0.060     ; 3.105      ;
; -2.164 ; divider:u_div|cnt[1]  ; divider:u_div|cnt[22] ; clk_50M      ; clk_50M     ; 1.000        ; -0.060     ; 3.104      ;
; -2.090 ; divider:u_div|cnt[0]  ; divider:u_div|cnt[22] ; clk_50M      ; clk_50M     ; 1.000        ; -0.060     ; 3.030      ;
; -2.086 ; divider:u_div|cnt[2]  ; divider:u_div|cnt[24] ; clk_50M      ; clk_50M     ; 1.000        ; -0.060     ; 3.026      ;
; -2.058 ; divider:u_div|cnt[3]  ; divider:u_div|cnt[22] ; clk_50M      ; clk_50M     ; 1.000        ; -0.060     ; 2.998      ;
; -2.057 ; divider:u_div|cnt[5]  ; divider:u_div|cnt[24] ; clk_50M      ; clk_50M     ; 1.000        ; -0.060     ; 2.997      ;
; -1.979 ; divider:u_div|cnt[2]  ; divider:u_div|cnt[22] ; clk_50M      ; clk_50M     ; 1.000        ; -0.060     ; 2.919      ;
; -1.971 ; divider:u_div|cnt[4]  ; divider:u_div|cnt[24] ; clk_50M      ; clk_50M     ; 1.000        ; -0.060     ; 2.911      ;
; -1.966 ; divider:u_div|cnt[1]  ; divider:u_div|cnt[12] ; clk_50M      ; clk_50M     ; 1.000        ; -0.060     ; 2.906      ;
; -1.958 ; divider:u_div|cnt[0]  ; divider:u_div|cnt[19] ; clk_50M      ; clk_50M     ; 1.000        ; -0.060     ; 2.898      ;
; -1.952 ; divider:u_div|cnt[11] ; divider:u_div|cnt[6]  ; clk_50M      ; clk_50M     ; 1.000        ; -0.063     ; 2.889      ;
; -1.952 ; divider:u_div|cnt[11] ; divider:u_div|cnt[11] ; clk_50M      ; clk_50M     ; 1.000        ; -0.063     ; 2.889      ;
; -1.950 ; divider:u_div|cnt[5]  ; divider:u_div|cnt[22] ; clk_50M      ; clk_50M     ; 1.000        ; -0.060     ; 2.890      ;
; -1.943 ; divider:u_div|cnt[20] ; divider:u_div|cnt[6]  ; clk_50M      ; clk_50M     ; 1.000        ; -0.067     ; 2.876      ;
; -1.943 ; divider:u_div|cnt[20] ; divider:u_div|cnt[11] ; clk_50M      ; clk_50M     ; 1.000        ; -0.067     ; 2.876      ;
; -1.940 ; divider:u_div|cnt[7]  ; divider:u_div|cnt[24] ; clk_50M      ; clk_50M     ; 1.000        ; -0.060     ; 2.880      ;
; -1.903 ; divider:u_div|cnt[0]  ; divider:u_div|cnt[21] ; clk_50M      ; clk_50M     ; 1.000        ; -0.060     ; 2.843      ;
; -1.892 ; divider:u_div|cnt[0]  ; divider:u_div|cnt[12] ; clk_50M      ; clk_50M     ; 1.000        ; -0.060     ; 2.832      ;
; -1.874 ; divider:u_div|cnt[1]  ; divider:u_div|cnt[20] ; clk_50M      ; clk_50M     ; 1.000        ; -0.060     ; 2.814      ;
; -1.867 ; divider:u_div|cnt[6]  ; divider:u_div|cnt[24] ; clk_50M      ; clk_50M     ; 1.000        ; -0.060     ; 2.807      ;
; -1.865 ; divider:u_div|cnt[1]  ; divider:u_div|cnt[19] ; clk_50M      ; clk_50M     ; 1.000        ; -0.060     ; 2.805      ;
; -1.864 ; divider:u_div|cnt[4]  ; divider:u_div|cnt[22] ; clk_50M      ; clk_50M     ; 1.000        ; -0.060     ; 2.804      ;
; -1.860 ; divider:u_div|cnt[3]  ; divider:u_div|cnt[12] ; clk_50M      ; clk_50M     ; 1.000        ; -0.060     ; 2.800      ;
; -1.857 ; divider:u_div|cnt[21] ; divider:u_div|cnt[6]  ; clk_50M      ; clk_50M     ; 1.000        ; -0.067     ; 2.790      ;
; -1.857 ; divider:u_div|cnt[21] ; divider:u_div|cnt[11] ; clk_50M      ; clk_50M     ; 1.000        ; -0.067     ; 2.790      ;
; -1.849 ; divider:u_div|cnt[5]  ; divider:u_div|cnt[6]  ; clk_50M      ; clk_50M     ; 1.000        ; -0.063     ; 2.786      ;
; -1.849 ; divider:u_div|cnt[5]  ; divider:u_div|cnt[11] ; clk_50M      ; clk_50M     ; 1.000        ; -0.063     ; 2.786      ;
; -1.848 ; divider:u_div|cnt[17] ; divider:u_div|cnt[6]  ; clk_50M      ; clk_50M     ; 1.000        ; -0.067     ; 2.781      ;
; -1.848 ; divider:u_div|cnt[17] ; divider:u_div|cnt[11] ; clk_50M      ; clk_50M     ; 1.000        ; -0.067     ; 2.781      ;
; -1.848 ; divider:u_div|cnt[7]  ; divider:u_div|cnt[6]  ; clk_50M      ; clk_50M     ; 1.000        ; -0.063     ; 2.785      ;
; -1.848 ; divider:u_div|cnt[7]  ; divider:u_div|cnt[11] ; clk_50M      ; clk_50M     ; 1.000        ; -0.063     ; 2.785      ;
; -1.844 ; divider:u_div|cnt[24] ; divider:u_div|cnt[6]  ; clk_50M      ; clk_50M     ; 1.000        ; -0.067     ; 2.777      ;
; -1.844 ; divider:u_div|cnt[24] ; divider:u_div|cnt[11] ; clk_50M      ; clk_50M     ; 1.000        ; -0.067     ; 2.777      ;
; -1.841 ; divider:u_div|cnt[18] ; divider:u_div|cnt[6]  ; clk_50M      ; clk_50M     ; 1.000        ; -0.067     ; 2.774      ;
; -1.841 ; divider:u_div|cnt[18] ; divider:u_div|cnt[11] ; clk_50M      ; clk_50M     ; 1.000        ; -0.067     ; 2.774      ;
; -1.839 ; divider:u_div|cnt[9]  ; divider:u_div|cnt[24] ; clk_50M      ; clk_50M     ; 1.000        ; -0.060     ; 2.779      ;
; -1.838 ; divider:u_div|cnt[6]  ; divider:u_div|cnt[6]  ; clk_50M      ; clk_50M     ; 1.000        ; -0.063     ; 2.775      ;
; -1.838 ; divider:u_div|cnt[6]  ; divider:u_div|cnt[11] ; clk_50M      ; clk_50M     ; 1.000        ; -0.063     ; 2.775      ;
; -1.837 ; divider:u_div|cnt[15] ; divider:u_div|cnt[6]  ; clk_50M      ; clk_50M     ; 1.000        ; -0.067     ; 2.770      ;
; -1.837 ; divider:u_div|cnt[15] ; divider:u_div|cnt[11] ; clk_50M      ; clk_50M     ; 1.000        ; -0.067     ; 2.770      ;
; -1.836 ; divider:u_div|cnt[2]  ; divider:u_div|cnt[19] ; clk_50M      ; clk_50M     ; 1.000        ; -0.060     ; 2.776      ;
; -1.833 ; divider:u_div|cnt[7]  ; divider:u_div|cnt[22] ; clk_50M      ; clk_50M     ; 1.000        ; -0.060     ; 2.773      ;
; -1.824 ; divider:u_div|cnt[23] ; divider:u_div|cnt[6]  ; clk_50M      ; clk_50M     ; 1.000        ; -0.067     ; 2.757      ;
; -1.824 ; divider:u_div|cnt[23] ; divider:u_div|cnt[11] ; clk_50M      ; clk_50M     ; 1.000        ; -0.067     ; 2.757      ;
; -1.818 ; divider:u_div|cnt[1]  ; divider:u_div|cnt[14] ; clk_50M      ; clk_50M     ; 1.000        ; -0.060     ; 2.758      ;
; -1.815 ; divider:u_div|cnt[1]  ; divider:u_div|cnt[21] ; clk_50M      ; clk_50M     ; 1.000        ; -0.060     ; 2.755      ;
; -1.810 ; divider:u_div|cnt[1]  ; divider:u_div|cnt[16] ; clk_50M      ; clk_50M     ; 1.000        ; -0.060     ; 2.750      ;
; -1.800 ; divider:u_div|cnt[0]  ; divider:u_div|cnt[20] ; clk_50M      ; clk_50M     ; 1.000        ; -0.060     ; 2.740      ;
; -1.795 ; divider:u_div|cnt[1]  ; divider:u_div|cnt[6]  ; clk_50M      ; clk_50M     ; 1.000        ; -0.063     ; 2.732      ;
; -1.795 ; divider:u_div|cnt[1]  ; divider:u_div|cnt[11] ; clk_50M      ; clk_50M     ; 1.000        ; -0.063     ; 2.732      ;
; -1.784 ; divider:u_div|cnt[11] ; divider:u_div|cnt[18] ; clk_50M      ; clk_50M     ; 1.000        ; -0.060     ; 2.724      ;
; -1.783 ; divider:u_div|cnt[11] ; divider:u_div|cnt[21] ; clk_50M      ; clk_50M     ; 1.000        ; -0.060     ; 2.723      ;
; -1.783 ; divider:u_div|cnt[11] ; divider:u_div|cnt[20] ; clk_50M      ; clk_50M     ; 1.000        ; -0.060     ; 2.723      ;
; -1.781 ; divider:u_div|cnt[2]  ; divider:u_div|cnt[12] ; clk_50M      ; clk_50M     ; 1.000        ; -0.060     ; 2.721      ;
; -1.781 ; divider:u_div|cnt[2]  ; divider:u_div|cnt[21] ; clk_50M      ; clk_50M     ; 1.000        ; -0.060     ; 2.721      ;
; -1.778 ; divider:u_div|cnt[10] ; divider:u_div|cnt[6]  ; clk_50M      ; clk_50M     ; 1.000        ; -0.063     ; 2.715      ;
; -1.778 ; divider:u_div|cnt[10] ; divider:u_div|cnt[11] ; clk_50M      ; clk_50M     ; 1.000        ; -0.063     ; 2.715      ;
; -1.775 ; divider:u_div|cnt[20] ; divider:u_div|cnt[18] ; clk_50M      ; clk_50M     ; 1.000        ; -0.064     ; 2.711      ;
; -1.774 ; divider:u_div|cnt[20] ; divider:u_div|cnt[21] ; clk_50M      ; clk_50M     ; 1.000        ; -0.064     ; 2.710      ;
; -1.774 ; divider:u_div|cnt[20] ; divider:u_div|cnt[20] ; clk_50M      ; clk_50M     ; 1.000        ; -0.064     ; 2.710      ;
; -1.768 ; divider:u_div|cnt[3]  ; divider:u_div|cnt[20] ; clk_50M      ; clk_50M     ; 1.000        ; -0.060     ; 2.708      ;
; -1.767 ; divider:u_div|cnt[1]  ; divider:u_div|cnt[18] ; clk_50M      ; clk_50M     ; 1.000        ; -0.060     ; 2.707      ;
; -1.760 ; divider:u_div|cnt[6]  ; divider:u_div|cnt[22] ; clk_50M      ; clk_50M     ; 1.000        ; -0.060     ; 2.700      ;
; -1.759 ; divider:u_div|cnt[3]  ; divider:u_div|cnt[19] ; clk_50M      ; clk_50M     ; 1.000        ; -0.060     ; 2.699      ;
; -1.757 ; divider:u_div|cnt[13] ; divider:u_div|cnt[24] ; clk_50M      ; clk_50M     ; 1.000        ; -0.064     ; 2.693      ;
; -1.753 ; divider:u_div|cnt[8]  ; divider:u_div|cnt[24] ; clk_50M      ; clk_50M     ; 1.000        ; -0.060     ; 2.693      ;
; -1.752 ; divider:u_div|cnt[5]  ; divider:u_div|cnt[12] ; clk_50M      ; clk_50M     ; 1.000        ; -0.060     ; 2.692      ;
; -1.744 ; divider:u_div|cnt[0]  ; divider:u_div|cnt[14] ; clk_50M      ; clk_50M     ; 1.000        ; -0.060     ; 2.684      ;
; -1.743 ; divider:u_div|cnt[11] ; divider:u_div|cnt[24] ; clk_50M      ; clk_50M     ; 1.000        ; -0.060     ; 2.683      ;
; -1.740 ; divider:u_div|cnt[11] ; divider:u_div|cnt[16] ; clk_50M      ; clk_50M     ; 1.000        ; -0.060     ; 2.680      ;
; -1.740 ; divider:u_div|cnt[11] ; divider:u_div|cnt[22] ; clk_50M      ; clk_50M     ; 1.000        ; -0.060     ; 2.680      ;
; -1.738 ; divider:u_div|cnt[11] ; divider:u_div|cnt[13] ; clk_50M      ; clk_50M     ; 1.000        ; -0.060     ; 2.678      ;
; -1.737 ; divider:u_div|cnt[11] ; divider:u_div|cnt[19] ; clk_50M      ; clk_50M     ; 1.000        ; -0.060     ; 2.677      ;
+--------+-----------------------+-----------------------+--------------+-------------+--------------+------------+------------+


+---------------------------------------------------------------------------------------------------------------------------------------+
; Slow 1200mV -40C Model Setup: 'divider:u_div|clk_out'                                                                                 ;
+--------+------------------+------------------+-----------------------+-----------------------+--------------+------------+------------+
; Slack  ; From Node        ; To Node          ; Launch Clock          ; Latch Clock           ; Relationship ; Clock Skew ; Data Delay ;
+--------+------------------+------------------+-----------------------+-----------------------+--------------+------------+------------+
; -1.184 ; M45:u_count|q[2] ; M45:u_count|q[5] ; divider:u_div|clk_out ; divider:u_div|clk_out ; 1.000        ; -0.064     ; 2.120      ;
; -1.184 ; M45:u_count|q[2] ; M45:u_count|q[3] ; divider:u_div|clk_out ; divider:u_div|clk_out ; 1.000        ; -0.064     ; 2.120      ;
; -1.184 ; M45:u_count|q[2] ; M45:u_count|q[2] ; divider:u_div|clk_out ; divider:u_div|clk_out ; 1.000        ; -0.064     ; 2.120      ;
; -1.184 ; M45:u_count|q[2] ; M45:u_count|q[1] ; divider:u_div|clk_out ; divider:u_div|clk_out ; 1.000        ; -0.064     ; 2.120      ;
; -1.184 ; M45:u_count|q[2] ; M45:u_count|q[0] ; divider:u_div|clk_out ; divider:u_div|clk_out ; 1.000        ; -0.064     ; 2.120      ;
; -1.152 ; M45:u_count|q[4] ; M45:u_count|q[5] ; divider:u_div|clk_out ; divider:u_div|clk_out ; 1.000        ; -0.445     ; 1.707      ;
; -1.152 ; M45:u_count|q[4] ; M45:u_count|q[3] ; divider:u_div|clk_out ; divider:u_div|clk_out ; 1.000        ; -0.445     ; 1.707      ;
; -1.152 ; M45:u_count|q[4] ; M45:u_count|q[2] ; divider:u_div|clk_out ; divider:u_div|clk_out ; 1.000        ; -0.445     ; 1.707      ;
; -1.152 ; M45:u_count|q[4] ; M45:u_count|q[1] ; divider:u_div|clk_out ; divider:u_div|clk_out ; 1.000        ; -0.445     ; 1.707      ;
; -1.152 ; M45:u_count|q[4] ; M45:u_count|q[0] ; divider:u_div|clk_out ; divider:u_div|clk_out ; 1.000        ; -0.445     ; 1.707      ;
; -1.047 ; M45:u_count|q[6] ; M45:u_count|q[5] ; divider:u_div|clk_out ; divider:u_div|clk_out ; 1.000        ; -0.445     ; 1.602      ;
; -1.047 ; M45:u_count|q[6] ; M45:u_count|q[3] ; divider:u_div|clk_out ; divider:u_div|clk_out ; 1.000        ; -0.445     ; 1.602      ;
; -1.047 ; M45:u_count|q[6] ; M45:u_count|q[2] ; divider:u_div|clk_out ; divider:u_div|clk_out ; 1.000        ; -0.445     ; 1.602      ;
; -1.047 ; M45:u_count|q[6] ; M45:u_count|q[1] ; divider:u_div|clk_out ; divider:u_div|clk_out ; 1.000        ; -0.445     ; 1.602      ;
; -1.047 ; M45:u_count|q[6] ; M45:u_count|q[0] ; divider:u_div|clk_out ; divider:u_div|clk_out ; 1.000        ; -0.445     ; 1.602      ;
; -1.039 ; M45:u_count|q[3] ; M45:u_count|q[5] ; divider:u_div|clk_out ; divider:u_div|clk_out ; 1.000        ; -0.064     ; 1.975      ;
; -1.039 ; M45:u_count|q[3] ; M45:u_count|q[3] ; divider:u_div|clk_out ; divider:u_div|clk_out ; 1.000        ; -0.064     ; 1.975      ;
; -1.039 ; M45:u_count|q[3] ; M45:u_count|q[2] ; divider:u_div|clk_out ; divider:u_div|clk_out ; 1.000        ; -0.064     ; 1.975      ;
; -1.039 ; M45:u_count|q[3] ; M45:u_count|q[1] ; divider:u_div|clk_out ; divider:u_div|clk_out ; 1.000        ; -0.064     ; 1.975      ;
; -1.039 ; M45:u_count|q[3] ; M45:u_count|q[0] ; divider:u_div|clk_out ; divider:u_div|clk_out ; 1.000        ; -0.064     ; 1.975      ;
; -0.965 ; M45:u_count|q[7] ; M45:u_count|q[5] ; divider:u_div|clk_out ; divider:u_div|clk_out ; 1.000        ; -0.445     ; 1.520      ;
; -0.965 ; M45:u_count|q[7] ; M45:u_count|q[3] ; divider:u_div|clk_out ; divider:u_div|clk_out ; 1.000        ; -0.445     ; 1.520      ;
; -0.965 ; M45:u_count|q[7] ; M45:u_count|q[2] ; divider:u_div|clk_out ; divider:u_div|clk_out ; 1.000        ; -0.445     ; 1.520      ;
; -0.965 ; M45:u_count|q[7] ; M45:u_count|q[1] ; divider:u_div|clk_out ; divider:u_div|clk_out ; 1.000        ; -0.445     ; 1.520      ;
; -0.965 ; M45:u_count|q[7] ; M45:u_count|q[0] ; divider:u_div|clk_out ; divider:u_div|clk_out ; 1.000        ; -0.445     ; 1.520      ;
; -0.869 ; M45:u_count|q[5] ; M45:u_count|q[5] ; divider:u_div|clk_out ; divider:u_div|clk_out ; 1.000        ; -0.064     ; 1.805      ;
; -0.869 ; M45:u_count|q[5] ; M45:u_count|q[3] ; divider:u_div|clk_out ; divider:u_div|clk_out ; 1.000        ; -0.064     ; 1.805      ;
; -0.869 ; M45:u_count|q[5] ; M45:u_count|q[2] ; divider:u_div|clk_out ; divider:u_div|clk_out ; 1.000        ; -0.064     ; 1.805      ;
; -0.869 ; M45:u_count|q[5] ; M45:u_count|q[1] ; divider:u_div|clk_out ; divider:u_div|clk_out ; 1.000        ; -0.064     ; 1.805      ;
; -0.869 ; M45:u_count|q[5] ; M45:u_count|q[0] ; divider:u_div|clk_out ; divider:u_div|clk_out ; 1.000        ; -0.064     ; 1.805      ;
; -0.818 ; M45:u_count|q[2] ; M45:u_count|q[4] ; divider:u_div|clk_out ; divider:u_div|clk_out ; 1.000        ; 0.302      ; 2.120      ;
; -0.818 ; M45:u_count|q[2] ; M45:u_count|q[7] ; divider:u_div|clk_out ; divider:u_div|clk_out ; 1.000        ; 0.302      ; 2.120      ;
; -0.818 ; M45:u_count|q[2] ; M45:u_count|q[6] ; divider:u_div|clk_out ; divider:u_div|clk_out ; 1.000        ; 0.302      ; 2.120      ;
; -0.786 ; M45:u_count|q[4] ; M45:u_count|q[4] ; divider:u_div|clk_out ; divider:u_div|clk_out ; 1.000        ; -0.079     ; 1.707      ;
; -0.786 ; M45:u_count|q[4] ; M45:u_count|q[7] ; divider:u_div|clk_out ; divider:u_div|clk_out ; 1.000        ; -0.079     ; 1.707      ;
; -0.786 ; M45:u_count|q[4] ; M45:u_count|q[6] ; divider:u_div|clk_out ; divider:u_div|clk_out ; 1.000        ; -0.079     ; 1.707      ;
; -0.713 ; M45:u_count|q[0] ; M45:u_count|q[5] ; divider:u_div|clk_out ; divider:u_div|clk_out ; 1.000        ; -0.064     ; 1.649      ;
; -0.681 ; M45:u_count|q[6] ; M45:u_count|q[4] ; divider:u_div|clk_out ; divider:u_div|clk_out ; 1.000        ; -0.079     ; 1.602      ;
; -0.681 ; M45:u_count|q[6] ; M45:u_count|q[7] ; divider:u_div|clk_out ; divider:u_div|clk_out ; 1.000        ; -0.079     ; 1.602      ;
; -0.681 ; M45:u_count|q[6] ; M45:u_count|q[6] ; divider:u_div|clk_out ; divider:u_div|clk_out ; 1.000        ; -0.079     ; 1.602      ;
; -0.673 ; M45:u_count|q[3] ; M45:u_count|q[4] ; divider:u_div|clk_out ; divider:u_div|clk_out ; 1.000        ; 0.302      ; 1.975      ;
; -0.673 ; M45:u_count|q[3] ; M45:u_count|q[7] ; divider:u_div|clk_out ; divider:u_div|clk_out ; 1.000        ; 0.302      ; 1.975      ;
; -0.673 ; M45:u_count|q[3] ; M45:u_count|q[6] ; divider:u_div|clk_out ; divider:u_div|clk_out ; 1.000        ; 0.302      ; 1.975      ;
; -0.654 ; M45:u_count|q[1] ; M45:u_count|q[5] ; divider:u_div|clk_out ; divider:u_div|clk_out ; 1.000        ; -0.064     ; 1.590      ;
; -0.605 ; M45:u_count|q[0] ; M45:u_count|q[3] ; divider:u_div|clk_out ; divider:u_div|clk_out ; 1.000        ; -0.064     ; 1.541      ;
; -0.599 ; M45:u_count|q[7] ; M45:u_count|q[4] ; divider:u_div|clk_out ; divider:u_div|clk_out ; 1.000        ; -0.079     ; 1.520      ;
; -0.599 ; M45:u_count|q[7] ; M45:u_count|q[7] ; divider:u_div|clk_out ; divider:u_div|clk_out ; 1.000        ; -0.079     ; 1.520      ;
; -0.599 ; M45:u_count|q[7] ; M45:u_count|q[6] ; divider:u_div|clk_out ; divider:u_div|clk_out ; 1.000        ; -0.079     ; 1.520      ;
; -0.579 ; M45:u_count|q[1] ; M45:u_count|q[2] ; divider:u_div|clk_out ; divider:u_div|clk_out ; 1.000        ; -0.064     ; 1.515      ;
; -0.546 ; M45:u_count|q[1] ; M45:u_count|q[3] ; divider:u_div|clk_out ; divider:u_div|clk_out ; 1.000        ; -0.064     ; 1.482      ;
; -0.508 ; M45:u_count|q[0] ; M45:u_count|q[2] ; divider:u_div|clk_out ; divider:u_div|clk_out ; 1.000        ; -0.064     ; 1.444      ;
; -0.503 ; M45:u_count|q[5] ; M45:u_count|q[4] ; divider:u_div|clk_out ; divider:u_div|clk_out ; 1.000        ; 0.302      ; 1.805      ;
; -0.503 ; M45:u_count|q[5] ; M45:u_count|q[7] ; divider:u_div|clk_out ; divider:u_div|clk_out ; 1.000        ; 0.302      ; 1.805      ;
; -0.503 ; M45:u_count|q[5] ; M45:u_count|q[6] ; divider:u_div|clk_out ; divider:u_div|clk_out ; 1.000        ; 0.302      ; 1.805      ;
; -0.497 ; M45:u_count|q[0] ; M45:u_count|q[1] ; divider:u_div|clk_out ; divider:u_div|clk_out ; 1.000        ; -0.064     ; 1.433      ;
; -0.455 ; M45:u_count|q[0] ; M45:u_count|q[7] ; divider:u_div|clk_out ; divider:u_div|clk_out ; 1.000        ; 0.302      ; 1.757      ;
; -0.429 ; M45:u_count|q[1] ; M45:u_count|q[6] ; divider:u_div|clk_out ; divider:u_div|clk_out ; 1.000        ; 0.302      ; 1.731      ;
; -0.396 ; M45:u_count|q[1] ; M45:u_count|q[7] ; divider:u_div|clk_out ; divider:u_div|clk_out ; 1.000        ; 0.302      ; 1.698      ;
; -0.358 ; M45:u_count|q[0] ; M45:u_count|q[6] ; divider:u_div|clk_out ; divider:u_div|clk_out ; 1.000        ; 0.302      ; 1.660      ;
; -0.321 ; M45:u_count|q[1] ; M45:u_count|q[4] ; divider:u_div|clk_out ; divider:u_div|clk_out ; 1.000        ; 0.302      ; 1.623      ;
; -0.250 ; M45:u_count|q[0] ; M45:u_count|q[4] ; divider:u_div|clk_out ; divider:u_div|clk_out ; 1.000        ; 0.302      ; 1.552      ;
; -0.065 ; M45:u_count|q[0] ; M45:u_count|q[0] ; divider:u_div|clk_out ; divider:u_div|clk_out ; 1.000        ; -0.064     ; 1.001      ;
; -0.048 ; M45:u_count|q[1] ; M45:u_count|q[1] ; divider:u_div|clk_out ; divider:u_div|clk_out ; 1.000        ; -0.064     ; 0.984      ;
+--------+------------------+------------------+-----------------------+-----------------------+--------------+------------+------------+


+--------------------------------------------------------------------------------------------------------------------------------------+
; Slow 1200mV -40C Model Hold: 'divider:u_div|clk_out'                                                                                 ;
+-------+------------------+------------------+-----------------------+-----------------------+--------------+------------+------------+
; Slack ; From Node        ; To Node          ; Launch Clock          ; Latch Clock           ; Relationship ; Clock Skew ; Data Delay ;
+-------+------------------+------------------+-----------------------+-----------------------+--------------+------------+------------+
; 0.493 ; M45:u_count|q[5] ; M45:u_count|q[6] ; divider:u_div|clk_out ; divider:u_div|clk_out ; 0.000        ; 0.445      ; 1.106      ;
; 0.506 ; M45:u_count|q[3] ; M45:u_count|q[4] ; divider:u_div|clk_out ; divider:u_div|clk_out ; 0.000        ; 0.445      ; 1.119      ;
; 0.524 ; M45:u_count|q[2] ; M45:u_count|q[4] ; divider:u_div|clk_out ; divider:u_div|clk_out ; 0.000        ; 0.445      ; 1.137      ;
; 0.583 ; M45:u_count|q[5] ; M45:u_count|q[7] ; divider:u_div|clk_out ; divider:u_div|clk_out ; 0.000        ; 0.445      ; 1.196      ;
; 0.590 ; M45:u_count|q[7] ; M45:u_count|q[7] ; divider:u_div|clk_out ; divider:u_div|clk_out ; 0.000        ; 0.079      ; 0.837      ;
; 0.594 ; M45:u_count|q[4] ; M45:u_count|q[4] ; divider:u_div|clk_out ; divider:u_div|clk_out ; 0.000        ; 0.079      ; 0.841      ;
; 0.595 ; M45:u_count|q[1] ; M45:u_count|q[1] ; divider:u_div|clk_out ; divider:u_div|clk_out ; 0.000        ; 0.064      ; 0.827      ;
; 0.595 ; M45:u_count|q[6] ; M45:u_count|q[6] ; divider:u_div|clk_out ; divider:u_div|clk_out ; 0.000        ; 0.079      ; 0.842      ;
; 0.596 ; M45:u_count|q[1] ; M45:u_count|q[4] ; divider:u_div|clk_out ; divider:u_div|clk_out ; 0.000        ; 0.445      ; 1.209      ;
; 0.597 ; M45:u_count|q[5] ; M45:u_count|q[5] ; divider:u_div|clk_out ; divider:u_div|clk_out ; 0.000        ; 0.064      ; 0.829      ;
; 0.604 ; M45:u_count|q[0] ; M45:u_count|q[4] ; divider:u_div|clk_out ; divider:u_div|clk_out ; 0.000        ; 0.445      ; 1.217      ;
; 0.607 ; M45:u_count|q[0] ; M45:u_count|q[0] ; divider:u_div|clk_out ; divider:u_div|clk_out ; 0.000        ; 0.064      ; 0.839      ;
; 0.609 ; M45:u_count|q[3] ; M45:u_count|q[3] ; divider:u_div|clk_out ; divider:u_div|clk_out ; 0.000        ; 0.064      ; 0.841      ;
; 0.610 ; M45:u_count|q[3] ; M45:u_count|q[6] ; divider:u_div|clk_out ; divider:u_div|clk_out ; 0.000        ; 0.445      ; 1.223      ;
; 0.615 ; M45:u_count|q[2] ; M45:u_count|q[2] ; divider:u_div|clk_out ; divider:u_div|clk_out ; 0.000        ; 0.064      ; 0.847      ;
; 0.628 ; M45:u_count|q[2] ; M45:u_count|q[6] ; divider:u_div|clk_out ; divider:u_div|clk_out ; 0.000        ; 0.445      ; 1.241      ;
; 0.700 ; M45:u_count|q[3] ; M45:u_count|q[7] ; divider:u_div|clk_out ; divider:u_div|clk_out ; 0.000        ; 0.445      ; 1.313      ;
; 0.700 ; M45:u_count|q[1] ; M45:u_count|q[6] ; divider:u_div|clk_out ; divider:u_div|clk_out ; 0.000        ; 0.445      ; 1.313      ;
; 0.708 ; M45:u_count|q[0] ; M45:u_count|q[6] ; divider:u_div|clk_out ; divider:u_div|clk_out ; 0.000        ; 0.445      ; 1.321      ;
; 0.718 ; M45:u_count|q[2] ; M45:u_count|q[7] ; divider:u_div|clk_out ; divider:u_div|clk_out ; 0.000        ; 0.445      ; 1.331      ;
; 0.790 ; M45:u_count|q[1] ; M45:u_count|q[7] ; divider:u_div|clk_out ; divider:u_div|clk_out ; 0.000        ; 0.445      ; 1.403      ;
; 0.798 ; M45:u_count|q[0] ; M45:u_count|q[7] ; divider:u_div|clk_out ; divider:u_div|clk_out ; 0.000        ; 0.445      ; 1.411      ;
; 0.867 ; M45:u_count|q[0] ; M45:u_count|q[1] ; divider:u_div|clk_out ; divider:u_div|clk_out ; 0.000        ; 0.064      ; 1.099      ;
; 0.871 ; M45:u_count|q[6] ; M45:u_count|q[7] ; divider:u_div|clk_out ; divider:u_div|clk_out ; 0.000        ; 0.079      ; 1.118      ;
; 0.873 ; M45:u_count|q[1] ; M45:u_count|q[2] ; divider:u_div|clk_out ; divider:u_div|clk_out ; 0.000        ; 0.064      ; 1.105      ;
; 0.881 ; M45:u_count|q[0] ; M45:u_count|q[2] ; divider:u_div|clk_out ; divider:u_div|clk_out ; 0.000        ; 0.064      ; 1.113      ;
; 0.884 ; M45:u_count|q[4] ; M45:u_count|q[6] ; divider:u_div|clk_out ; divider:u_div|clk_out ; 0.000        ; 0.079      ; 1.131      ;
; 0.891 ; M45:u_count|q[2] ; M45:u_count|q[3] ; divider:u_div|clk_out ; divider:u_div|clk_out ; 0.000        ; 0.064      ; 1.123      ;
; 0.963 ; M45:u_count|q[1] ; M45:u_count|q[3] ; divider:u_div|clk_out ; divider:u_div|clk_out ; 0.000        ; 0.064      ; 1.195      ;
; 0.971 ; M45:u_count|q[0] ; M45:u_count|q[3] ; divider:u_div|clk_out ; divider:u_div|clk_out ; 0.000        ; 0.064      ; 1.203      ;
; 0.974 ; M45:u_count|q[4] ; M45:u_count|q[7] ; divider:u_div|clk_out ; divider:u_div|clk_out ; 0.000        ; 0.079      ; 1.221      ;
; 0.977 ; M45:u_count|q[3] ; M45:u_count|q[5] ; divider:u_div|clk_out ; divider:u_div|clk_out ; 0.000        ; 0.064      ; 1.209      ;
; 0.995 ; M45:u_count|q[2] ; M45:u_count|q[5] ; divider:u_div|clk_out ; divider:u_div|clk_out ; 0.000        ; 0.064      ; 1.227      ;
; 1.067 ; M45:u_count|q[1] ; M45:u_count|q[5] ; divider:u_div|clk_out ; divider:u_div|clk_out ; 0.000        ; 0.064      ; 1.299      ;
; 1.075 ; M45:u_count|q[0] ; M45:u_count|q[5] ; divider:u_div|clk_out ; divider:u_div|clk_out ; 0.000        ; 0.064      ; 1.307      ;
; 1.096 ; M45:u_count|q[5] ; M45:u_count|q[4] ; divider:u_div|clk_out ; divider:u_div|clk_out ; 0.000        ; 0.445      ; 1.709      ;
; 1.173 ; M45:u_count|q[7] ; M45:u_count|q[4] ; divider:u_div|clk_out ; divider:u_div|clk_out ; 0.000        ; 0.079      ; 1.420      ;
; 1.173 ; M45:u_count|q[7] ; M45:u_count|q[6] ; divider:u_div|clk_out ; divider:u_div|clk_out ; 0.000        ; 0.079      ; 1.420      ;
; 1.246 ; M45:u_count|q[6] ; M45:u_count|q[4] ; divider:u_div|clk_out ; divider:u_div|clk_out ; 0.000        ; 0.079      ; 1.493      ;
; 1.251 ; M45:u_count|q[4] ; M45:u_count|q[5] ; divider:u_div|clk_out ; divider:u_div|clk_out ; 0.000        ; -0.302     ; 1.117      ;
; 1.477 ; M45:u_count|q[5] ; M45:u_count|q[3] ; divider:u_div|clk_out ; divider:u_div|clk_out ; 0.000        ; 0.064      ; 1.709      ;
; 1.477 ; M45:u_count|q[5] ; M45:u_count|q[2] ; divider:u_div|clk_out ; divider:u_div|clk_out ; 0.000        ; 0.064      ; 1.709      ;
; 1.477 ; M45:u_count|q[5] ; M45:u_count|q[1] ; divider:u_div|clk_out ; divider:u_div|clk_out ; 0.000        ; 0.064      ; 1.709      ;
; 1.477 ; M45:u_count|q[5] ; M45:u_count|q[0] ; divider:u_div|clk_out ; divider:u_div|clk_out ; 0.000        ; 0.064      ; 1.709      ;
; 1.554 ; M45:u_count|q[7] ; M45:u_count|q[5] ; divider:u_div|clk_out ; divider:u_div|clk_out ; 0.000        ; -0.302     ; 1.420      ;
; 1.554 ; M45:u_count|q[7] ; M45:u_count|q[3] ; divider:u_div|clk_out ; divider:u_div|clk_out ; 0.000        ; -0.302     ; 1.420      ;
; 1.554 ; M45:u_count|q[7] ; M45:u_count|q[2] ; divider:u_div|clk_out ; divider:u_div|clk_out ; 0.000        ; -0.302     ; 1.420      ;
; 1.554 ; M45:u_count|q[7] ; M45:u_count|q[1] ; divider:u_div|clk_out ; divider:u_div|clk_out ; 0.000        ; -0.302     ; 1.420      ;
; 1.554 ; M45:u_count|q[7] ; M45:u_count|q[0] ; divider:u_div|clk_out ; divider:u_div|clk_out ; 0.000        ; -0.302     ; 1.420      ;
; 1.627 ; M45:u_count|q[6] ; M45:u_count|q[5] ; divider:u_div|clk_out ; divider:u_div|clk_out ; 0.000        ; -0.302     ; 1.493      ;
; 1.627 ; M45:u_count|q[6] ; M45:u_count|q[3] ; divider:u_div|clk_out ; divider:u_div|clk_out ; 0.000        ; -0.302     ; 1.493      ;
; 1.627 ; M45:u_count|q[6] ; M45:u_count|q[2] ; divider:u_div|clk_out ; divider:u_div|clk_out ; 0.000        ; -0.302     ; 1.493      ;
; 1.627 ; M45:u_count|q[6] ; M45:u_count|q[1] ; divider:u_div|clk_out ; divider:u_div|clk_out ; 0.000        ; -0.302     ; 1.493      ;
; 1.627 ; M45:u_count|q[6] ; M45:u_count|q[0] ; divider:u_div|clk_out ; divider:u_div|clk_out ; 0.000        ; -0.302     ; 1.493      ;
; 1.656 ; M45:u_count|q[3] ; M45:u_count|q[2] ; divider:u_div|clk_out ; divider:u_div|clk_out ; 0.000        ; 0.064      ; 1.888      ;
; 1.656 ; M45:u_count|q[3] ; M45:u_count|q[1] ; divider:u_div|clk_out ; divider:u_div|clk_out ; 0.000        ; 0.064      ; 1.888      ;
; 1.656 ; M45:u_count|q[3] ; M45:u_count|q[0] ; divider:u_div|clk_out ; divider:u_div|clk_out ; 0.000        ; 0.064      ; 1.888      ;
; 1.740 ; M45:u_count|q[4] ; M45:u_count|q[3] ; divider:u_div|clk_out ; divider:u_div|clk_out ; 0.000        ; -0.302     ; 1.606      ;
; 1.740 ; M45:u_count|q[4] ; M45:u_count|q[2] ; divider:u_div|clk_out ; divider:u_div|clk_out ; 0.000        ; -0.302     ; 1.606      ;
; 1.740 ; M45:u_count|q[4] ; M45:u_count|q[1] ; divider:u_div|clk_out ; divider:u_div|clk_out ; 0.000        ; -0.302     ; 1.606      ;
; 1.740 ; M45:u_count|q[4] ; M45:u_count|q[0] ; divider:u_div|clk_out ; divider:u_div|clk_out ; 0.000        ; -0.302     ; 1.606      ;
; 1.783 ; M45:u_count|q[2] ; M45:u_count|q[1] ; divider:u_div|clk_out ; divider:u_div|clk_out ; 0.000        ; 0.064      ; 2.015      ;
; 1.783 ; M45:u_count|q[2] ; M45:u_count|q[0] ; divider:u_div|clk_out ; divider:u_div|clk_out ; 0.000        ; 0.064      ; 2.015      ;
+-------+------------------+------------------+-----------------------+-----------------------+--------------+------------+------------+


+--------------------------------------------------------------------------------------------------------------------------------------+
; Slow 1200mV -40C Model Hold: 'clk_50M'                                                                                               ;
+-------+-----------------------+-----------------------+-----------------------+-------------+--------------+------------+------------+
; Slack ; From Node             ; To Node               ; Launch Clock          ; Latch Clock ; Relationship ; Clock Skew ; Data Delay ;
+-------+-----------------------+-----------------------+-----------------------+-------------+--------------+------------+------------+
; 0.579 ; divider:u_div|cnt[7]  ; divider:u_div|cnt[7]  ; clk_50M               ; clk_50M     ; 0.000        ; 0.063      ; 0.810      ;
; 0.583 ; divider:u_div|cnt[8]  ; divider:u_div|cnt[8]  ; clk_50M               ; clk_50M     ; 0.000        ; 0.063      ; 0.814      ;
; 0.583 ; divider:u_div|cnt[2]  ; divider:u_div|cnt[2]  ; clk_50M               ; clk_50M     ; 0.000        ; 0.063      ; 0.814      ;
; 0.585 ; divider:u_div|cnt[4]  ; divider:u_div|cnt[4]  ; clk_50M               ; clk_50M     ; 0.000        ; 0.063      ; 0.816      ;
; 0.589 ; divider:u_div|cnt[15] ; divider:u_div|cnt[15] ; clk_50M               ; clk_50M     ; 0.000        ; 0.064      ; 0.821      ;
; 0.590 ; divider:u_div|cnt[23] ; divider:u_div|cnt[23] ; clk_50M               ; clk_50M     ; 0.000        ; 0.064      ; 0.822      ;
; 0.590 ; divider:u_div|cnt[17] ; divider:u_div|cnt[17] ; clk_50M               ; clk_50M     ; 0.000        ; 0.064      ; 0.822      ;
; 0.590 ; divider:u_div|cnt[9]  ; divider:u_div|cnt[9]  ; clk_50M               ; clk_50M     ; 0.000        ; 0.063      ; 0.821      ;
; 0.590 ; divider:u_div|cnt[1]  ; divider:u_div|cnt[1]  ; clk_50M               ; clk_50M     ; 0.000        ; 0.063      ; 0.821      ;
; 0.594 ; divider:u_div|cnt[5]  ; divider:u_div|cnt[5]  ; clk_50M               ; clk_50M     ; 0.000        ; 0.063      ; 0.825      ;
; 0.594 ; divider:u_div|cnt[3]  ; divider:u_div|cnt[3]  ; clk_50M               ; clk_50M     ; 0.000        ; 0.063      ; 0.825      ;
; 0.595 ; divider:u_div|cnt[10] ; divider:u_div|cnt[10] ; clk_50M               ; clk_50M     ; 0.000        ; 0.063      ; 0.826      ;
; 0.614 ; divider:u_div|cnt[0]  ; divider:u_div|cnt[0]  ; clk_50M               ; clk_50M     ; 0.000        ; 0.063      ; 0.845      ;
; 0.856 ; divider:u_div|cnt[7]  ; divider:u_div|cnt[8]  ; clk_50M               ; clk_50M     ; 0.000        ; 0.063      ; 1.087      ;
; 0.856 ; divider:u_div|cnt[2]  ; divider:u_div|cnt[3]  ; clk_50M               ; clk_50M     ; 0.000        ; 0.063      ; 1.087      ;
; 0.859 ; divider:u_div|cnt[8]  ; divider:u_div|cnt[9]  ; clk_50M               ; clk_50M     ; 0.000        ; 0.063      ; 1.090      ;
; 0.861 ; divider:u_div|cnt[4]  ; divider:u_div|cnt[5]  ; clk_50M               ; clk_50M     ; 0.000        ; 0.063      ; 1.092      ;
; 0.862 ; divider:u_div|cnt[6]  ; divider:u_div|cnt[7]  ; clk_50M               ; clk_50M     ; 0.000        ; 0.063      ; 1.093      ;
; 0.867 ; divider:u_div|cnt[1]  ; divider:u_div|cnt[2]  ; clk_50M               ; clk_50M     ; 0.000        ; 0.063      ; 1.098      ;
; 0.867 ; divider:u_div|cnt[9]  ; divider:u_div|cnt[10] ; clk_50M               ; clk_50M     ; 0.000        ; 0.063      ; 1.098      ;
; 0.870 ; divider:u_div|cnt[2]  ; divider:u_div|cnt[4]  ; clk_50M               ; clk_50M     ; 0.000        ; 0.063      ; 1.101      ;
; 0.872 ; divider:u_div|cnt[0]  ; divider:u_div|cnt[1]  ; clk_50M               ; clk_50M     ; 0.000        ; 0.063      ; 1.103      ;
; 0.872 ; divider:u_div|cnt[3]  ; divider:u_div|cnt[4]  ; clk_50M               ; clk_50M     ; 0.000        ; 0.063      ; 1.103      ;
; 0.873 ; divider:u_div|cnt[8]  ; divider:u_div|cnt[10] ; clk_50M               ; clk_50M     ; 0.000        ; 0.063      ; 1.104      ;
; 0.876 ; divider:u_div|cnt[6]  ; divider:u_div|cnt[8]  ; clk_50M               ; clk_50M     ; 0.000        ; 0.063      ; 1.107      ;
; 0.886 ; divider:u_div|cnt[0]  ; divider:u_div|cnt[2]  ; clk_50M               ; clk_50M     ; 0.000        ; 0.063      ; 1.117      ;
; 0.897 ; divider:u_div|cnt[21] ; divider:u_div|cnt[21] ; clk_50M               ; clk_50M     ; 0.000        ; 0.064      ; 1.129      ;
; 0.905 ; divider:u_div|cnt[20] ; divider:u_div|cnt[20] ; clk_50M               ; clk_50M     ; 0.000        ; 0.064      ; 1.137      ;
; 0.906 ; divider:u_div|cnt[18] ; divider:u_div|cnt[18] ; clk_50M               ; clk_50M     ; 0.000        ; 0.064      ; 1.138      ;
; 0.946 ; divider:u_div|cnt[7]  ; divider:u_div|cnt[9]  ; clk_50M               ; clk_50M     ; 0.000        ; 0.063      ; 1.177      ;
; 0.956 ; divider:u_div|cnt[15] ; divider:u_div|cnt[17] ; clk_50M               ; clk_50M     ; 0.000        ; 0.064      ; 1.188      ;
; 0.957 ; divider:u_div|cnt[21] ; divider:u_div|cnt[23] ; clk_50M               ; clk_50M     ; 0.000        ; 0.064      ; 1.189      ;
; 0.957 ; divider:u_div|cnt[1]  ; divider:u_div|cnt[3]  ; clk_50M               ; clk_50M     ; 0.000        ; 0.063      ; 1.188      ;
; 0.960 ; divider:u_div|cnt[2]  ; divider:u_div|cnt[5]  ; clk_50M               ; clk_50M     ; 0.000        ; 0.063      ; 1.191      ;
; 0.960 ; divider:u_div|cnt[7]  ; divider:u_div|cnt[10] ; clk_50M               ; clk_50M     ; 0.000        ; 0.063      ; 1.191      ;
; 0.962 ; divider:u_div|cnt[5]  ; divider:u_div|cnt[7]  ; clk_50M               ; clk_50M     ; 0.000        ; 0.063      ; 1.193      ;
; 0.962 ; divider:u_div|cnt[3]  ; divider:u_div|cnt[5]  ; clk_50M               ; clk_50M     ; 0.000        ; 0.063      ; 1.193      ;
; 0.965 ; divider:u_div|cnt[4]  ; divider:u_div|cnt[7]  ; clk_50M               ; clk_50M     ; 0.000        ; 0.063      ; 1.196      ;
; 0.966 ; divider:u_div|cnt[6]  ; divider:u_div|cnt[9]  ; clk_50M               ; clk_50M     ; 0.000        ; 0.063      ; 1.197      ;
; 0.971 ; divider:u_div|cnt[1]  ; divider:u_div|cnt[4]  ; clk_50M               ; clk_50M     ; 0.000        ; 0.063      ; 1.202      ;
; 0.976 ; divider:u_div|cnt[5]  ; divider:u_div|cnt[8]  ; clk_50M               ; clk_50M     ; 0.000        ; 0.063      ; 1.207      ;
; 0.976 ; divider:u_div|cnt[20] ; divider:u_div|cnt[23] ; clk_50M               ; clk_50M     ; 0.000        ; 0.064      ; 1.208      ;
; 0.976 ; divider:u_div|cnt[0]  ; divider:u_div|cnt[3]  ; clk_50M               ; clk_50M     ; 0.000        ; 0.063      ; 1.207      ;
; 0.979 ; divider:u_div|cnt[4]  ; divider:u_div|cnt[8]  ; clk_50M               ; clk_50M     ; 0.000        ; 0.063      ; 1.210      ;
; 0.980 ; divider:u_div|cnt[6]  ; divider:u_div|cnt[10] ; clk_50M               ; clk_50M     ; 0.000        ; 0.063      ; 1.211      ;
; 0.981 ; divider:u_div|clk_out ; divider:u_div|clk_out ; divider:u_div|clk_out ; clk_50M     ; 0.000        ; 2.323      ; 3.710      ;
; 0.990 ; divider:u_div|cnt[0]  ; divider:u_div|cnt[4]  ; clk_50M               ; clk_50M     ; 0.000        ; 0.063      ; 1.221      ;
; 0.995 ; divider:u_div|cnt[24] ; divider:u_div|cnt[24] ; clk_50M               ; clk_50M     ; 0.000        ; 0.064      ; 1.227      ;
; 1.020 ; divider:u_div|cnt[14] ; divider:u_div|cnt[15] ; clk_50M               ; clk_50M     ; 0.000        ; 0.064      ; 1.252      ;
; 1.025 ; divider:u_div|cnt[16] ; divider:u_div|cnt[17] ; clk_50M               ; clk_50M     ; 0.000        ; 0.064      ; 1.257      ;
; 1.025 ; divider:u_div|cnt[22] ; divider:u_div|cnt[23] ; clk_50M               ; clk_50M     ; 0.000        ; 0.064      ; 1.257      ;
; 1.028 ; divider:u_div|cnt[11] ; divider:u_div|cnt[11] ; clk_50M               ; clk_50M     ; 0.000        ; 0.063      ; 1.259      ;
; 1.061 ; divider:u_div|cnt[1]  ; divider:u_div|cnt[5]  ; clk_50M               ; clk_50M     ; 0.000        ; 0.063      ; 1.292      ;
; 1.064 ; divider:u_div|cnt[2]  ; divider:u_div|cnt[7]  ; clk_50M               ; clk_50M     ; 0.000        ; 0.063      ; 1.295      ;
; 1.066 ; divider:u_div|cnt[5]  ; divider:u_div|cnt[9]  ; clk_50M               ; clk_50M     ; 0.000        ; 0.063      ; 1.297      ;
; 1.066 ; divider:u_div|cnt[11] ; divider:u_div|cnt[15] ; clk_50M               ; clk_50M     ; 0.000        ; 0.067      ; 1.301      ;
; 1.066 ; divider:u_div|cnt[3]  ; divider:u_div|cnt[7]  ; clk_50M               ; clk_50M     ; 0.000        ; 0.063      ; 1.297      ;
; 1.069 ; divider:u_div|cnt[4]  ; divider:u_div|cnt[9]  ; clk_50M               ; clk_50M     ; 0.000        ; 0.063      ; 1.300      ;
; 1.075 ; divider:u_div|cnt[18] ; divider:u_div|cnt[23] ; clk_50M               ; clk_50M     ; 0.000        ; 0.064      ; 1.307      ;
; 1.075 ; divider:u_div|cnt[10] ; divider:u_div|cnt[15] ; clk_50M               ; clk_50M     ; 0.000        ; 0.067      ; 1.310      ;
; 1.078 ; divider:u_div|cnt[2]  ; divider:u_div|cnt[8]  ; clk_50M               ; clk_50M     ; 0.000        ; 0.063      ; 1.309      ;
; 1.080 ; divider:u_div|cnt[5]  ; divider:u_div|cnt[10] ; clk_50M               ; clk_50M     ; 0.000        ; 0.063      ; 1.311      ;
; 1.080 ; divider:u_div|cnt[0]  ; divider:u_div|cnt[5]  ; clk_50M               ; clk_50M     ; 0.000        ; 0.063      ; 1.311      ;
; 1.080 ; divider:u_div|cnt[3]  ; divider:u_div|cnt[8]  ; clk_50M               ; clk_50M     ; 0.000        ; 0.063      ; 1.311      ;
; 1.083 ; divider:u_div|cnt[4]  ; divider:u_div|cnt[10] ; clk_50M               ; clk_50M     ; 0.000        ; 0.063      ; 1.314      ;
; 1.084 ; divider:u_div|cnt[13] ; divider:u_div|cnt[15] ; clk_50M               ; clk_50M     ; 0.000        ; 0.064      ; 1.316      ;
; 1.112 ; divider:u_div|cnt[12] ; divider:u_div|cnt[15] ; clk_50M               ; clk_50M     ; 0.000        ; 0.064      ; 1.344      ;
; 1.123 ; divider:u_div|cnt[6]  ; divider:u_div|cnt[6]  ; clk_50M               ; clk_50M     ; 0.000        ; 0.063      ; 1.354      ;
; 1.124 ; divider:u_div|cnt[14] ; divider:u_div|cnt[17] ; clk_50M               ; clk_50M     ; 0.000        ; 0.064      ; 1.356      ;
; 1.161 ; divider:u_div|cnt[9]  ; divider:u_div|cnt[15] ; clk_50M               ; clk_50M     ; 0.000        ; 0.067      ; 1.396      ;
; 1.163 ; divider:u_div|cnt[20] ; divider:u_div|cnt[21] ; clk_50M               ; clk_50M     ; 0.000        ; 0.064      ; 1.395      ;
; 1.165 ; divider:u_div|cnt[1]  ; divider:u_div|cnt[7]  ; clk_50M               ; clk_50M     ; 0.000        ; 0.063      ; 1.396      ;
; 1.165 ; divider:u_div|cnt[17] ; divider:u_div|cnt[23] ; clk_50M               ; clk_50M     ; 0.000        ; 0.064      ; 1.397      ;
; 1.167 ; divider:u_div|cnt[8]  ; divider:u_div|cnt[15] ; clk_50M               ; clk_50M     ; 0.000        ; 0.067      ; 1.402      ;
; 1.168 ; divider:u_div|cnt[16] ; divider:u_div|cnt[16] ; clk_50M               ; clk_50M     ; 0.000        ; 0.064      ; 1.400      ;
; 1.168 ; divider:u_div|cnt[2]  ; divider:u_div|cnt[9]  ; clk_50M               ; clk_50M     ; 0.000        ; 0.063      ; 1.399      ;
; 1.170 ; divider:u_div|cnt[11] ; divider:u_div|cnt[17] ; clk_50M               ; clk_50M     ; 0.000        ; 0.067      ; 1.405      ;
; 1.170 ; divider:u_div|cnt[3]  ; divider:u_div|cnt[9]  ; clk_50M               ; clk_50M     ; 0.000        ; 0.063      ; 1.401      ;
; 1.174 ; divider:u_div|cnt[13] ; divider:u_div|cnt[13] ; clk_50M               ; clk_50M     ; 0.000        ; 0.064      ; 1.406      ;
; 1.176 ; divider:u_div|cnt[17] ; divider:u_div|cnt[18] ; clk_50M               ; clk_50M     ; 0.000        ; 0.064      ; 1.408      ;
; 1.179 ; divider:u_div|cnt[1]  ; divider:u_div|cnt[8]  ; clk_50M               ; clk_50M     ; 0.000        ; 0.063      ; 1.410      ;
; 1.179 ; divider:u_div|cnt[10] ; divider:u_div|cnt[17] ; clk_50M               ; clk_50M     ; 0.000        ; 0.067      ; 1.414      ;
; 1.182 ; divider:u_div|cnt[2]  ; divider:u_div|cnt[10] ; clk_50M               ; clk_50M     ; 0.000        ; 0.063      ; 1.413      ;
; 1.184 ; divider:u_div|cnt[0]  ; divider:u_div|cnt[7]  ; clk_50M               ; clk_50M     ; 0.000        ; 0.063      ; 1.415      ;
; 1.184 ; divider:u_div|cnt[3]  ; divider:u_div|cnt[10] ; clk_50M               ; clk_50M     ; 0.000        ; 0.063      ; 1.415      ;
; 1.186 ; divider:u_div|cnt[19] ; divider:u_div|cnt[19] ; clk_50M               ; clk_50M     ; 0.000        ; 0.064      ; 1.418      ;
; 1.188 ; divider:u_div|cnt[18] ; divider:u_div|cnt[20] ; clk_50M               ; clk_50M     ; 0.000        ; 0.064      ; 1.420      ;
; 1.188 ; divider:u_div|cnt[13] ; divider:u_div|cnt[17] ; clk_50M               ; clk_50M     ; 0.000        ; 0.064      ; 1.420      ;
; 1.193 ; divider:u_div|cnt[22] ; divider:u_div|cnt[22] ; clk_50M               ; clk_50M     ; 0.000        ; 0.064      ; 1.425      ;
; 1.198 ; divider:u_div|cnt[0]  ; divider:u_div|cnt[8]  ; clk_50M               ; clk_50M     ; 0.000        ; 0.063      ; 1.429      ;
; 1.213 ; divider:u_div|cnt[19] ; divider:u_div|cnt[23] ; clk_50M               ; clk_50M     ; 0.000        ; 0.064      ; 1.445      ;
; 1.216 ; divider:u_div|cnt[12] ; divider:u_div|cnt[17] ; clk_50M               ; clk_50M     ; 0.000        ; 0.064      ; 1.448      ;
; 1.254 ; divider:u_div|cnt[7]  ; divider:u_div|cnt[15] ; clk_50M               ; clk_50M     ; 0.000        ; 0.067      ; 1.489      ;
; 1.262 ; divider:u_div|cnt[18] ; divider:u_div|cnt[21] ; clk_50M               ; clk_50M     ; 0.000        ; 0.064      ; 1.494      ;
; 1.265 ; divider:u_div|cnt[9]  ; divider:u_div|cnt[17] ; clk_50M               ; clk_50M     ; 0.000        ; 0.067      ; 1.500      ;
; 1.268 ; divider:u_div|cnt[15] ; divider:u_div|cnt[23] ; clk_50M               ; clk_50M     ; 0.000        ; 0.064      ; 1.500      ;
; 1.269 ; divider:u_div|cnt[1]  ; divider:u_div|cnt[9]  ; clk_50M               ; clk_50M     ; 0.000        ; 0.063      ; 1.500      ;
; 1.270 ; divider:u_div|cnt[18] ; divider:u_div|cnt[19] ; clk_50M               ; clk_50M     ; 0.000        ; 0.064      ; 1.502      ;
; 1.271 ; divider:u_div|cnt[8]  ; divider:u_div|cnt[17] ; clk_50M               ; clk_50M     ; 0.000        ; 0.067      ; 1.506      ;
; 1.274 ; divider:u_div|cnt[6]  ; divider:u_div|cnt[15] ; clk_50M               ; clk_50M     ; 0.000        ; 0.067      ; 1.509      ;
+-------+-----------------------+-----------------------+-----------------------+-------------+--------------+------------+------------+


------------------------------------------------
; Slow 1200mV -40C Model Metastability Summary ;
------------------------------------------------
No synchronizer chains to report.


+------------------------------------------------+
; Fast 1200mV -40C Model Setup Summary           ;
+-----------------------+--------+---------------+
; Clock                 ; Slack  ; End Point TNS ;
+-----------------------+--------+---------------+
; clk_50M               ; -1.362 ; -9.566        ;
; divider:u_div|clk_out ; -0.108 ; -0.540        ;
+-----------------------+--------+---------------+


+-----------------------------------------------+
; Fast 1200mV -40C Model Hold Summary           ;
+-----------------------+-------+---------------+
; Clock                 ; Slack ; End Point TNS ;
+-----------------------+-------+---------------+
; divider:u_div|clk_out ; 0.244 ; 0.000         ;
; clk_50M               ; 0.280 ; 0.000         ;
+-----------------------+-------+---------------+


-------------------------------------------
; Fast 1200mV -40C Model Recovery Summary ;
-------------------------------------------
No paths to report.


------------------------------------------
; Fast 1200mV -40C Model Removal Summary ;
------------------------------------------
No paths to report.


+----------------------------------------------------+
; Fast 1200mV -40C Model Minimum Pulse Width Summary ;
+-----------------------+--------+-------------------+
; Clock                 ; Slack  ; End Point TNS     ;
+-----------------------+--------+-------------------+
; clk_50M               ; -3.000 ; -30.340           ;
; divider:u_div|clk_out ; -1.000 ; -8.000            ;
+-----------------------+--------+-------------------+


+---------------------------------------------------------------------------------------------------------------------------------------+
; Fast 1200mV -40C Model Setup: 'clk_50M'                                                                                               ;
+--------+-----------------------+-----------------------+-----------------------+-------------+--------------+------------+------------+
; Slack  ; From Node             ; To Node               ; Launch Clock          ; Latch Clock ; Relationship ; Clock Skew ; Data Delay ;
+--------+-----------------------+-----------------------+-----------------------+-------------+--------------+------------+------------+
; -1.362 ; divider:u_div|cnt[11] ; divider:u_div|clk_out ; clk_50M               ; clk_50M     ; 1.000        ; -0.032     ; 2.318      ;
; -1.352 ; divider:u_div|cnt[20] ; divider:u_div|clk_out ; clk_50M               ; clk_50M     ; 1.000        ; -0.035     ; 2.305      ;
; -1.325 ; divider:u_div|cnt[5]  ; divider:u_div|clk_out ; clk_50M               ; clk_50M     ; 1.000        ; -0.032     ; 2.281      ;
; -1.320 ; divider:u_div|cnt[24] ; divider:u_div|clk_out ; clk_50M               ; clk_50M     ; 1.000        ; -0.035     ; 2.273      ;
; -1.307 ; divider:u_div|cnt[21] ; divider:u_div|clk_out ; clk_50M               ; clk_50M     ; 1.000        ; -0.035     ; 2.260      ;
; -1.285 ; divider:u_div|cnt[18] ; divider:u_div|clk_out ; clk_50M               ; clk_50M     ; 1.000        ; -0.035     ; 2.238      ;
; -1.270 ; divider:u_div|cnt[1]  ; divider:u_div|clk_out ; clk_50M               ; clk_50M     ; 1.000        ; -0.032     ; 2.226      ;
; -1.263 ; divider:u_div|cnt[7]  ; divider:u_div|clk_out ; clk_50M               ; clk_50M     ; 1.000        ; -0.032     ; 2.219      ;
; -1.263 ; divider:u_div|cnt[6]  ; divider:u_div|clk_out ; clk_50M               ; clk_50M     ; 1.000        ; -0.032     ; 2.219      ;
; -1.258 ; divider:u_div|cnt[17] ; divider:u_div|clk_out ; clk_50M               ; clk_50M     ; 1.000        ; -0.035     ; 2.211      ;
; -1.253 ; divider:u_div|cnt[2]  ; divider:u_div|clk_out ; clk_50M               ; clk_50M     ; 1.000        ; -0.032     ; 2.209      ;
; -1.251 ; divider:u_div|cnt[4]  ; divider:u_div|clk_out ; clk_50M               ; clk_50M     ; 1.000        ; -0.032     ; 2.207      ;
; -1.250 ; divider:u_div|cnt[23] ; divider:u_div|clk_out ; clk_50M               ; clk_50M     ; 1.000        ; -0.035     ; 2.203      ;
; -1.243 ; divider:u_div|cnt[15] ; divider:u_div|clk_out ; clk_50M               ; clk_50M     ; 1.000        ; -0.035     ; 2.196      ;
; -1.206 ; divider:u_div|cnt[10] ; divider:u_div|clk_out ; clk_50M               ; clk_50M     ; 1.000        ; -0.032     ; 2.162      ;
; -1.203 ; divider:u_div|cnt[19] ; divider:u_div|clk_out ; clk_50M               ; clk_50M     ; 1.000        ; -0.035     ; 2.156      ;
; -1.198 ; divider:u_div|cnt[3]  ; divider:u_div|clk_out ; clk_50M               ; clk_50M     ; 1.000        ; -0.032     ; 2.154      ;
; -1.195 ; divider:u_div|cnt[12] ; divider:u_div|clk_out ; clk_50M               ; clk_50M     ; 1.000        ; -0.035     ; 2.148      ;
; -1.175 ; divider:u_div|cnt[14] ; divider:u_div|clk_out ; clk_50M               ; clk_50M     ; 1.000        ; -0.035     ; 2.128      ;
; -1.173 ; divider:u_div|cnt[16] ; divider:u_div|clk_out ; clk_50M               ; clk_50M     ; 1.000        ; -0.035     ; 2.126      ;
; -1.171 ; divider:u_div|cnt[22] ; divider:u_div|clk_out ; clk_50M               ; clk_50M     ; 1.000        ; -0.035     ; 2.124      ;
; -1.141 ; divider:u_div|cnt[9]  ; divider:u_div|clk_out ; clk_50M               ; clk_50M     ; 1.000        ; -0.032     ; 2.097      ;
; -1.140 ; divider:u_div|cnt[8]  ; divider:u_div|clk_out ; clk_50M               ; clk_50M     ; 1.000        ; -0.032     ; 2.096      ;
; -1.110 ; divider:u_div|cnt[0]  ; divider:u_div|clk_out ; clk_50M               ; clk_50M     ; 1.000        ; -0.032     ; 2.066      ;
; -1.045 ; divider:u_div|cnt[13] ; divider:u_div|clk_out ; clk_50M               ; clk_50M     ; 1.000        ; -0.035     ; 1.998      ;
; -0.789 ; divider:u_div|cnt[1]  ; divider:u_div|cnt[24] ; clk_50M               ; clk_50M     ; 1.000        ; -0.032     ; 1.745      ;
; -0.748 ; divider:u_div|cnt[0]  ; divider:u_div|cnt[24] ; clk_50M               ; clk_50M     ; 1.000        ; -0.032     ; 1.704      ;
; -0.728 ; divider:u_div|cnt[3]  ; divider:u_div|cnt[24] ; clk_50M               ; clk_50M     ; 1.000        ; -0.032     ; 1.684      ;
; -0.725 ; divider:u_div|cnt[1]  ; divider:u_div|cnt[22] ; clk_50M               ; clk_50M     ; 1.000        ; -0.032     ; 1.681      ;
; -0.684 ; divider:u_div|cnt[0]  ; divider:u_div|cnt[22] ; clk_50M               ; clk_50M     ; 1.000        ; -0.032     ; 1.640      ;
; -0.680 ; divider:u_div|cnt[2]  ; divider:u_div|cnt[24] ; clk_50M               ; clk_50M     ; 1.000        ; -0.032     ; 1.636      ;
; -0.664 ; divider:u_div|cnt[5]  ; divider:u_div|cnt[24] ; clk_50M               ; clk_50M     ; 1.000        ; -0.032     ; 1.620      ;
; -0.664 ; divider:u_div|cnt[3]  ; divider:u_div|cnt[22] ; clk_50M               ; clk_50M     ; 1.000        ; -0.032     ; 1.620      ;
; -0.616 ; divider:u_div|cnt[2]  ; divider:u_div|cnt[22] ; clk_50M               ; clk_50M     ; 1.000        ; -0.032     ; 1.572      ;
; -0.615 ; divider:u_div|cnt[4]  ; divider:u_div|cnt[24] ; clk_50M               ; clk_50M     ; 1.000        ; -0.032     ; 1.571      ;
; -0.600 ; divider:u_div|cnt[5]  ; divider:u_div|cnt[22] ; clk_50M               ; clk_50M     ; 1.000        ; -0.032     ; 1.556      ;
; -0.592 ; divider:u_div|cnt[7]  ; divider:u_div|cnt[24] ; clk_50M               ; clk_50M     ; 1.000        ; -0.032     ; 1.548      ;
; -0.589 ; divider:u_div|cnt[11] ; divider:u_div|cnt[11] ; clk_50M               ; clk_50M     ; 1.000        ; -0.035     ; 1.542      ;
; -0.588 ; divider:u_div|cnt[11] ; divider:u_div|cnt[6]  ; clk_50M               ; clk_50M     ; 1.000        ; -0.035     ; 1.541      ;
; -0.586 ; divider:u_div|cnt[1]  ; divider:u_div|cnt[19] ; clk_50M               ; clk_50M     ; 1.000        ; -0.032     ; 1.542      ;
; -0.580 ; divider:u_div|cnt[1]  ; divider:u_div|cnt[12] ; clk_50M               ; clk_50M     ; 1.000        ; -0.032     ; 1.536      ;
; -0.579 ; divider:u_div|cnt[1]  ; divider:u_div|cnt[21] ; clk_50M               ; clk_50M     ; 1.000        ; -0.032     ; 1.535      ;
; -0.579 ; divider:u_div|cnt[20] ; divider:u_div|cnt[11] ; clk_50M               ; clk_50M     ; 1.000        ; -0.038     ; 1.529      ;
; -0.578 ; divider:u_div|cnt[20] ; divider:u_div|cnt[6]  ; clk_50M               ; clk_50M     ; 1.000        ; -0.038     ; 1.528      ;
; -0.575 ; divider:u_div|cnt[1]  ; divider:u_div|cnt[20] ; clk_50M               ; clk_50M     ; 1.000        ; -0.032     ; 1.531      ;
; -0.573 ; divider:u_div|cnt[0]  ; divider:u_div|cnt[19] ; clk_50M               ; clk_50M     ; 1.000        ; -0.032     ; 1.529      ;
; -0.566 ; divider:u_div|cnt[0]  ; divider:u_div|cnt[21] ; clk_50M               ; clk_50M     ; 1.000        ; -0.032     ; 1.522      ;
; -0.554 ; divider:u_div|cnt[6]  ; divider:u_div|cnt[24] ; clk_50M               ; clk_50M     ; 1.000        ; -0.032     ; 1.510      ;
; -0.552 ; divider:u_div|cnt[5]  ; divider:u_div|cnt[11] ; clk_50M               ; clk_50M     ; 1.000        ; -0.035     ; 1.505      ;
; -0.551 ; divider:u_div|cnt[4]  ; divider:u_div|cnt[22] ; clk_50M               ; clk_50M     ; 1.000        ; -0.032     ; 1.507      ;
; -0.551 ; divider:u_div|cnt[5]  ; divider:u_div|cnt[6]  ; clk_50M               ; clk_50M     ; 1.000        ; -0.035     ; 1.504      ;
; -0.547 ; divider:u_div|cnt[24] ; divider:u_div|cnt[11] ; clk_50M               ; clk_50M     ; 1.000        ; -0.038     ; 1.497      ;
; -0.546 ; divider:u_div|cnt[24] ; divider:u_div|cnt[6]  ; clk_50M               ; clk_50M     ; 1.000        ; -0.038     ; 1.496      ;
; -0.539 ; divider:u_div|cnt[0]  ; divider:u_div|cnt[12] ; clk_50M               ; clk_50M     ; 1.000        ; -0.032     ; 1.495      ;
; -0.534 ; divider:u_div|cnt[9]  ; divider:u_div|cnt[24] ; clk_50M               ; clk_50M     ; 1.000        ; -0.032     ; 1.490      ;
; -0.534 ; divider:u_div|cnt[0]  ; divider:u_div|cnt[20] ; clk_50M               ; clk_50M     ; 1.000        ; -0.032     ; 1.490      ;
; -0.534 ; divider:u_div|cnt[21] ; divider:u_div|cnt[11] ; clk_50M               ; clk_50M     ; 1.000        ; -0.038     ; 1.484      ;
; -0.533 ; divider:u_div|cnt[21] ; divider:u_div|cnt[6]  ; clk_50M               ; clk_50M     ; 1.000        ; -0.038     ; 1.483      ;
; -0.528 ; divider:u_div|cnt[7]  ; divider:u_div|cnt[22] ; clk_50M               ; clk_50M     ; 1.000        ; -0.032     ; 1.484      ;
; -0.525 ; divider:u_div|cnt[3]  ; divider:u_div|cnt[19] ; clk_50M               ; clk_50M     ; 1.000        ; -0.032     ; 1.481      ;
; -0.523 ; divider:u_div|cnt[1]  ; divider:u_div|cnt[14] ; clk_50M               ; clk_50M     ; 1.000        ; -0.032     ; 1.479      ;
; -0.519 ; divider:u_div|cnt[3]  ; divider:u_div|cnt[12] ; clk_50M               ; clk_50M     ; 1.000        ; -0.032     ; 1.475      ;
; -0.518 ; divider:u_div|cnt[3]  ; divider:u_div|cnt[21] ; clk_50M               ; clk_50M     ; 1.000        ; -0.032     ; 1.474      ;
; -0.516 ; divider:u_div|cnt[1]  ; divider:u_div|cnt[16] ; clk_50M               ; clk_50M     ; 1.000        ; -0.032     ; 1.472      ;
; -0.514 ; divider:u_div|cnt[3]  ; divider:u_div|cnt[20] ; clk_50M               ; clk_50M     ; 1.000        ; -0.032     ; 1.470      ;
; -0.513 ; divider:u_div|cnt[1]  ; divider:u_div|cnt[18] ; clk_50M               ; clk_50M     ; 1.000        ; -0.032     ; 1.469      ;
; -0.512 ; divider:u_div|cnt[18] ; divider:u_div|cnt[11] ; clk_50M               ; clk_50M     ; 1.000        ; -0.038     ; 1.462      ;
; -0.511 ; divider:u_div|cnt[18] ; divider:u_div|cnt[6]  ; clk_50M               ; clk_50M     ; 1.000        ; -0.038     ; 1.461      ;
; -0.502 ; divider:u_div|cnt[2]  ; divider:u_div|cnt[19] ; clk_50M               ; clk_50M     ; 1.000        ; -0.032     ; 1.458      ;
; -0.497 ; divider:u_div|cnt[1]  ; divider:u_div|cnt[11] ; clk_50M               ; clk_50M     ; 1.000        ; -0.035     ; 1.450      ;
; -0.496 ; divider:u_div|cnt[1]  ; divider:u_div|cnt[6]  ; clk_50M               ; clk_50M     ; 1.000        ; -0.035     ; 1.449      ;
; -0.495 ; divider:u_div|cnt[2]  ; divider:u_div|cnt[21] ; clk_50M               ; clk_50M     ; 1.000        ; -0.032     ; 1.451      ;
; -0.494 ; divider:u_div|cnt[11] ; divider:u_div|cnt[24] ; clk_50M               ; clk_50M     ; 1.000        ; -0.032     ; 1.450      ;
; -0.492 ; divider:u_div|cnt[11] ; divider:u_div|cnt[22] ; clk_50M               ; clk_50M     ; 1.000        ; -0.032     ; 1.448      ;
; -0.492 ; divider:u_div|cnt[11] ; divider:u_div|cnt[16] ; clk_50M               ; clk_50M     ; 1.000        ; -0.032     ; 1.448      ;
; -0.490 ; divider:u_div|cnt[6]  ; divider:u_div|cnt[22] ; clk_50M               ; clk_50M     ; 1.000        ; -0.032     ; 1.446      ;
; -0.490 ; divider:u_div|cnt[7]  ; divider:u_div|cnt[11] ; clk_50M               ; clk_50M     ; 1.000        ; -0.035     ; 1.443      ;
; -0.490 ; divider:u_div|cnt[6]  ; divider:u_div|cnt[11] ; clk_50M               ; clk_50M     ; 1.000        ; -0.035     ; 1.443      ;
; -0.489 ; divider:u_div|cnt[7]  ; divider:u_div|cnt[6]  ; clk_50M               ; clk_50M     ; 1.000        ; -0.035     ; 1.442      ;
; -0.489 ; divider:u_div|cnt[6]  ; divider:u_div|cnt[6]  ; clk_50M               ; clk_50M     ; 1.000        ; -0.035     ; 1.442      ;
; -0.488 ; divider:u_div|cnt[11] ; divider:u_div|cnt[13] ; clk_50M               ; clk_50M     ; 1.000        ; -0.032     ; 1.444      ;
; -0.487 ; divider:u_div|cnt[11] ; divider:u_div|cnt[19] ; clk_50M               ; clk_50M     ; 1.000        ; -0.032     ; 1.443      ;
; -0.485 ; divider:u_div|cnt[8]  ; divider:u_div|cnt[24] ; clk_50M               ; clk_50M     ; 1.000        ; -0.032     ; 1.441      ;
; -0.485 ; divider:u_div|cnt[17] ; divider:u_div|cnt[11] ; clk_50M               ; clk_50M     ; 1.000        ; -0.038     ; 1.435      ;
; -0.484 ; divider:u_div|cnt[13] ; divider:u_div|cnt[24] ; clk_50M               ; clk_50M     ; 1.000        ; -0.035     ; 1.437      ;
; -0.484 ; divider:u_div|cnt[17] ; divider:u_div|cnt[6]  ; clk_50M               ; clk_50M     ; 1.000        ; -0.038     ; 1.434      ;
; -0.484 ; divider:u_div|cnt[20] ; divider:u_div|cnt[24] ; clk_50M               ; clk_50M     ; 1.000        ; -0.035     ; 1.437      ;
; -0.482 ; divider:u_div|cnt[0]  ; divider:u_div|cnt[14] ; clk_50M               ; clk_50M     ; 1.000        ; -0.032     ; 1.438      ;
; -0.482 ; divider:u_div|cnt[20] ; divider:u_div|cnt[22] ; clk_50M               ; clk_50M     ; 1.000        ; -0.035     ; 1.435      ;
; -0.482 ; divider:u_div|cnt[20] ; divider:u_div|cnt[16] ; clk_50M               ; clk_50M     ; 1.000        ; -0.035     ; 1.435      ;
; -0.480 ; divider:u_div|clk_out ; divider:u_div|clk_out ; divider:u_div|clk_out ; clk_50M     ; 0.500        ; 1.230      ; 2.291      ;
; -0.480 ; divider:u_div|cnt[1]  ; divider:u_div|cnt[23] ; clk_50M               ; clk_50M     ; 1.000        ; -0.032     ; 1.436      ;
; -0.480 ; divider:u_div|cnt[2]  ; divider:u_div|cnt[11] ; clk_50M               ; clk_50M     ; 1.000        ; -0.035     ; 1.433      ;
; -0.479 ; divider:u_div|cnt[2]  ; divider:u_div|cnt[6]  ; clk_50M               ; clk_50M     ; 1.000        ; -0.035     ; 1.432      ;
; -0.478 ; divider:u_div|cnt[4]  ; divider:u_div|cnt[11] ; clk_50M               ; clk_50M     ; 1.000        ; -0.035     ; 1.431      ;
; -0.478 ; divider:u_div|cnt[20] ; divider:u_div|cnt[13] ; clk_50M               ; clk_50M     ; 1.000        ; -0.035     ; 1.431      ;
; -0.477 ; divider:u_div|cnt[23] ; divider:u_div|cnt[11] ; clk_50M               ; clk_50M     ; 1.000        ; -0.038     ; 1.427      ;
; -0.477 ; divider:u_div|cnt[4]  ; divider:u_div|cnt[6]  ; clk_50M               ; clk_50M     ; 1.000        ; -0.035     ; 1.430      ;
; -0.477 ; divider:u_div|cnt[20] ; divider:u_div|cnt[19] ; clk_50M               ; clk_50M     ; 1.000        ; -0.035     ; 1.430      ;
; -0.476 ; divider:u_div|cnt[11] ; divider:u_div|cnt[20] ; clk_50M               ; clk_50M     ; 1.000        ; -0.032     ; 1.432      ;
+--------+-----------------------+-----------------------+-----------------------+-------------+--------------+------------+------------+


+---------------------------------------------------------------------------------------------------------------------------------------+
; Fast 1200mV -40C Model Setup: 'divider:u_div|clk_out'                                                                                 ;
+--------+------------------+------------------+-----------------------+-----------------------+--------------+------------+------------+
; Slack  ; From Node        ; To Node          ; Launch Clock          ; Latch Clock           ; Relationship ; Clock Skew ; Data Delay ;
+--------+------------------+------------------+-----------------------+-----------------------+--------------+------------+------------+
; -0.108 ; M45:u_count|q[2] ; M45:u_count|q[5] ; divider:u_div|clk_out ; divider:u_div|clk_out ; 1.000        ; -0.035     ; 1.061      ;
; -0.108 ; M45:u_count|q[2] ; M45:u_count|q[3] ; divider:u_div|clk_out ; divider:u_div|clk_out ; 1.000        ; -0.035     ; 1.061      ;
; -0.108 ; M45:u_count|q[2] ; M45:u_count|q[2] ; divider:u_div|clk_out ; divider:u_div|clk_out ; 1.000        ; -0.035     ; 1.061      ;
; -0.108 ; M45:u_count|q[2] ; M45:u_count|q[1] ; divider:u_div|clk_out ; divider:u_div|clk_out ; 1.000        ; -0.035     ; 1.061      ;
; -0.108 ; M45:u_count|q[2] ; M45:u_count|q[0] ; divider:u_div|clk_out ; divider:u_div|clk_out ; 1.000        ; -0.035     ; 1.061      ;
; -0.079 ; M45:u_count|q[4] ; M45:u_count|q[5] ; divider:u_div|clk_out ; divider:u_div|clk_out ; 1.000        ; -0.226     ; 0.841      ;
; -0.079 ; M45:u_count|q[4] ; M45:u_count|q[3] ; divider:u_div|clk_out ; divider:u_div|clk_out ; 1.000        ; -0.226     ; 0.841      ;
; -0.079 ; M45:u_count|q[4] ; M45:u_count|q[2] ; divider:u_div|clk_out ; divider:u_div|clk_out ; 1.000        ; -0.226     ; 0.841      ;
; -0.079 ; M45:u_count|q[4] ; M45:u_count|q[1] ; divider:u_div|clk_out ; divider:u_div|clk_out ; 1.000        ; -0.226     ; 0.841      ;
; -0.079 ; M45:u_count|q[4] ; M45:u_count|q[0] ; divider:u_div|clk_out ; divider:u_div|clk_out ; 1.000        ; -0.226     ; 0.841      ;
; -0.053 ; M45:u_count|q[6] ; M45:u_count|q[5] ; divider:u_div|clk_out ; divider:u_div|clk_out ; 1.000        ; -0.226     ; 0.815      ;
; -0.053 ; M45:u_count|q[6] ; M45:u_count|q[3] ; divider:u_div|clk_out ; divider:u_div|clk_out ; 1.000        ; -0.226     ; 0.815      ;
; -0.053 ; M45:u_count|q[6] ; M45:u_count|q[2] ; divider:u_div|clk_out ; divider:u_div|clk_out ; 1.000        ; -0.226     ; 0.815      ;
; -0.053 ; M45:u_count|q[6] ; M45:u_count|q[1] ; divider:u_div|clk_out ; divider:u_div|clk_out ; 1.000        ; -0.226     ; 0.815      ;
; -0.053 ; M45:u_count|q[6] ; M45:u_count|q[0] ; divider:u_div|clk_out ; divider:u_div|clk_out ; 1.000        ; -0.226     ; 0.815      ;
; -0.043 ; M45:u_count|q[3] ; M45:u_count|q[5] ; divider:u_div|clk_out ; divider:u_div|clk_out ; 1.000        ; -0.035     ; 0.996      ;
; -0.043 ; M45:u_count|q[3] ; M45:u_count|q[3] ; divider:u_div|clk_out ; divider:u_div|clk_out ; 1.000        ; -0.035     ; 0.996      ;
; -0.043 ; M45:u_count|q[3] ; M45:u_count|q[2] ; divider:u_div|clk_out ; divider:u_div|clk_out ; 1.000        ; -0.035     ; 0.996      ;
; -0.043 ; M45:u_count|q[3] ; M45:u_count|q[1] ; divider:u_div|clk_out ; divider:u_div|clk_out ; 1.000        ; -0.035     ; 0.996      ;
; -0.043 ; M45:u_count|q[3] ; M45:u_count|q[0] ; divider:u_div|clk_out ; divider:u_div|clk_out ; 1.000        ; -0.035     ; 0.996      ;
; 0.004  ; M45:u_count|q[7] ; M45:u_count|q[5] ; divider:u_div|clk_out ; divider:u_div|clk_out ; 1.000        ; -0.226     ; 0.758      ;
; 0.004  ; M45:u_count|q[7] ; M45:u_count|q[3] ; divider:u_div|clk_out ; divider:u_div|clk_out ; 1.000        ; -0.226     ; 0.758      ;
; 0.004  ; M45:u_count|q[7] ; M45:u_count|q[2] ; divider:u_div|clk_out ; divider:u_div|clk_out ; 1.000        ; -0.226     ; 0.758      ;
; 0.004  ; M45:u_count|q[7] ; M45:u_count|q[1] ; divider:u_div|clk_out ; divider:u_div|clk_out ; 1.000        ; -0.226     ; 0.758      ;
; 0.004  ; M45:u_count|q[7] ; M45:u_count|q[0] ; divider:u_div|clk_out ; divider:u_div|clk_out ; 1.000        ; -0.226     ; 0.758      ;
; 0.067  ; M45:u_count|q[5] ; M45:u_count|q[5] ; divider:u_div|clk_out ; divider:u_div|clk_out ; 1.000        ; -0.035     ; 0.886      ;
; 0.067  ; M45:u_count|q[5] ; M45:u_count|q[3] ; divider:u_div|clk_out ; divider:u_div|clk_out ; 1.000        ; -0.035     ; 0.886      ;
; 0.067  ; M45:u_count|q[5] ; M45:u_count|q[2] ; divider:u_div|clk_out ; divider:u_div|clk_out ; 1.000        ; -0.035     ; 0.886      ;
; 0.067  ; M45:u_count|q[5] ; M45:u_count|q[1] ; divider:u_div|clk_out ; divider:u_div|clk_out ; 1.000        ; -0.035     ; 0.886      ;
; 0.067  ; M45:u_count|q[5] ; M45:u_count|q[0] ; divider:u_div|clk_out ; divider:u_div|clk_out ; 1.000        ; -0.035     ; 0.886      ;
; 0.075  ; M45:u_count|q[2] ; M45:u_count|q[4] ; divider:u_div|clk_out ; divider:u_div|clk_out ; 1.000        ; 0.148      ; 1.061      ;
; 0.075  ; M45:u_count|q[2] ; M45:u_count|q[7] ; divider:u_div|clk_out ; divider:u_div|clk_out ; 1.000        ; 0.148      ; 1.061      ;
; 0.075  ; M45:u_count|q[2] ; M45:u_count|q[6] ; divider:u_div|clk_out ; divider:u_div|clk_out ; 1.000        ; 0.148      ; 1.061      ;
; 0.088  ; M45:u_count|q[1] ; M45:u_count|q[5] ; divider:u_div|clk_out ; divider:u_div|clk_out ; 1.000        ; -0.035     ; 0.865      ;
; 0.104  ; M45:u_count|q[4] ; M45:u_count|q[4] ; divider:u_div|clk_out ; divider:u_div|clk_out ; 1.000        ; -0.043     ; 0.841      ;
; 0.104  ; M45:u_count|q[4] ; M45:u_count|q[7] ; divider:u_div|clk_out ; divider:u_div|clk_out ; 1.000        ; -0.043     ; 0.841      ;
; 0.104  ; M45:u_count|q[4] ; M45:u_count|q[6] ; divider:u_div|clk_out ; divider:u_div|clk_out ; 1.000        ; -0.043     ; 0.841      ;
; 0.106  ; M45:u_count|q[0] ; M45:u_count|q[5] ; divider:u_div|clk_out ; divider:u_div|clk_out ; 1.000        ; -0.035     ; 0.847      ;
; 0.130  ; M45:u_count|q[6] ; M45:u_count|q[4] ; divider:u_div|clk_out ; divider:u_div|clk_out ; 1.000        ; -0.043     ; 0.815      ;
; 0.130  ; M45:u_count|q[6] ; M45:u_count|q[7] ; divider:u_div|clk_out ; divider:u_div|clk_out ; 1.000        ; -0.043     ; 0.815      ;
; 0.130  ; M45:u_count|q[6] ; M45:u_count|q[6] ; divider:u_div|clk_out ; divider:u_div|clk_out ; 1.000        ; -0.043     ; 0.815      ;
; 0.140  ; M45:u_count|q[3] ; M45:u_count|q[4] ; divider:u_div|clk_out ; divider:u_div|clk_out ; 1.000        ; 0.148      ; 0.996      ;
; 0.140  ; M45:u_count|q[3] ; M45:u_count|q[7] ; divider:u_div|clk_out ; divider:u_div|clk_out ; 1.000        ; 0.148      ; 0.996      ;
; 0.140  ; M45:u_count|q[3] ; M45:u_count|q[6] ; divider:u_div|clk_out ; divider:u_div|clk_out ; 1.000        ; 0.148      ; 0.996      ;
; 0.152  ; M45:u_count|q[1] ; M45:u_count|q[3] ; divider:u_div|clk_out ; divider:u_div|clk_out ; 1.000        ; -0.035     ; 0.801      ;
; 0.156  ; M45:u_count|q[1] ; M45:u_count|q[2] ; divider:u_div|clk_out ; divider:u_div|clk_out ; 1.000        ; -0.035     ; 0.797      ;
; 0.170  ; M45:u_count|q[0] ; M45:u_count|q[3] ; divider:u_div|clk_out ; divider:u_div|clk_out ; 1.000        ; -0.035     ; 0.783      ;
; 0.187  ; M45:u_count|q[7] ; M45:u_count|q[4] ; divider:u_div|clk_out ; divider:u_div|clk_out ; 1.000        ; -0.043     ; 0.758      ;
; 0.187  ; M45:u_count|q[7] ; M45:u_count|q[7] ; divider:u_div|clk_out ; divider:u_div|clk_out ; 1.000        ; -0.043     ; 0.758      ;
; 0.187  ; M45:u_count|q[7] ; M45:u_count|q[6] ; divider:u_div|clk_out ; divider:u_div|clk_out ; 1.000        ; -0.043     ; 0.758      ;
; 0.201  ; M45:u_count|q[0] ; M45:u_count|q[2] ; divider:u_div|clk_out ; divider:u_div|clk_out ; 1.000        ; -0.035     ; 0.752      ;
; 0.207  ; M45:u_count|q[1] ; M45:u_count|q[7] ; divider:u_div|clk_out ; divider:u_div|clk_out ; 1.000        ; 0.148      ; 0.929      ;
; 0.211  ; M45:u_count|q[1] ; M45:u_count|q[6] ; divider:u_div|clk_out ; divider:u_div|clk_out ; 1.000        ; 0.148      ; 0.925      ;
; 0.225  ; M45:u_count|q[0] ; M45:u_count|q[7] ; divider:u_div|clk_out ; divider:u_div|clk_out ; 1.000        ; 0.148      ; 0.911      ;
; 0.234  ; M45:u_count|q[0] ; M45:u_count|q[1] ; divider:u_div|clk_out ; divider:u_div|clk_out ; 1.000        ; -0.035     ; 0.719      ;
; 0.250  ; M45:u_count|q[5] ; M45:u_count|q[4] ; divider:u_div|clk_out ; divider:u_div|clk_out ; 1.000        ; 0.148      ; 0.886      ;
; 0.250  ; M45:u_count|q[5] ; M45:u_count|q[7] ; divider:u_div|clk_out ; divider:u_div|clk_out ; 1.000        ; 0.148      ; 0.886      ;
; 0.250  ; M45:u_count|q[5] ; M45:u_count|q[6] ; divider:u_div|clk_out ; divider:u_div|clk_out ; 1.000        ; 0.148      ; 0.886      ;
; 0.256  ; M45:u_count|q[0] ; M45:u_count|q[6] ; divider:u_div|clk_out ; divider:u_div|clk_out ; 1.000        ; 0.148      ; 0.880      ;
; 0.275  ; M45:u_count|q[1] ; M45:u_count|q[4] ; divider:u_div|clk_out ; divider:u_div|clk_out ; 1.000        ; 0.148      ; 0.861      ;
; 0.320  ; M45:u_count|q[0] ; M45:u_count|q[4] ; divider:u_div|clk_out ; divider:u_div|clk_out ; 1.000        ; 0.148      ; 0.816      ;
; 0.423  ; M45:u_count|q[0] ; M45:u_count|q[0] ; divider:u_div|clk_out ; divider:u_div|clk_out ; 1.000        ; -0.035     ; 0.530      ;
; 0.433  ; M45:u_count|q[1] ; M45:u_count|q[1] ; divider:u_div|clk_out ; divider:u_div|clk_out ; 1.000        ; -0.035     ; 0.520      ;
+--------+------------------+------------------+-----------------------+-----------------------+--------------+------------+------------+


+--------------------------------------------------------------------------------------------------------------------------------------+
; Fast 1200mV -40C Model Hold: 'divider:u_div|clk_out'                                                                                 ;
+-------+------------------+------------------+-----------------------+-----------------------+--------------+------------+------------+
; Slack ; From Node        ; To Node          ; Launch Clock          ; Latch Clock           ; Relationship ; Clock Skew ; Data Delay ;
+-------+------------------+------------------+-----------------------+-----------------------+--------------+------------+------------+
; 0.244 ; M45:u_count|q[5] ; M45:u_count|q[6] ; divider:u_div|clk_out ; divider:u_div|clk_out ; 0.000        ; 0.226      ; 0.552      ;
; 0.249 ; M45:u_count|q[3] ; M45:u_count|q[4] ; divider:u_div|clk_out ; divider:u_div|clk_out ; 0.000        ; 0.226      ; 0.557      ;
; 0.263 ; M45:u_count|q[2] ; M45:u_count|q[4] ; divider:u_div|clk_out ; divider:u_div|clk_out ; 0.000        ; 0.226      ; 0.571      ;
; 0.286 ; M45:u_count|q[7] ; M45:u_count|q[7] ; divider:u_div|clk_out ; divider:u_div|clk_out ; 0.000        ; 0.043      ; 0.411      ;
; 0.288 ; M45:u_count|q[1] ; M45:u_count|q[1] ; divider:u_div|clk_out ; divider:u_div|clk_out ; 0.000        ; 0.035      ; 0.405      ;
; 0.289 ; M45:u_count|q[6] ; M45:u_count|q[6] ; divider:u_div|clk_out ; divider:u_div|clk_out ; 0.000        ; 0.043      ; 0.414      ;
; 0.289 ; M45:u_count|q[4] ; M45:u_count|q[4] ; divider:u_div|clk_out ; divider:u_div|clk_out ; 0.000        ; 0.043      ; 0.414      ;
; 0.291 ; M45:u_count|q[5] ; M45:u_count|q[5] ; divider:u_div|clk_out ; divider:u_div|clk_out ; 0.000        ; 0.035      ; 0.408      ;
; 0.296 ; M45:u_count|q[3] ; M45:u_count|q[3] ; divider:u_div|clk_out ; divider:u_div|clk_out ; 0.000        ; 0.035      ; 0.413      ;
; 0.296 ; M45:u_count|q[0] ; M45:u_count|q[0] ; divider:u_div|clk_out ; divider:u_div|clk_out ; 0.000        ; 0.035      ; 0.413      ;
; 0.299 ; M45:u_count|q[2] ; M45:u_count|q[2] ; divider:u_div|clk_out ; divider:u_div|clk_out ; 0.000        ; 0.035      ; 0.416      ;
; 0.301 ; M45:u_count|q[1] ; M45:u_count|q[4] ; divider:u_div|clk_out ; divider:u_div|clk_out ; 0.000        ; 0.226      ; 0.609      ;
; 0.302 ; M45:u_count|q[5] ; M45:u_count|q[7] ; divider:u_div|clk_out ; divider:u_div|clk_out ; 0.000        ; 0.226      ; 0.610      ;
; 0.309 ; M45:u_count|q[3] ; M45:u_count|q[6] ; divider:u_div|clk_out ; divider:u_div|clk_out ; 0.000        ; 0.226      ; 0.617      ;
; 0.311 ; M45:u_count|q[0] ; M45:u_count|q[4] ; divider:u_div|clk_out ; divider:u_div|clk_out ; 0.000        ; 0.226      ; 0.619      ;
; 0.323 ; M45:u_count|q[2] ; M45:u_count|q[6] ; divider:u_div|clk_out ; divider:u_div|clk_out ; 0.000        ; 0.226      ; 0.631      ;
; 0.361 ; M45:u_count|q[1] ; M45:u_count|q[6] ; divider:u_div|clk_out ; divider:u_div|clk_out ; 0.000        ; 0.226      ; 0.669      ;
; 0.367 ; M45:u_count|q[3] ; M45:u_count|q[7] ; divider:u_div|clk_out ; divider:u_div|clk_out ; 0.000        ; 0.226      ; 0.675      ;
; 0.371 ; M45:u_count|q[0] ; M45:u_count|q[6] ; divider:u_div|clk_out ; divider:u_div|clk_out ; 0.000        ; 0.226      ; 0.679      ;
; 0.381 ; M45:u_count|q[2] ; M45:u_count|q[7] ; divider:u_div|clk_out ; divider:u_div|clk_out ; 0.000        ; 0.226      ; 0.689      ;
; 0.419 ; M45:u_count|q[1] ; M45:u_count|q[7] ; divider:u_div|clk_out ; divider:u_div|clk_out ; 0.000        ; 0.226      ; 0.727      ;
; 0.429 ; M45:u_count|q[0] ; M45:u_count|q[7] ; divider:u_div|clk_out ; divider:u_div|clk_out ; 0.000        ; 0.226      ; 0.737      ;
; 0.432 ; M45:u_count|q[1] ; M45:u_count|q[2] ; divider:u_div|clk_out ; divider:u_div|clk_out ; 0.000        ; 0.035      ; 0.549      ;
; 0.440 ; M45:u_count|q[0] ; M45:u_count|q[1] ; divider:u_div|clk_out ; divider:u_div|clk_out ; 0.000        ; 0.035      ; 0.557      ;
; 0.442 ; M45:u_count|q[6] ; M45:u_count|q[7] ; divider:u_div|clk_out ; divider:u_div|clk_out ; 0.000        ; 0.043      ; 0.567      ;
; 0.442 ; M45:u_count|q[0] ; M45:u_count|q[2] ; divider:u_div|clk_out ; divider:u_div|clk_out ; 0.000        ; 0.035      ; 0.559      ;
; 0.444 ; M45:u_count|q[4] ; M45:u_count|q[6] ; divider:u_div|clk_out ; divider:u_div|clk_out ; 0.000        ; 0.043      ; 0.569      ;
; 0.452 ; M45:u_count|q[2] ; M45:u_count|q[3] ; divider:u_div|clk_out ; divider:u_div|clk_out ; 0.000        ; 0.035      ; 0.569      ;
; 0.490 ; M45:u_count|q[1] ; M45:u_count|q[3] ; divider:u_div|clk_out ; divider:u_div|clk_out ; 0.000        ; 0.035      ; 0.607      ;
; 0.498 ; M45:u_count|q[3] ; M45:u_count|q[5] ; divider:u_div|clk_out ; divider:u_div|clk_out ; 0.000        ; 0.035      ; 0.615      ;
; 0.500 ; M45:u_count|q[0] ; M45:u_count|q[3] ; divider:u_div|clk_out ; divider:u_div|clk_out ; 0.000        ; 0.035      ; 0.617      ;
; 0.502 ; M45:u_count|q[4] ; M45:u_count|q[7] ; divider:u_div|clk_out ; divider:u_div|clk_out ; 0.000        ; 0.043      ; 0.627      ;
; 0.512 ; M45:u_count|q[2] ; M45:u_count|q[5] ; divider:u_div|clk_out ; divider:u_div|clk_out ; 0.000        ; 0.035      ; 0.629      ;
; 0.522 ; M45:u_count|q[5] ; M45:u_count|q[4] ; divider:u_div|clk_out ; divider:u_div|clk_out ; 0.000        ; 0.226      ; 0.830      ;
; 0.550 ; M45:u_count|q[1] ; M45:u_count|q[5] ; divider:u_div|clk_out ; divider:u_div|clk_out ; 0.000        ; 0.035      ; 0.667      ;
; 0.553 ; M45:u_count|q[7] ; M45:u_count|q[4] ; divider:u_div|clk_out ; divider:u_div|clk_out ; 0.000        ; 0.043      ; 0.678      ;
; 0.553 ; M45:u_count|q[7] ; M45:u_count|q[6] ; divider:u_div|clk_out ; divider:u_div|clk_out ; 0.000        ; 0.043      ; 0.678      ;
; 0.560 ; M45:u_count|q[0] ; M45:u_count|q[5] ; divider:u_div|clk_out ; divider:u_div|clk_out ; 0.000        ; 0.035      ; 0.677      ;
; 0.591 ; M45:u_count|q[6] ; M45:u_count|q[4] ; divider:u_div|clk_out ; divider:u_div|clk_out ; 0.000        ; 0.043      ; 0.716      ;
; 0.633 ; M45:u_count|q[4] ; M45:u_count|q[5] ; divider:u_div|clk_out ; divider:u_div|clk_out ; 0.000        ; -0.148     ; 0.567      ;
; 0.713 ; M45:u_count|q[5] ; M45:u_count|q[3] ; divider:u_div|clk_out ; divider:u_div|clk_out ; 0.000        ; 0.035      ; 0.830      ;
; 0.713 ; M45:u_count|q[5] ; M45:u_count|q[2] ; divider:u_div|clk_out ; divider:u_div|clk_out ; 0.000        ; 0.035      ; 0.830      ;
; 0.713 ; M45:u_count|q[5] ; M45:u_count|q[1] ; divider:u_div|clk_out ; divider:u_div|clk_out ; 0.000        ; 0.035      ; 0.830      ;
; 0.713 ; M45:u_count|q[5] ; M45:u_count|q[0] ; divider:u_div|clk_out ; divider:u_div|clk_out ; 0.000        ; 0.035      ; 0.830      ;
; 0.744 ; M45:u_count|q[7] ; M45:u_count|q[5] ; divider:u_div|clk_out ; divider:u_div|clk_out ; 0.000        ; -0.148     ; 0.678      ;
; 0.744 ; M45:u_count|q[7] ; M45:u_count|q[3] ; divider:u_div|clk_out ; divider:u_div|clk_out ; 0.000        ; -0.148     ; 0.678      ;
; 0.744 ; M45:u_count|q[7] ; M45:u_count|q[2] ; divider:u_div|clk_out ; divider:u_div|clk_out ; 0.000        ; -0.148     ; 0.678      ;
; 0.744 ; M45:u_count|q[7] ; M45:u_count|q[1] ; divider:u_div|clk_out ; divider:u_div|clk_out ; 0.000        ; -0.148     ; 0.678      ;
; 0.744 ; M45:u_count|q[7] ; M45:u_count|q[0] ; divider:u_div|clk_out ; divider:u_div|clk_out ; 0.000        ; -0.148     ; 0.678      ;
; 0.782 ; M45:u_count|q[6] ; M45:u_count|q[5] ; divider:u_div|clk_out ; divider:u_div|clk_out ; 0.000        ; -0.148     ; 0.716      ;
; 0.782 ; M45:u_count|q[6] ; M45:u_count|q[3] ; divider:u_div|clk_out ; divider:u_div|clk_out ; 0.000        ; -0.148     ; 0.716      ;
; 0.782 ; M45:u_count|q[6] ; M45:u_count|q[2] ; divider:u_div|clk_out ; divider:u_div|clk_out ; 0.000        ; -0.148     ; 0.716      ;
; 0.782 ; M45:u_count|q[6] ; M45:u_count|q[1] ; divider:u_div|clk_out ; divider:u_div|clk_out ; 0.000        ; -0.148     ; 0.716      ;
; 0.782 ; M45:u_count|q[6] ; M45:u_count|q[0] ; divider:u_div|clk_out ; divider:u_div|clk_out ; 0.000        ; -0.148     ; 0.716      ;
; 0.803 ; M45:u_count|q[3] ; M45:u_count|q[2] ; divider:u_div|clk_out ; divider:u_div|clk_out ; 0.000        ; 0.035      ; 0.920      ;
; 0.803 ; M45:u_count|q[3] ; M45:u_count|q[1] ; divider:u_div|clk_out ; divider:u_div|clk_out ; 0.000        ; 0.035      ; 0.920      ;
; 0.803 ; M45:u_count|q[3] ; M45:u_count|q[0] ; divider:u_div|clk_out ; divider:u_div|clk_out ; 0.000        ; 0.035      ; 0.920      ;
; 0.848 ; M45:u_count|q[4] ; M45:u_count|q[3] ; divider:u_div|clk_out ; divider:u_div|clk_out ; 0.000        ; -0.148     ; 0.782      ;
; 0.848 ; M45:u_count|q[4] ; M45:u_count|q[2] ; divider:u_div|clk_out ; divider:u_div|clk_out ; 0.000        ; -0.148     ; 0.782      ;
; 0.848 ; M45:u_count|q[4] ; M45:u_count|q[1] ; divider:u_div|clk_out ; divider:u_div|clk_out ; 0.000        ; -0.148     ; 0.782      ;
; 0.848 ; M45:u_count|q[4] ; M45:u_count|q[0] ; divider:u_div|clk_out ; divider:u_div|clk_out ; 0.000        ; -0.148     ; 0.782      ;
; 0.868 ; M45:u_count|q[2] ; M45:u_count|q[1] ; divider:u_div|clk_out ; divider:u_div|clk_out ; 0.000        ; 0.035      ; 0.985      ;
; 0.868 ; M45:u_count|q[2] ; M45:u_count|q[0] ; divider:u_div|clk_out ; divider:u_div|clk_out ; 0.000        ; 0.035      ; 0.985      ;
+-------+------------------+------------------+-----------------------+-----------------------+--------------+------------+------------+


+--------------------------------------------------------------------------------------------------------------------------------------+
; Fast 1200mV -40C Model Hold: 'clk_50M'                                                                                               ;
+-------+-----------------------+-----------------------+-----------------------+-------------+--------------+------------+------------+
; Slack ; From Node             ; To Node               ; Launch Clock          ; Latch Clock ; Relationship ; Clock Skew ; Data Delay ;
+-------+-----------------------+-----------------------+-----------------------+-------------+--------------+------------+------------+
; 0.280 ; divider:u_div|cnt[8]  ; divider:u_div|cnt[8]  ; clk_50M               ; clk_50M     ; 0.000        ; 0.035      ; 0.397      ;
; 0.281 ; divider:u_div|cnt[7]  ; divider:u_div|cnt[7]  ; clk_50M               ; clk_50M     ; 0.000        ; 0.035      ; 0.398      ;
; 0.281 ; divider:u_div|cnt[4]  ; divider:u_div|cnt[4]  ; clk_50M               ; clk_50M     ; 0.000        ; 0.035      ; 0.398      ;
; 0.282 ; divider:u_div|cnt[2]  ; divider:u_div|cnt[2]  ; clk_50M               ; clk_50M     ; 0.000        ; 0.035      ; 0.399      ;
; 0.287 ; divider:u_div|cnt[17] ; divider:u_div|cnt[17] ; clk_50M               ; clk_50M     ; 0.000        ; 0.035      ; 0.404      ;
; 0.287 ; divider:u_div|cnt[15] ; divider:u_div|cnt[15] ; clk_50M               ; clk_50M     ; 0.000        ; 0.035      ; 0.404      ;
; 0.287 ; divider:u_div|cnt[10] ; divider:u_div|cnt[10] ; clk_50M               ; clk_50M     ; 0.000        ; 0.035      ; 0.404      ;
; 0.287 ; divider:u_div|cnt[9]  ; divider:u_div|cnt[9]  ; clk_50M               ; clk_50M     ; 0.000        ; 0.035      ; 0.404      ;
; 0.287 ; divider:u_div|cnt[5]  ; divider:u_div|cnt[5]  ; clk_50M               ; clk_50M     ; 0.000        ; 0.035      ; 0.404      ;
; 0.287 ; divider:u_div|cnt[3]  ; divider:u_div|cnt[3]  ; clk_50M               ; clk_50M     ; 0.000        ; 0.035      ; 0.404      ;
; 0.287 ; divider:u_div|cnt[1]  ; divider:u_div|cnt[1]  ; clk_50M               ; clk_50M     ; 0.000        ; 0.035      ; 0.404      ;
; 0.288 ; divider:u_div|cnt[23] ; divider:u_div|cnt[23] ; clk_50M               ; clk_50M     ; 0.000        ; 0.035      ; 0.405      ;
; 0.299 ; divider:u_div|cnt[0]  ; divider:u_div|cnt[0]  ; clk_50M               ; clk_50M     ; 0.000        ; 0.035      ; 0.416      ;
; 0.403 ; divider:u_div|clk_out ; divider:u_div|clk_out ; divider:u_div|clk_out ; clk_50M     ; 0.000        ; 1.278      ; 1.896      ;
; 0.425 ; divider:u_div|cnt[7]  ; divider:u_div|cnt[8]  ; clk_50M               ; clk_50M     ; 0.000        ; 0.035      ; 0.542      ;
; 0.431 ; divider:u_div|cnt[3]  ; divider:u_div|cnt[4]  ; clk_50M               ; clk_50M     ; 0.000        ; 0.035      ; 0.548      ;
; 0.431 ; divider:u_div|cnt[1]  ; divider:u_div|cnt[2]  ; clk_50M               ; clk_50M     ; 0.000        ; 0.035      ; 0.548      ;
; 0.431 ; divider:u_div|cnt[9]  ; divider:u_div|cnt[10] ; clk_50M               ; clk_50M     ; 0.000        ; 0.035      ; 0.548      ;
; 0.433 ; divider:u_div|cnt[21] ; divider:u_div|cnt[21] ; clk_50M               ; clk_50M     ; 0.000        ; 0.035      ; 0.550      ;
; 0.433 ; divider:u_div|cnt[8]  ; divider:u_div|cnt[9]  ; clk_50M               ; clk_50M     ; 0.000        ; 0.035      ; 0.550      ;
; 0.434 ; divider:u_div|cnt[4]  ; divider:u_div|cnt[5]  ; clk_50M               ; clk_50M     ; 0.000        ; 0.035      ; 0.551      ;
; 0.434 ; divider:u_div|cnt[2]  ; divider:u_div|cnt[3]  ; clk_50M               ; clk_50M     ; 0.000        ; 0.035      ; 0.551      ;
; 0.435 ; divider:u_div|cnt[20] ; divider:u_div|cnt[20] ; clk_50M               ; clk_50M     ; 0.000        ; 0.035      ; 0.552      ;
; 0.435 ; divider:u_div|cnt[8]  ; divider:u_div|cnt[10] ; clk_50M               ; clk_50M     ; 0.000        ; 0.035      ; 0.552      ;
; 0.436 ; divider:u_div|cnt[6]  ; divider:u_div|cnt[7]  ; clk_50M               ; clk_50M     ; 0.000        ; 0.035      ; 0.553      ;
; 0.436 ; divider:u_div|cnt[2]  ; divider:u_div|cnt[4]  ; clk_50M               ; clk_50M     ; 0.000        ; 0.035      ; 0.553      ;
; 0.437 ; divider:u_div|cnt[18] ; divider:u_div|cnt[18] ; clk_50M               ; clk_50M     ; 0.000        ; 0.035      ; 0.554      ;
; 0.438 ; divider:u_div|cnt[6]  ; divider:u_div|cnt[8]  ; clk_50M               ; clk_50M     ; 0.000        ; 0.035      ; 0.555      ;
; 0.441 ; divider:u_div|cnt[0]  ; divider:u_div|cnt[1]  ; clk_50M               ; clk_50M     ; 0.000        ; 0.035      ; 0.558      ;
; 0.443 ; divider:u_div|cnt[0]  ; divider:u_div|cnt[2]  ; clk_50M               ; clk_50M     ; 0.000        ; 0.035      ; 0.560      ;
; 0.483 ; divider:u_div|cnt[7]  ; divider:u_div|cnt[9]  ; clk_50M               ; clk_50M     ; 0.000        ; 0.035      ; 0.600      ;
; 0.485 ; divider:u_div|cnt[7]  ; divider:u_div|cnt[10] ; clk_50M               ; clk_50M     ; 0.000        ; 0.035      ; 0.602      ;
; 0.489 ; divider:u_div|cnt[24] ; divider:u_div|cnt[24] ; clk_50M               ; clk_50M     ; 0.000        ; 0.035      ; 0.606      ;
; 0.489 ; divider:u_div|cnt[15] ; divider:u_div|cnt[17] ; clk_50M               ; clk_50M     ; 0.000        ; 0.035      ; 0.606      ;
; 0.489 ; divider:u_div|cnt[3]  ; divider:u_div|cnt[5]  ; clk_50M               ; clk_50M     ; 0.000        ; 0.035      ; 0.606      ;
; 0.489 ; divider:u_div|cnt[1]  ; divider:u_div|cnt[3]  ; clk_50M               ; clk_50M     ; 0.000        ; 0.035      ; 0.606      ;
; 0.489 ; divider:u_div|cnt[5]  ; divider:u_div|cnt[7]  ; clk_50M               ; clk_50M     ; 0.000        ; 0.035      ; 0.606      ;
; 0.490 ; divider:u_div|cnt[21] ; divider:u_div|cnt[23] ; clk_50M               ; clk_50M     ; 0.000        ; 0.035      ; 0.607      ;
; 0.491 ; divider:u_div|cnt[1]  ; divider:u_div|cnt[4]  ; clk_50M               ; clk_50M     ; 0.000        ; 0.035      ; 0.608      ;
; 0.491 ; divider:u_div|cnt[5]  ; divider:u_div|cnt[8]  ; clk_50M               ; clk_50M     ; 0.000        ; 0.035      ; 0.608      ;
; 0.494 ; divider:u_div|cnt[11] ; divider:u_div|cnt[11] ; clk_50M               ; clk_50M     ; 0.000        ; 0.035      ; 0.611      ;
; 0.494 ; divider:u_div|cnt[2]  ; divider:u_div|cnt[5]  ; clk_50M               ; clk_50M     ; 0.000        ; 0.035      ; 0.611      ;
; 0.494 ; divider:u_div|cnt[4]  ; divider:u_div|cnt[7]  ; clk_50M               ; clk_50M     ; 0.000        ; 0.035      ; 0.611      ;
; 0.496 ; divider:u_div|cnt[6]  ; divider:u_div|cnt[9]  ; clk_50M               ; clk_50M     ; 0.000        ; 0.035      ; 0.613      ;
; 0.496 ; divider:u_div|cnt[4]  ; divider:u_div|cnt[8]  ; clk_50M               ; clk_50M     ; 0.000        ; 0.035      ; 0.613      ;
; 0.498 ; divider:u_div|cnt[6]  ; divider:u_div|cnt[10] ; clk_50M               ; clk_50M     ; 0.000        ; 0.035      ; 0.615      ;
; 0.501 ; divider:u_div|cnt[0]  ; divider:u_div|cnt[3]  ; clk_50M               ; clk_50M     ; 0.000        ; 0.035      ; 0.618      ;
; 0.502 ; divider:u_div|cnt[20] ; divider:u_div|cnt[23] ; clk_50M               ; clk_50M     ; 0.000        ; 0.035      ; 0.619      ;
; 0.503 ; divider:u_div|cnt[0]  ; divider:u_div|cnt[4]  ; clk_50M               ; clk_50M     ; 0.000        ; 0.035      ; 0.620      ;
; 0.508 ; divider:u_div|cnt[14] ; divider:u_div|cnt[15] ; clk_50M               ; clk_50M     ; 0.000        ; 0.035      ; 0.625      ;
; 0.521 ; divider:u_div|cnt[16] ; divider:u_div|cnt[17] ; clk_50M               ; clk_50M     ; 0.000        ; 0.035      ; 0.638      ;
; 0.521 ; divider:u_div|cnt[22] ; divider:u_div|cnt[23] ; clk_50M               ; clk_50M     ; 0.000        ; 0.035      ; 0.638      ;
; 0.543 ; divider:u_div|cnt[6]  ; divider:u_div|cnt[6]  ; clk_50M               ; clk_50M     ; 0.000        ; 0.035      ; 0.660      ;
; 0.549 ; divider:u_div|cnt[1]  ; divider:u_div|cnt[5]  ; clk_50M               ; clk_50M     ; 0.000        ; 0.035      ; 0.666      ;
; 0.549 ; divider:u_div|cnt[3]  ; divider:u_div|cnt[7]  ; clk_50M               ; clk_50M     ; 0.000        ; 0.035      ; 0.666      ;
; 0.549 ; divider:u_div|cnt[5]  ; divider:u_div|cnt[9]  ; clk_50M               ; clk_50M     ; 0.000        ; 0.035      ; 0.666      ;
; 0.550 ; divider:u_div|cnt[11] ; divider:u_div|cnt[15] ; clk_50M               ; clk_50M     ; 0.000        ; 0.038      ; 0.670      ;
; 0.551 ; divider:u_div|cnt[3]  ; divider:u_div|cnt[8]  ; clk_50M               ; clk_50M     ; 0.000        ; 0.035      ; 0.668      ;
; 0.551 ; divider:u_div|cnt[5]  ; divider:u_div|cnt[10] ; clk_50M               ; clk_50M     ; 0.000        ; 0.035      ; 0.668      ;
; 0.554 ; divider:u_div|cnt[2]  ; divider:u_div|cnt[7]  ; clk_50M               ; clk_50M     ; 0.000        ; 0.035      ; 0.671      ;
; 0.554 ; divider:u_div|cnt[4]  ; divider:u_div|cnt[9]  ; clk_50M               ; clk_50M     ; 0.000        ; 0.035      ; 0.671      ;
; 0.555 ; divider:u_div|cnt[13] ; divider:u_div|cnt[15] ; clk_50M               ; clk_50M     ; 0.000        ; 0.035      ; 0.672      ;
; 0.556 ; divider:u_div|cnt[2]  ; divider:u_div|cnt[8]  ; clk_50M               ; clk_50M     ; 0.000        ; 0.035      ; 0.673      ;
; 0.556 ; divider:u_div|cnt[4]  ; divider:u_div|cnt[10] ; clk_50M               ; clk_50M     ; 0.000        ; 0.035      ; 0.673      ;
; 0.557 ; divider:u_div|cnt[10] ; divider:u_div|cnt[15] ; clk_50M               ; clk_50M     ; 0.000        ; 0.038      ; 0.677      ;
; 0.561 ; divider:u_div|cnt[0]  ; divider:u_div|cnt[5]  ; clk_50M               ; clk_50M     ; 0.000        ; 0.035      ; 0.678      ;
; 0.561 ; divider:u_div|cnt[12] ; divider:u_div|cnt[15] ; clk_50M               ; clk_50M     ; 0.000        ; 0.035      ; 0.678      ;
; 0.562 ; divider:u_div|cnt[18] ; divider:u_div|cnt[23] ; clk_50M               ; clk_50M     ; 0.000        ; 0.035      ; 0.679      ;
; 0.568 ; divider:u_div|cnt[13] ; divider:u_div|cnt[13] ; clk_50M               ; clk_50M     ; 0.000        ; 0.035      ; 0.685      ;
; 0.568 ; divider:u_div|cnt[14] ; divider:u_div|cnt[17] ; clk_50M               ; clk_50M     ; 0.000        ; 0.035      ; 0.685      ;
; 0.575 ; divider:u_div|cnt[16] ; divider:u_div|cnt[16] ; clk_50M               ; clk_50M     ; 0.000        ; 0.035      ; 0.692      ;
; 0.578 ; divider:u_div|cnt[17] ; divider:u_div|cnt[18] ; clk_50M               ; clk_50M     ; 0.000        ; 0.035      ; 0.695      ;
; 0.580 ; divider:u_div|cnt[19] ; divider:u_div|cnt[19] ; clk_50M               ; clk_50M     ; 0.000        ; 0.035      ; 0.697      ;
; 0.586 ; divider:u_div|cnt[22] ; divider:u_div|cnt[22] ; clk_50M               ; clk_50M     ; 0.000        ; 0.035      ; 0.703      ;
; 0.587 ; divider:u_div|cnt[20] ; divider:u_div|cnt[21] ; clk_50M               ; clk_50M     ; 0.000        ; 0.035      ; 0.704      ;
; 0.590 ; divider:u_div|cnt[18] ; divider:u_div|cnt[20] ; clk_50M               ; clk_50M     ; 0.000        ; 0.035      ; 0.707      ;
; 0.606 ; divider:u_div|cnt[9]  ; divider:u_div|cnt[15] ; clk_50M               ; clk_50M     ; 0.000        ; 0.038      ; 0.726      ;
; 0.609 ; divider:u_div|cnt[1]  ; divider:u_div|cnt[7]  ; clk_50M               ; clk_50M     ; 0.000        ; 0.035      ; 0.726      ;
; 0.609 ; divider:u_div|cnt[3]  ; divider:u_div|cnt[9]  ; clk_50M               ; clk_50M     ; 0.000        ; 0.035      ; 0.726      ;
; 0.609 ; divider:u_div|cnt[17] ; divider:u_div|cnt[23] ; clk_50M               ; clk_50M     ; 0.000        ; 0.035      ; 0.726      ;
; 0.610 ; divider:u_div|cnt[11] ; divider:u_div|cnt[17] ; clk_50M               ; clk_50M     ; 0.000        ; 0.038      ; 0.730      ;
; 0.610 ; divider:u_div|cnt[8]  ; divider:u_div|cnt[15] ; clk_50M               ; clk_50M     ; 0.000        ; 0.038      ; 0.730      ;
; 0.611 ; divider:u_div|cnt[1]  ; divider:u_div|cnt[8]  ; clk_50M               ; clk_50M     ; 0.000        ; 0.035      ; 0.728      ;
; 0.611 ; divider:u_div|cnt[3]  ; divider:u_div|cnt[10] ; clk_50M               ; clk_50M     ; 0.000        ; 0.035      ; 0.728      ;
; 0.614 ; divider:u_div|cnt[2]  ; divider:u_div|cnt[9]  ; clk_50M               ; clk_50M     ; 0.000        ; 0.035      ; 0.731      ;
; 0.615 ; divider:u_div|cnt[13] ; divider:u_div|cnt[17] ; clk_50M               ; clk_50M     ; 0.000        ; 0.035      ; 0.732      ;
; 0.616 ; divider:u_div|cnt[2]  ; divider:u_div|cnt[10] ; clk_50M               ; clk_50M     ; 0.000        ; 0.035      ; 0.733      ;
; 0.617 ; divider:u_div|cnt[14] ; divider:u_div|cnt[14] ; clk_50M               ; clk_50M     ; 0.000        ; 0.035      ; 0.734      ;
; 0.617 ; divider:u_div|cnt[10] ; divider:u_div|cnt[17] ; clk_50M               ; clk_50M     ; 0.000        ; 0.038      ; 0.737      ;
; 0.621 ; divider:u_div|cnt[0]  ; divider:u_div|cnt[7]  ; clk_50M               ; clk_50M     ; 0.000        ; 0.035      ; 0.738      ;
; 0.621 ; divider:u_div|cnt[12] ; divider:u_div|cnt[17] ; clk_50M               ; clk_50M     ; 0.000        ; 0.035      ; 0.738      ;
; 0.623 ; divider:u_div|cnt[0]  ; divider:u_div|cnt[8]  ; clk_50M               ; clk_50M     ; 0.000        ; 0.035      ; 0.740      ;
; 0.631 ; divider:u_div|cnt[19] ; divider:u_div|cnt[23] ; clk_50M               ; clk_50M     ; 0.000        ; 0.035      ; 0.748      ;
; 0.637 ; divider:u_div|cnt[17] ; divider:u_div|cnt[20] ; clk_50M               ; clk_50M     ; 0.000        ; 0.035      ; 0.754      ;
; 0.638 ; divider:u_div|cnt[15] ; divider:u_div|cnt[16] ; clk_50M               ; clk_50M     ; 0.000        ; 0.035      ; 0.755      ;
; 0.638 ; divider:u_div|cnt[15] ; divider:u_div|cnt[18] ; clk_50M               ; clk_50M     ; 0.000        ; 0.035      ; 0.755      ;
; 0.643 ; divider:u_div|cnt[10] ; divider:u_div|cnt[11] ; clk_50M               ; clk_50M     ; 0.000        ; 0.035      ; 0.760      ;
; 0.647 ; divider:u_div|cnt[18] ; divider:u_div|cnt[21] ; clk_50M               ; clk_50M     ; 0.000        ; 0.035      ; 0.764      ;
; 0.650 ; divider:u_div|cnt[23] ; divider:u_div|cnt[24] ; clk_50M               ; clk_50M     ; 0.000        ; 0.035      ; 0.767      ;
; 0.650 ; divider:u_div|cnt[21] ; divider:u_div|cnt[22] ; clk_50M               ; clk_50M     ; 0.000        ; 0.035      ; 0.767      ;
+-------+-----------------------+-----------------------+-----------------------+-------------+--------------+------------+------------+


------------------------------------------------
; Fast 1200mV -40C Model Metastability Summary ;
------------------------------------------------
No synchronizer chains to report.


+-------------------------------------------------------------------------------------+
; Multicorner Timing Analysis Summary                                                 ;
+------------------------+---------+-------+----------+---------+---------------------+
; Clock                  ; Setup   ; Hold  ; Recovery ; Removal ; Minimum Pulse Width ;
+------------------------+---------+-------+----------+---------+---------------------+
; Worst-case Slack       ; -3.858  ; 0.244 ; N/A      ; N/A     ; -3.000              ;
;  clk_50M               ; -3.858  ; 0.280 ; N/A      ; N/A     ; -3.000              ;
;  divider:u_div|clk_out ; -1.502  ; 0.244 ; N/A      ; N/A     ; -1.487              ;
; Design-wide TNS        ; -60.861 ; 0.0   ; 0.0      ; 0.0     ; -53.558             ;
;  clk_50M               ; -50.060 ; 0.000 ; N/A      ; N/A     ; -41.662             ;
;  divider:u_div|clk_out ; -10.801 ; 0.000 ; N/A      ; N/A     ; -11.896             ;
+------------------------+---------+-------+----------+---------+---------------------+


+------------------------------------------------------------------------------------------------------------------------------------------------------------------------------------------------------------------------------------------------------------------------------------------------------------------------------------------------------------------------------------------------------------------+
; Board Trace Model Assignments                                                                                                                                                                                                                                                                                                                                                                                    ;
+---------------+--------------+-------------------+-------------------------+-------------------------+---------------+---------------------+----------------+------------------+--------+------------------+------------------------+------------------------+--------------+---------------+-----------------+-------+---------------------+--------------------+---------------+-----------------+-------------+
; Pin           ; I/O Standard ; Near Tline Length ; Near Tline L per Length ; Near Tline C per Length ; Near Series R ; Near Differential R ; Near Pull-up R ; Near Pull-down R ; Near C ; Far Tline Length ; Far Tline L per Length ; Far Tline C per Length ; Far Series R ; Far Pull-up R ; Far Pull-down R ; Far C ; Termination Voltage ; Far Differential R ; EBD File Name ; EBD Signal Name ; EBD Far-end ;
+---------------+--------------+-------------------+-------------------------+-------------------------+---------------+---------------------+----------------+------------------+--------+------------------+------------------------+------------------------+--------------+---------------+-----------------+-------+---------------------+--------------------+---------------+-----------------+-------------+
; led_q[0]      ; 2.5 V        ; 0 in              ; 0 H/in                  ; 0 F/in                  ; short         ; -                   ; open           ; open             ; open   ; 0 in             ; 0 H/in                 ; 0 F/in                 ; short        ; open          ; open            ; open  ; 0 V                 ; -                  ; n/a           ; n/a             ; n/a         ;
; led_q[1]      ; 2.5 V        ; 0 in              ; 0 H/in                  ; 0 F/in                  ; short         ; -                   ; open           ; open             ; open   ; 0 in             ; 0 H/in                 ; 0 F/in                 ; short        ; open          ; open            ; open  ; 0 V                 ; -                  ; n/a           ; n/a             ; n/a         ;
; led_q[2]      ; 2.5 V        ; 0 in              ; 0 H/in                  ; 0 F/in                  ; short         ; -                   ; open           ; open             ; open   ; 0 in             ; 0 H/in                 ; 0 F/in                 ; short        ; open          ; open            ; open  ; 0 V                 ; -                  ; n/a           ; n/a             ; n/a         ;
; led_q[3]      ; 2.5 V        ; 0 in              ; 0 H/in                  ; 0 F/in                  ; short         ; -                   ; open           ; open             ; open   ; 0 in             ; 0 H/in                 ; 0 F/in                 ; short        ; open          ; open            ; open  ; 0 V                 ; -                  ; n/a           ; n/a             ; n/a         ;
; led_q[4]      ; 2.5 V        ; 0 in              ; 0 H/in                  ; 0 F/in                  ; short         ; -                   ; open           ; open             ; open   ; 0 in             ; 0 H/in                 ; 0 F/in                 ; short        ; open          ; open            ; open  ; 0 V                 ; -                  ; n/a           ; n/a             ; n/a         ;
; led_q[5]      ; 2.5 V        ; 0 in              ; 0 H/in                  ; 0 F/in                  ; short         ; -                   ; open           ; open             ; open   ; 0 in             ; 0 H/in                 ; 0 F/in                 ; short        ; open          ; open            ; open  ; 0 V                 ; -                  ; n/a           ; n/a             ; n/a         ;
; led_q[6]      ; 2.5 V        ; 0 in              ; 0 H/in                  ; 0 F/in                  ; short         ; -                   ; open           ; open             ; open   ; 0 in             ; 0 H/in                 ; 0 F/in                 ; short        ; open          ; open            ; open  ; 0 V                 ; -                  ; n/a           ; n/a             ; n/a         ;
; led_q[7]      ; 2.5 V        ; 0 in              ; 0 H/in                  ; 0 F/in                  ; short         ; -                   ; open           ; open             ; open   ; 0 in             ; 0 H/in                 ; 0 F/in                 ; short        ; open          ; open            ; open  ; 0 V                 ; -                  ; n/a           ; n/a             ; n/a         ;
; led_rco       ; 2.5 V        ; 0 in              ; 0 H/in                  ; 0 F/in                  ; short         ; -                   ; open           ; open             ; open   ; 0 in             ; 0 H/in                 ; 0 F/in                 ; short        ; open          ; open            ; open  ; 0 V                 ; -                  ; n/a           ; n/a             ; n/a         ;
; ~ALTERA_DCLK~ ; 2.5 V        ; 0 in              ; 0 H/in                  ; 0 F/in                  ; short         ; -                   ; open           ; open             ; open   ; 0 in             ; 0 H/in                 ; 0 F/in                 ; short        ; open          ; open            ; open  ; 0 V                 ; -                  ; n/a           ; n/a             ; n/a         ;
; ~ALTERA_nCEO~ ; 2.5 V        ; 0 in              ; 0 H/in                  ; 0 F/in                  ; short         ; -                   ; open           ; open             ; open   ; 0 in             ; 0 H/in                 ; 0 F/in                 ; short        ; open          ; open            ; open  ; 0 V                 ; -                  ; n/a           ; n/a             ; n/a         ;
+---------------+--------------+-------------------+-------------------------+-------------------------+---------------+---------------------+----------------+------------------+--------+------------------+------------------------+------------------------+--------------+---------------+-----------------+-------+---------------------+--------------------+---------------+-----------------+-------------+


+----------------------------------------------------------------------------+
; Input Transition Times                                                     ;
+-------------------------+--------------+-----------------+-----------------+
; Pin                     ; I/O Standard ; 10-90 Rise Time ; 90-10 Fall Time ;
+-------------------------+--------------+-----------------+-----------------+
; rst_n                   ; 2.5 V        ; 2000 ps         ; 2000 ps         ;
; clk_50M                 ; 2.5 V        ; 2000 ps         ; 2000 ps         ;
; ~ALTERA_ASDO_DATA1~     ; 2.5 V        ; 2000 ps         ; 2000 ps         ;
; ~ALTERA_FLASH_nCE_nCSO~ ; 2.5 V        ; 2000 ps         ; 2000 ps         ;
; ~ALTERA_DATA0~          ; 2.5 V        ; 2000 ps         ; 2000 ps         ;
+-------------------------+--------------+-----------------+-----------------+


+--------------------------------------------------------------------------------------------------------------------------------------------------------------------------------------------------------------------------------------------------------------------------------------------------------------------------------------------------------------------------------------------------------------------------------------------------------------------------------------------------------------------------------------------------------------------------------------------------------------------------------------------------------------------------------------------+
; Signal Integrity Metrics (Slow 1200mv n40c Model)                                                                                                                                                                                                                                                                                                                                                                                                                                                                                                                                                                                                                                          ;
+---------------+--------------+---------------------+---------------------+------------------------------+------------------------------+---------------------+---------------------+--------------------------------------+--------------------------------------+-----------------------------+-----------------------------+----------------------------+----------------------------+-----------------------------+-----------------------------+--------------------+--------------------+-------------------------------------+-------------------------------------+----------------------------+----------------------------+---------------------------+---------------------------+
; Pin           ; I/O Standard ; Board Delay on Rise ; Board Delay on Fall ; Steady State Voh at FPGA Pin ; Steady State Vol at FPGA Pin ; Voh Max at FPGA Pin ; Vol Min at FPGA Pin ; Ringback Voltage on Rise at FPGA Pin ; Ringback Voltage on Fall at FPGA Pin ; 10-90 Rise Time at FPGA Pin ; 90-10 Fall Time at FPGA Pin ; Monotonic Rise at FPGA Pin ; Monotonic Fall at FPGA Pin ; Steady State Voh at Far-end ; Steady State Vol at Far-end ; Voh Max at Far-end ; Vol Min at Far-end ; Ringback Voltage on Rise at Far-end ; Ringback Voltage on Fall at Far-end ; 10-90 Rise Time at Far-end ; 90-10 Fall Time at Far-end ; Monotonic Rise at Far-end ; Monotonic Fall at Far-end ;
+---------------+--------------+---------------------+---------------------+------------------------------+------------------------------+---------------------+---------------------+--------------------------------------+--------------------------------------+-----------------------------+-----------------------------+----------------------------+----------------------------+-----------------------------+-----------------------------+--------------------+--------------------+-------------------------------------+-------------------------------------+----------------------------+----------------------------+---------------------------+---------------------------+
; led_q[0]      ; 2.5 V        ; 0 s                 ; 0 s                 ; 2.32 V                       ; 1.46e-09 V                   ; 2.34 V              ; -0.00645 V          ; 0.188 V                              ; 0.108 V                              ; 2.83e-09 s                  ; 2.65e-09 s                  ; No                         ; Yes                        ; 2.32 V                      ; 1.46e-09 V                  ; 2.34 V             ; -0.00645 V         ; 0.188 V                             ; 0.108 V                             ; 2.83e-09 s                 ; 2.65e-09 s                 ; No                        ; Yes                       ;
; led_q[1]      ; 2.5 V        ; 0 s                 ; 0 s                 ; 2.32 V                       ; 1.46e-09 V                   ; 2.37 V              ; -0.0241 V           ; 0.127 V                              ; 0.073 V                              ; 6.7e-10 s                   ; 6.3e-10 s                   ; No                         ; Yes                        ; 2.32 V                      ; 1.46e-09 V                  ; 2.37 V             ; -0.0241 V          ; 0.127 V                             ; 0.073 V                             ; 6.7e-10 s                  ; 6.3e-10 s                  ; No                        ; Yes                       ;
; led_q[2]      ; 2.5 V        ; 0 s                 ; 0 s                 ; 2.32 V                       ; 1.46e-09 V                   ; 2.37 V              ; -0.0241 V           ; 0.127 V                              ; 0.073 V                              ; 6.7e-10 s                   ; 6.3e-10 s                   ; No                         ; Yes                        ; 2.32 V                      ; 1.46e-09 V                  ; 2.37 V             ; -0.0241 V          ; 0.127 V                             ; 0.073 V                             ; 6.7e-10 s                  ; 6.3e-10 s                  ; No                        ; Yes                       ;
; led_q[3]      ; 2.5 V        ; 0 s                 ; 0 s                 ; 2.32 V                       ; 1.46e-09 V                   ; 2.37 V              ; -0.0241 V           ; 0.127 V                              ; 0.073 V                              ; 6.7e-10 s                   ; 6.3e-10 s                   ; No                         ; Yes                        ; 2.32 V                      ; 1.46e-09 V                  ; 2.37 V             ; -0.0241 V          ; 0.127 V                             ; 0.073 V                             ; 6.7e-10 s                  ; 6.3e-10 s                  ; No                        ; Yes                       ;
; led_q[4]      ; 2.5 V        ; 0 s                 ; 0 s                 ; 2.32 V                       ; 1.46e-09 V                   ; 2.39 V              ; -0.0221 V           ; 0.159 V                              ; 0.03 V                               ; 4.72e-10 s                  ; 4.62e-10 s                  ; Yes                        ; Yes                        ; 2.32 V                      ; 1.46e-09 V                  ; 2.39 V             ; -0.0221 V          ; 0.159 V                             ; 0.03 V                              ; 4.72e-10 s                 ; 4.62e-10 s                 ; Yes                       ; Yes                       ;
; led_q[5]      ; 2.5 V        ; 0 s                 ; 0 s                 ; 2.32 V                       ; 1.46e-09 V                   ; 2.37 V              ; -0.0241 V           ; 0.127 V                              ; 0.073 V                              ; 6.7e-10 s                   ; 6.3e-10 s                   ; No                         ; Yes                        ; 2.32 V                      ; 1.46e-09 V                  ; 2.37 V             ; -0.0241 V          ; 0.127 V                             ; 0.073 V                             ; 6.7e-10 s                  ; 6.3e-10 s                  ; No                        ; Yes                       ;
; led_q[6]      ; 2.5 V        ; 0 s                 ; 0 s                 ; 2.32 V                       ; 1.87e-09 V                   ; 2.41 V              ; -0.0441 V           ; 0.217 V                              ; 0.126 V                              ; 2.86e-10 s                  ; 3.07e-10 s                  ; Yes                        ; Yes                        ; 2.32 V                      ; 1.87e-09 V                  ; 2.41 V             ; -0.0441 V          ; 0.217 V                             ; 0.126 V                             ; 2.86e-10 s                 ; 3.07e-10 s                 ; Yes                       ; Yes                       ;
; led_q[7]      ; 2.5 V        ; 0 s                 ; 0 s                 ; 2.32 V                       ; 1.46e-09 V                   ; 2.34 V              ; -0.00645 V          ; 0.188 V                              ; 0.108 V                              ; 2.83e-09 s                  ; 2.65e-09 s                  ; No                         ; Yes                        ; 2.32 V                      ; 1.46e-09 V                  ; 2.34 V             ; -0.00645 V         ; 0.188 V                             ; 0.108 V                             ; 2.83e-09 s                 ; 2.65e-09 s                 ; No                        ; Yes                       ;
; led_rco       ; 2.5 V        ; 0 s                 ; 0 s                 ; 2.32 V                       ; 1.46e-09 V                   ; 2.37 V              ; -0.0241 V           ; 0.127 V                              ; 0.073 V                              ; 6.7e-10 s                   ; 6.3e-10 s                   ; No                         ; Yes                        ; 2.32 V                      ; 1.46e-09 V                  ; 2.37 V             ; -0.0241 V          ; 0.127 V                             ; 0.073 V                             ; 6.7e-10 s                  ; 6.3e-10 s                  ; No                        ; Yes                       ;
; ~ALTERA_DCLK~ ; 2.5 V        ; 0 s                 ; 0 s                 ; 2.32 V                       ; 1.16e-09 V                   ; 2.39 V              ; -0.0374 V           ; 0.127 V                              ; 0.051 V                              ; 4.57e-10 s                  ; 3.66e-10 s                  ; No                         ; Yes                        ; 2.32 V                      ; 1.16e-09 V                  ; 2.39 V             ; -0.0374 V          ; 0.127 V                             ; 0.051 V                             ; 4.57e-10 s                 ; 3.66e-10 s                 ; No                        ; Yes                       ;
; ~ALTERA_nCEO~ ; 2.5 V        ; 0 s                 ; 0 s                 ; 2.32 V                       ; 1.76e-09 V                   ; 2.38 V              ; -0.00636 V          ; 0.233 V                              ; 0.017 V                              ; 5.26e-10 s                  ; 7.33e-10 s                  ; No                         ; Yes                        ; 2.32 V                      ; 1.76e-09 V                  ; 2.38 V             ; -0.00636 V         ; 0.233 V                             ; 0.017 V                             ; 5.26e-10 s                 ; 7.33e-10 s                 ; No                        ; Yes                       ;
+---------------+--------------+---------------------+---------------------+------------------------------+------------------------------+---------------------+---------------------+--------------------------------------+--------------------------------------+-----------------------------+-----------------------------+----------------------------+----------------------------+-----------------------------+-----------------------------+--------------------+--------------------+-------------------------------------+-------------------------------------+----------------------------+----------------------------+---------------------------+---------------------------+


+--------------------------------------------------------------------------------------------------------------------------------------------------------------------------------------------------------------------------------------------------------------------------------------------------------------------------------------------------------------------------------------------------------------------------------------------------------------------------------------------------------------------------------------------------------------------------------------------------------------------------------------------------------------------------------------------+
; Signal Integrity Metrics (Slow 1200mv 125c Model)                                                                                                                                                                                                                                                                                                                                                                                                                                                                                                                                                                                                                                          ;
+---------------+--------------+---------------------+---------------------+------------------------------+------------------------------+---------------------+---------------------+--------------------------------------+--------------------------------------+-----------------------------+-----------------------------+----------------------------+----------------------------+-----------------------------+-----------------------------+--------------------+--------------------+-------------------------------------+-------------------------------------+----------------------------+----------------------------+---------------------------+---------------------------+
; Pin           ; I/O Standard ; Board Delay on Rise ; Board Delay on Fall ; Steady State Voh at FPGA Pin ; Steady State Vol at FPGA Pin ; Voh Max at FPGA Pin ; Vol Min at FPGA Pin ; Ringback Voltage on Rise at FPGA Pin ; Ringback Voltage on Fall at FPGA Pin ; 10-90 Rise Time at FPGA Pin ; 90-10 Fall Time at FPGA Pin ; Monotonic Rise at FPGA Pin ; Monotonic Fall at FPGA Pin ; Steady State Voh at Far-end ; Steady State Vol at Far-end ; Voh Max at Far-end ; Vol Min at Far-end ; Ringback Voltage on Rise at Far-end ; Ringback Voltage on Fall at Far-end ; 10-90 Rise Time at Far-end ; 90-10 Fall Time at Far-end ; Monotonic Rise at Far-end ; Monotonic Fall at Far-end ;
+---------------+--------------+---------------------+---------------------+------------------------------+------------------------------+---------------------+---------------------+--------------------------------------+--------------------------------------+-----------------------------+-----------------------------+----------------------------+----------------------------+-----------------------------+-----------------------------+--------------------+--------------------+-------------------------------------+-------------------------------------+----------------------------+----------------------------+---------------------------+---------------------------+
; led_q[0]      ; 2.5 V        ; 0 s                 ; 0 s                 ; 2.32 V                       ; 2.95e-06 V                   ; 2.33 V              ; -0.00175 V          ; 0.079 V                              ; 0.063 V                              ; 3.99e-09 s                  ; 3.89e-09 s                  ; Yes                        ; Yes                        ; 2.32 V                      ; 2.95e-06 V                  ; 2.33 V             ; -0.00175 V         ; 0.079 V                             ; 0.063 V                             ; 3.99e-09 s                 ; 3.89e-09 s                 ; Yes                       ; Yes                       ;
; led_q[1]      ; 2.5 V        ; 0 s                 ; 0 s                 ; 2.32 V                       ; 2.95e-06 V                   ; 2.34 V              ; -0.00547 V          ; 0.078 V                              ; 0.03 V                               ; 9.16e-10 s                  ; 9.07e-10 s                  ; Yes                        ; Yes                        ; 2.32 V                      ; 2.95e-06 V                  ; 2.34 V             ; -0.00547 V         ; 0.078 V                             ; 0.03 V                              ; 9.16e-10 s                 ; 9.07e-10 s                 ; Yes                       ; Yes                       ;
; led_q[2]      ; 2.5 V        ; 0 s                 ; 0 s                 ; 2.32 V                       ; 2.95e-06 V                   ; 2.34 V              ; -0.00547 V          ; 0.078 V                              ; 0.03 V                               ; 9.16e-10 s                  ; 9.07e-10 s                  ; Yes                        ; Yes                        ; 2.32 V                      ; 2.95e-06 V                  ; 2.34 V             ; -0.00547 V         ; 0.078 V                             ; 0.03 V                              ; 9.16e-10 s                 ; 9.07e-10 s                 ; Yes                       ; Yes                       ;
; led_q[3]      ; 2.5 V        ; 0 s                 ; 0 s                 ; 2.32 V                       ; 2.95e-06 V                   ; 2.34 V              ; -0.00547 V          ; 0.078 V                              ; 0.03 V                               ; 9.16e-10 s                  ; 9.07e-10 s                  ; Yes                        ; Yes                        ; 2.32 V                      ; 2.95e-06 V                  ; 2.34 V             ; -0.00547 V         ; 0.078 V                             ; 0.03 V                              ; 9.16e-10 s                 ; 9.07e-10 s                 ; Yes                       ; Yes                       ;
; led_q[4]      ; 2.5 V        ; 0 s                 ; 0 s                 ; 2.32 V                       ; 2.95e-06 V                   ; 2.34 V              ; -0.00607 V          ; 0.068 V                              ; 0.021 V                              ; 6.93e-10 s                  ; 7.01e-10 s                  ; Yes                        ; Yes                        ; 2.32 V                      ; 2.95e-06 V                  ; 2.34 V             ; -0.00607 V         ; 0.068 V                             ; 0.021 V                             ; 6.93e-10 s                 ; 7.01e-10 s                 ; Yes                       ; Yes                       ;
; led_q[5]      ; 2.5 V        ; 0 s                 ; 0 s                 ; 2.32 V                       ; 2.95e-06 V                   ; 2.34 V              ; -0.00547 V          ; 0.078 V                              ; 0.03 V                               ; 9.16e-10 s                  ; 9.07e-10 s                  ; Yes                        ; Yes                        ; 2.32 V                      ; 2.95e-06 V                  ; 2.34 V             ; -0.00547 V         ; 0.078 V                             ; 0.03 V                              ; 9.16e-10 s                 ; 9.07e-10 s                 ; Yes                       ; Yes                       ;
; led_q[6]      ; 2.5 V        ; 0 s                 ; 0 s                 ; 2.32 V                       ; 4.38e-06 V                   ; 2.34 V              ; -0.00104 V          ; 0.061 V                              ; 0.002 V                              ; 4.9e-10 s                   ; 5.16e-10 s                  ; Yes                        ; Yes                        ; 2.32 V                      ; 4.38e-06 V                  ; 2.34 V             ; -0.00104 V         ; 0.061 V                             ; 0.002 V                             ; 4.9e-10 s                  ; 5.16e-10 s                 ; Yes                       ; Yes                       ;
; led_q[7]      ; 2.5 V        ; 0 s                 ; 0 s                 ; 2.32 V                       ; 2.95e-06 V                   ; 2.33 V              ; -0.00175 V          ; 0.079 V                              ; 0.063 V                              ; 3.99e-09 s                  ; 3.89e-09 s                  ; Yes                        ; Yes                        ; 2.32 V                      ; 2.95e-06 V                  ; 2.33 V             ; -0.00175 V         ; 0.079 V                             ; 0.063 V                             ; 3.99e-09 s                 ; 3.89e-09 s                 ; Yes                       ; Yes                       ;
; led_rco       ; 2.5 V        ; 0 s                 ; 0 s                 ; 2.32 V                       ; 2.95e-06 V                   ; 2.34 V              ; -0.00547 V          ; 0.078 V                              ; 0.03 V                               ; 9.16e-10 s                  ; 9.07e-10 s                  ; Yes                        ; Yes                        ; 2.32 V                      ; 2.95e-06 V                  ; 2.34 V             ; -0.00547 V         ; 0.078 V                             ; 0.03 V                              ; 9.16e-10 s                 ; 9.07e-10 s                 ; Yes                       ; Yes                       ;
; ~ALTERA_DCLK~ ; 2.5 V        ; 0 s                 ; 0 s                 ; 2.32 V                       ; 2.3e-06 V                    ; 2.34 V              ; -0.0069 V           ; 0.107 V                              ; 0.016 V                              ; 6.58e-10 s                  ; 5.7e-10 s                   ; Yes                        ; Yes                        ; 2.32 V                      ; 2.3e-06 V                   ; 2.34 V             ; -0.0069 V          ; 0.107 V                             ; 0.016 V                             ; 6.58e-10 s                 ; 5.7e-10 s                  ; Yes                       ; Yes                       ;
; ~ALTERA_nCEO~ ; 2.5 V        ; 0 s                 ; 0 s                 ; 2.32 V                       ; 3.82e-06 V                   ; 2.34 V              ; -0.00418 V          ; 0.06 V                               ; 0.025 V                              ; 8.71e-10 s                  ; 1.13e-09 s                  ; Yes                        ; Yes                        ; 2.32 V                      ; 3.82e-06 V                  ; 2.34 V             ; -0.00418 V         ; 0.06 V                              ; 0.025 V                             ; 8.71e-10 s                 ; 1.13e-09 s                 ; Yes                       ; Yes                       ;
+---------------+--------------+---------------------+---------------------+------------------------------+------------------------------+---------------------+---------------------+--------------------------------------+--------------------------------------+-----------------------------+-----------------------------+----------------------------+----------------------------+-----------------------------+-----------------------------+--------------------+--------------------+-------------------------------------+-------------------------------------+----------------------------+----------------------------+---------------------------+---------------------------+


+--------------------------------------------------------------------------------------------------------------------------------------------------------------------------------------------------------------------------------------------------------------------------------------------------------------------------------------------------------------------------------------------------------------------------------------------------------------------------------------------------------------------------------------------------------------------------------------------------------------------------------------------------------------------------------------------+
; Signal Integrity Metrics (Fast 1200mv n40c Model)                                                                                                                                                                                                                                                                                                                                                                                                                                                                                                                                                                                                                                          ;
+---------------+--------------+---------------------+---------------------+------------------------------+------------------------------+---------------------+---------------------+--------------------------------------+--------------------------------------+-----------------------------+-----------------------------+----------------------------+----------------------------+-----------------------------+-----------------------------+--------------------+--------------------+-------------------------------------+-------------------------------------+----------------------------+----------------------------+---------------------------+---------------------------+
; Pin           ; I/O Standard ; Board Delay on Rise ; Board Delay on Fall ; Steady State Voh at FPGA Pin ; Steady State Vol at FPGA Pin ; Voh Max at FPGA Pin ; Vol Min at FPGA Pin ; Ringback Voltage on Rise at FPGA Pin ; Ringback Voltage on Fall at FPGA Pin ; 10-90 Rise Time at FPGA Pin ; 90-10 Fall Time at FPGA Pin ; Monotonic Rise at FPGA Pin ; Monotonic Fall at FPGA Pin ; Steady State Voh at Far-end ; Steady State Vol at Far-end ; Voh Max at Far-end ; Vol Min at Far-end ; Ringback Voltage on Rise at Far-end ; Ringback Voltage on Fall at Far-end ; 10-90 Rise Time at Far-end ; 90-10 Fall Time at Far-end ; Monotonic Rise at Far-end ; Monotonic Fall at Far-end ;
+---------------+--------------+---------------------+---------------------+------------------------------+------------------------------+---------------------+---------------------+--------------------------------------+--------------------------------------+-----------------------------+-----------------------------+----------------------------+----------------------------+-----------------------------+-----------------------------+--------------------+--------------------+-------------------------------------+-------------------------------------+----------------------------+----------------------------+---------------------------+---------------------------+
; led_q[0]      ; 2.5 V        ; 0 s                 ; 0 s                 ; 2.62 V                       ; 2.43e-09 V                   ; 2.65 V              ; -0.0136 V           ; 0.244 V                              ; 0.164 V                              ; 2.2e-09 s                   ; 2.13e-09 s                  ; No                         ; Yes                        ; 2.62 V                      ; 2.43e-09 V                  ; 2.65 V             ; -0.0136 V          ; 0.244 V                             ; 0.164 V                             ; 2.2e-09 s                  ; 2.13e-09 s                 ; No                        ; Yes                       ;
; led_q[1]      ; 2.5 V        ; 0 s                 ; 0 s                 ; 2.62 V                       ; 2.43e-09 V                   ; 2.73 V              ; -0.043 V            ; 0.216 V                              ; 0.135 V                              ; 4.76e-10 s                  ; 4.78e-10 s                  ; No                         ; Yes                        ; 2.62 V                      ; 2.43e-09 V                  ; 2.73 V             ; -0.043 V           ; 0.216 V                             ; 0.135 V                             ; 4.76e-10 s                 ; 4.78e-10 s                 ; No                        ; Yes                       ;
; led_q[2]      ; 2.5 V        ; 0 s                 ; 0 s                 ; 2.62 V                       ; 2.43e-09 V                   ; 2.73 V              ; -0.043 V            ; 0.216 V                              ; 0.135 V                              ; 4.76e-10 s                  ; 4.78e-10 s                  ; No                         ; Yes                        ; 2.62 V                      ; 2.43e-09 V                  ; 2.73 V             ; -0.043 V           ; 0.216 V                             ; 0.135 V                             ; 4.76e-10 s                 ; 4.78e-10 s                 ; No                        ; Yes                       ;
; led_q[3]      ; 2.5 V        ; 0 s                 ; 0 s                 ; 2.62 V                       ; 2.43e-09 V                   ; 2.73 V              ; -0.043 V            ; 0.216 V                              ; 0.135 V                              ; 4.76e-10 s                  ; 4.78e-10 s                  ; No                         ; Yes                        ; 2.62 V                      ; 2.43e-09 V                  ; 2.73 V             ; -0.043 V           ; 0.216 V                             ; 0.135 V                             ; 4.76e-10 s                 ; 4.78e-10 s                 ; No                        ; Yes                       ;
; led_q[4]      ; 2.5 V        ; 0 s                 ; 0 s                 ; 2.62 V                       ; 2.43e-09 V                   ; 2.74 V              ; -0.0602 V           ; 0.305 V                              ; 0.08 V                               ; 2.97e-10 s                  ; 3.46e-10 s                  ; No                         ; Yes                        ; 2.62 V                      ; 2.43e-09 V                  ; 2.74 V             ; -0.0602 V          ; 0.305 V                             ; 0.08 V                              ; 2.97e-10 s                 ; 3.46e-10 s                 ; No                        ; Yes                       ;
; led_q[5]      ; 2.5 V        ; 0 s                 ; 0 s                 ; 2.62 V                       ; 2.43e-09 V                   ; 2.73 V              ; -0.043 V            ; 0.216 V                              ; 0.135 V                              ; 4.76e-10 s                  ; 4.78e-10 s                  ; No                         ; Yes                        ; 2.62 V                      ; 2.43e-09 V                  ; 2.73 V             ; -0.043 V           ; 0.216 V                             ; 0.135 V                             ; 4.76e-10 s                 ; 4.78e-10 s                 ; No                        ; Yes                       ;
; led_q[6]      ; 2.5 V        ; 0 s                 ; 0 s                 ; 2.62 V                       ; 3.46e-09 V                   ; 2.76 V              ; -0.079 V            ; 0.178 V                              ; 0.111 V                              ; 2.58e-10 s                  ; 2.54e-10 s                  ; Yes                        ; Yes                        ; 2.62 V                      ; 3.46e-09 V                  ; 2.76 V             ; -0.079 V           ; 0.178 V                             ; 0.111 V                             ; 2.58e-10 s                 ; 2.54e-10 s                 ; Yes                       ; Yes                       ;
; led_q[7]      ; 2.5 V        ; 0 s                 ; 0 s                 ; 2.62 V                       ; 2.43e-09 V                   ; 2.65 V              ; -0.0136 V           ; 0.244 V                              ; 0.164 V                              ; 2.2e-09 s                   ; 2.13e-09 s                  ; No                         ; Yes                        ; 2.62 V                      ; 2.43e-09 V                  ; 2.65 V             ; -0.0136 V          ; 0.244 V                             ; 0.164 V                             ; 2.2e-09 s                  ; 2.13e-09 s                 ; No                        ; Yes                       ;
; led_rco       ; 2.5 V        ; 0 s                 ; 0 s                 ; 2.62 V                       ; 2.43e-09 V                   ; 2.73 V              ; -0.043 V            ; 0.216 V                              ; 0.135 V                              ; 4.76e-10 s                  ; 4.78e-10 s                  ; No                         ; Yes                        ; 2.62 V                      ; 2.43e-09 V                  ; 2.73 V             ; -0.043 V           ; 0.216 V                             ; 0.135 V                             ; 4.76e-10 s                 ; 4.78e-10 s                 ; No                        ; Yes                       ;
; ~ALTERA_DCLK~ ; 2.5 V        ; 0 s                 ; 0 s                 ; 2.62 V                       ; 2e-09 V                      ; 2.74 V              ; -0.103 V            ; 0.233 V                              ; 0.159 V                              ; 2.85e-10 s                  ; 2.77e-10 s                  ; Yes                        ; Yes                        ; 2.62 V                      ; 2e-09 V                     ; 2.74 V             ; -0.103 V           ; 0.233 V                             ; 0.159 V                             ; 2.85e-10 s                 ; 2.77e-10 s                 ; Yes                       ; Yes                       ;
; ~ALTERA_nCEO~ ; 2.5 V        ; 0 s                 ; 0 s                 ; 2.62 V                       ; 3.09e-09 V                   ; 2.72 V              ; -0.0273 V           ; 0.18 V                               ; 0.08 V                               ; 4.67e-10 s                  ; 6.1e-10 s                   ; No                         ; Yes                        ; 2.62 V                      ; 3.09e-09 V                  ; 2.72 V             ; -0.0273 V          ; 0.18 V                              ; 0.08 V                              ; 4.67e-10 s                 ; 6.1e-10 s                  ; No                        ; Yes                       ;
+---------------+--------------+---------------------+---------------------+------------------------------+------------------------------+---------------------+---------------------+--------------------------------------+--------------------------------------+-----------------------------+-----------------------------+----------------------------+----------------------------+-----------------------------+-----------------------------+--------------------+--------------------+-------------------------------------+-------------------------------------+----------------------------+----------------------------+---------------------------+---------------------------+


+-------------------------------------------------------------------------------------------+
; Setup Transfers                                                                           ;
+-----------------------+-----------------------+----------+----------+----------+----------+
; From Clock            ; To Clock              ; RR Paths ; FR Paths ; RF Paths ; FF Paths ;
+-----------------------+-----------------------+----------+----------+----------+----------+
; clk_50M               ; clk_50M               ; 650      ; 0        ; 0        ; 0        ;
; divider:u_div|clk_out ; clk_50M               ; 1        ; 1        ; 0        ; 0        ;
; divider:u_div|clk_out ; divider:u_div|clk_out ; 84       ; 0        ; 0        ; 0        ;
+-----------------------+-----------------------+----------+----------+----------+----------+
Entries labeled "false path" only account for clock-to-clock false paths and not path-based false paths. As a result, actual path counts may be lower than reported.


+-------------------------------------------------------------------------------------------+
; Hold Transfers                                                                            ;
+-----------------------+-----------------------+----------+----------+----------+----------+
; From Clock            ; To Clock              ; RR Paths ; FR Paths ; RF Paths ; FF Paths ;
+-----------------------+-----------------------+----------+----------+----------+----------+
; clk_50M               ; clk_50M               ; 650      ; 0        ; 0        ; 0        ;
; divider:u_div|clk_out ; clk_50M               ; 1        ; 1        ; 0        ; 0        ;
; divider:u_div|clk_out ; divider:u_div|clk_out ; 84       ; 0        ; 0        ; 0        ;
+-----------------------+-----------------------+----------+----------+----------+----------+
Entries labeled "false path" only account for clock-to-clock false paths and not path-based false paths. As a result, actual path counts may be lower than reported.


---------------
; Report TCCS ;
---------------
No dedicated SERDES Transmitter circuitry present in device or used in design


---------------
; Report RSKM ;
---------------
No non-DPA dedicated SERDES Receiver circuitry present in device or used in design


+------------------------------------------------+
; Unconstrained Paths Summary                    ;
+---------------------------------+-------+------+
; Property                        ; Setup ; Hold ;
+---------------------------------+-------+------+
; Illegal Clocks                  ; 0     ; 0    ;
; Unconstrained Clocks            ; 0     ; 0    ;
; Unconstrained Input Ports       ; 1     ; 1    ;
; Unconstrained Input Port Paths  ; 34    ; 34   ;
; Unconstrained Output Ports      ; 9     ; 9    ;
; Unconstrained Output Port Paths ; 16    ; 16   ;
+---------------------------------+-------+------+


+--------------------------------------------------------------------+
; Clock Status Summary                                               ;
+-----------------------+-----------------------+------+-------------+
; Target                ; Clock                 ; Type ; Status      ;
+-----------------------+-----------------------+------+-------------+
; clk_50M               ; clk_50M               ; Base ; Constrained ;
; divider:u_div|clk_out ; divider:u_div|clk_out ; Base ; Constrained ;
+-----------------------+-----------------------+------+-------------+


+---------------------------------------------------------------------------------------------------+
; Unconstrained Input Ports                                                                         ;
+------------+--------------------------------------------------------------------------------------+
; Input Port ; Comment                                                                              ;
+------------+--------------------------------------------------------------------------------------+
; rst_n      ; No input delay, min/max delays, false-path exceptions, or max skew assignments found ;
+------------+--------------------------------------------------------------------------------------+


+-----------------------------------------------------------------------------------------------------+
; Unconstrained Output Ports                                                                          ;
+-------------+---------------------------------------------------------------------------------------+
; Output Port ; Comment                                                                               ;
+-------------+---------------------------------------------------------------------------------------+
; led_q[0]    ; No output delay, min/max delays, false-path exceptions, or max skew assignments found ;
; led_q[1]    ; No output delay, min/max delays, false-path exceptions, or max skew assignments found ;
; led_q[2]    ; No output delay, min/max delays, false-path exceptions, or max skew assignments found ;
; led_q[3]    ; No output delay, min/max delays, false-path exceptions, or max skew assignments found ;
; led_q[4]    ; No output delay, min/max delays, false-path exceptions, or max skew assignments found ;
; led_q[5]    ; No output delay, min/max delays, false-path exceptions, or max skew assignments found ;
; led_q[6]    ; No output delay, min/max delays, false-path exceptions, or max skew assignments found ;
; led_q[7]    ; No output delay, min/max delays, false-path exceptions, or max skew assignments found ;
; led_rco     ; No output delay, min/max delays, false-path exceptions, or max skew assignments found ;
+-------------+---------------------------------------------------------------------------------------+


+---------------------------------------------------------------------------------------------------+
; Unconstrained Input Ports                                                                         ;
+------------+--------------------------------------------------------------------------------------+
; Input Port ; Comment                                                                              ;
+------------+--------------------------------------------------------------------------------------+
; rst_n      ; No input delay, min/max delays, false-path exceptions, or max skew assignments found ;
+------------+--------------------------------------------------------------------------------------+


+-----------------------------------------------------------------------------------------------------+
; Unconstrained Output Ports                                                                          ;
+-------------+---------------------------------------------------------------------------------------+
; Output Port ; Comment                                                                               ;
+-------------+---------------------------------------------------------------------------------------+
; led_q[0]    ; No output delay, min/max delays, false-path exceptions, or max skew assignments found ;
; led_q[1]    ; No output delay, min/max delays, false-path exceptions, or max skew assignments found ;
; led_q[2]    ; No output delay, min/max delays, false-path exceptions, or max skew assignments found ;
; led_q[3]    ; No output delay, min/max delays, false-path exceptions, or max skew assignments found ;
; led_q[4]    ; No output delay, min/max delays, false-path exceptions, or max skew assignments found ;
; led_q[5]    ; No output delay, min/max delays, false-path exceptions, or max skew assignments found ;
; led_q[6]    ; No output delay, min/max delays, false-path exceptions, or max skew assignments found ;
; led_q[7]    ; No output delay, min/max delays, false-path exceptions, or max skew assignments found ;
; led_rco     ; No output delay, min/max delays, false-path exceptions, or max skew assignments found ;
+-------------+---------------------------------------------------------------------------------------+


+------------------------------------+
; TimeQuest Timing Analyzer Messages ;
+------------------------------------+
Info: *******************************************************************
Info: Running Quartus Prime TimeQuest Timing Analyzer
    Info: Version 17.1.0 Build 590 10/25/2017 SJ Lite Edition
    Info: Processing started: Fri Dec 19 18:39:07 2025
Info: Command: quartus_sta M45 -c M45
Info: qsta_default_script.tcl version: #3
Warning (18236): Number of processors has not been specified which may cause overloading on shared machines.  Set the global assignment NUM_PARALLEL_PROCESSORS in your QSF to an appropriate value for best performance.
Info (20030): Parallel compilation is enabled and will use 16 of the 32 processors detected
Info (21077): Low junction temperature is -40 degrees C
Info (21077): High junction temperature is 125 degrees C
Critical Warning (332012): Synopsys Design Constraints File file not found: 'M45.sdc'. A Synopsys Design Constraints File is required by the TimeQuest Timing Analyzer to get proper timing constraints. Without it, the Compiler will not properly optimize the design.
Info (332142): No user constrained base clocks found in the design. Calling "derive_clocks -period 1.0"
Info (332105): Deriving Clocks
    Info (332105): create_clock -period 1.000 -name divider:u_div|clk_out divider:u_div|clk_out
    Info (332105): create_clock -period 1.000 -name clk_50M clk_50M
Info (332143): No user constrained clock uncertainty found in the design. Calling "derive_clock_uncertainty"
Info (332123): Deriving Clock Uncertainty. Please refer to report_sdc in TimeQuest to see clock uncertainties.
Info: Found TIMEQUEST_REPORT_SCRIPT_INCLUDE_DEFAULT_ANALYSIS = ON
Info: Analyzing Slow 1200mV 125C Model
Critical Warning (332148): Timing requirements not met
    Info (11105): For recommendations on closing timing, run Report Timing Closure Recommendations in the TimeQuest Timing Analyzer.
Info (332146): Worst-case setup slack is -3.858
    Info (332119):     Slack       End Point TNS Clock 
    Info (332119): ========= =================== =====================
    Info (332119):    -3.858             -50.060 clk_50M 
    Info (332119):    -1.502             -10.801 divider:u_div|clk_out 
Info (332146): Worst-case hold slack is 0.592
    Info (332119):     Slack       End Point TNS Clock 
    Info (332119): ========= =================== =====================
    Info (332119):     0.592               0.000 divider:u_div|clk_out 
    Info (332119):     0.662               0.000 clk_50M 
Info (332140): No Recovery paths to report
Info (332140): No Removal paths to report
Info (332146): Worst-case minimum pulse width slack is -3.000
    Info (332119):     Slack       End Point TNS Clock 
    Info (332119): ========= =================== =====================
    Info (332119):    -3.000             -41.662 clk_50M 
    Info (332119):    -1.487             -11.896 divider:u_div|clk_out 
Info: Analyzing Slow 1200mV -40C Model
Info (334003): Started post-fitting delay annotation
Info (334004): Delay annotation completed successfully
Info (332123): Deriving Clock Uncertainty. Please refer to report_sdc in TimeQuest to see clock uncertainties.
Critical Warning (332148): Timing requirements not met
    Info (11105): For recommendations on closing timing, run Report Timing Closure Recommendations in the TimeQuest Timing Analyzer.
Info (332146): Worst-case setup slack is -3.183
    Info (332119):     Slack       End Point TNS Clock 
    Info (332119): ========= =================== =====================
    Info (332119):    -3.183             -37.448 clk_50M 
    Info (332119):    -1.184              -8.374 divider:u_div|clk_out 
Info (332146): Worst-case hold slack is 0.493
    Info (332119):     Slack       End Point TNS Clock 
    Info (332119): ========= =================== =====================
    Info (332119):     0.493               0.000 divider:u_div|clk_out 
    Info (332119):     0.579               0.000 clk_50M 
Info (332140): No Recovery paths to report
Info (332140): No Removal paths to report
Info (332146): Worst-case minimum pulse width slack is -3.000
    Info (332119):     Slack       End Point TNS Clock 
    Info (332119): ========= =================== =====================
    Info (332119):    -3.000             -36.410 clk_50M 
    Info (332119):    -1.285             -10.280 divider:u_div|clk_out 
Info: Analyzing Fast 1200mV -40C Model
Info (332123): Deriving Clock Uncertainty. Please refer to report_sdc in TimeQuest to see clock uncertainties.
Critical Warning (332148): Timing requirements not met
    Info (11105): For recommendations on closing timing, run Report Timing Closure Recommendations in the TimeQuest Timing Analyzer.
Info (332146): Worst-case setup slack is -1.362
    Info (332119):     Slack       End Point TNS Clock 
    Info (332119): ========= =================== =====================
    Info (332119):    -1.362              -9.566 clk_50M 
    Info (332119):    -0.108              -0.540 divider:u_div|clk_out 
Info (332146): Worst-case hold slack is 0.244
    Info (332119):     Slack       End Point TNS Clock 
    Info (332119): ========= =================== =====================
    Info (332119):     0.244               0.000 divider:u_div|clk_out 
    Info (332119):     0.280               0.000 clk_50M 
Info (332140): No Recovery paths to report
Info (332140): No Removal paths to report
Info (332146): Worst-case minimum pulse width slack is -3.000
    Info (332119):     Slack       End Point TNS Clock 
    Info (332119): ========= =================== =====================
    Info (332119):    -3.000             -30.340 clk_50M 
    Info (332119):    -1.000              -8.000 divider:u_div|clk_out 
Info (332102): Design is not fully constrained for setup requirements
Info (332102): Design is not fully constrained for hold requirements
Info: Quartus Prime TimeQuest Timing Analyzer was successful. 0 errors, 5 warnings
    Info: Peak virtual memory: 4891 megabytes
    Info: Processing ended: Fri Dec 19 18:39:08 2025
    Info: Elapsed time: 00:00:01
    Info: Total CPU time (on all processors): 00:00:01


