TimeQuest Timing Analyzer report for cnt25
Wed Dec 24 19:39:53 2025
Quartus Prime Version 17.1.0 Build 590 10/25/2017 SJ Lite Edition


---------------------
; Table of Contents ;
---------------------
  1. Legal Notice
  2. TimeQuest Timing Analyzer Summary
  3. Parallel Compilation
  4. Clocks
  5. Slow 1200mV 125C Model Fmax Summary
  6. Timing Closure Recommendations
  7. Slow 1200mV 125C Model Setup Summary
  8. Slow 1200mV 125C Model Hold Summary
  9. Slow 1200mV 125C Model Recovery Summary
 10. Slow 1200mV 125C Model Removal Summary
 11. Slow 1200mV 125C Model Minimum Pulse Width Summary
 12. Slow 1200mV 125C Model Setup: 'CLK'
 13. Slow 1200mV 125C Model Hold: 'CLK'
 14. Slow 1200mV 125C Model Recovery: 'CLK'
 15. Slow 1200mV 125C Model Removal: 'CLK'
 16. Slow 1200mV 125C Model Metastability Summary
 17. Slow 1200mV -40C Model Fmax Summary
 18. Slow 1200mV -40C Model Setup Summary
 19. Slow 1200mV -40C Model Hold Summary
 20. Slow 1200mV -40C Model Recovery Summary
 21. Slow 1200mV -40C Model Removal Summary
 22. Slow 1200mV -40C Model Minimum Pulse Width Summary
 23. Slow 1200mV -40C Model Setup: 'CLK'
 24. Slow 1200mV -40C Model Hold: 'CLK'
 25. Slow 1200mV -40C Model Recovery: 'CLK'
 26. Slow 1200mV -40C Model Removal: 'CLK'
 27. Slow 1200mV -40C Model Metastability Summary
 28. Fast 1200mV -40C Model Setup Summary
 29. Fast 1200mV -40C Model Hold Summary
 30. Fast 1200mV -40C Model Recovery Summary
 31. Fast 1200mV -40C Model Removal Summary
 32. Fast 1200mV -40C Model Minimum Pulse Width Summary
 33. Fast 1200mV -40C Model Setup: 'CLK'
 34. Fast 1200mV -40C Model Hold: 'CLK'
 35. Fast 1200mV -40C Model Recovery: 'CLK'
 36. Fast 1200mV -40C Model Removal: 'CLK'
 37. Fast 1200mV -40C Model Metastability Summary
 38. Multicorner Timing Analysis Summary
 39. Board Trace Model Assignments
 40. Input Transition Times
 41. Signal Integrity Metrics (Slow 1200mv n40c Model)
 42. Signal Integrity Metrics (Slow 1200mv 125c Model)
 43. Signal Integrity Metrics (Fast 1200mv n40c Model)
 44. Setup Transfers
 45. Hold Transfers
 46. Recovery Transfers
 47. Removal Transfers
 48. Report TCCS
 49. Report RSKM
 50. Unconstrained Paths Summary
 51. Clock Status Summary
 52. Unconstrained Output Ports
 53. Unconstrained Output Ports
 54. TimeQuest Timing Analyzer Messages



----------------
; Legal Notice ;
----------------
Copyright (C) 2017  Intel Corporation. All rights reserved.
Your use of Intel Corporation's design tools, logic functions 
and other software and tools, and its AMPP partner logic 
functions, and any output files from any of the foregoing 
(including device programming or simulation files), and any 
associated documentation or information are expressly subject 
to the terms and conditions of the Intel Program License 
Subscription Agreement, the Intel Quartus Prime License Agreement,
the Intel FPGA IP License Agreement, or other applicable license
agreement, including, without limitation, that your use is for
the sole purpose of programming logic devices manufactured by
Intel and sold by Intel or its authorized distributors.  Please
refer to the applicable agreement for further details.



+-----------------------------------------------------------------------------+
; TimeQuest Timing Analyzer Summary                                           ;
+-----------------------+-----------------------------------------------------+
; Quartus Prime Version ; Version 17.1.0 Build 590 10/25/2017 SJ Lite Edition ;
; Timing Analyzer       ; TimeQuest                                           ;
; Revision Name         ; cnt25                                               ;
; Device Family         ; Cyclone IV E                                        ;
; Device Name           ; EP4CE40U19A7                                        ;
; Timing Models         ; Final                                               ;
; Delay Model           ; Combined                                            ;
; Rise/Fall Delays      ; Enabled                                             ;
+-----------------------+-----------------------------------------------------+


+------------------------------------------+
; Parallel Compilation                     ;
+----------------------------+-------------+
; Processors                 ; Number      ;
+----------------------------+-------------+
; Number detected on machine ; 32          ;
; Maximum allowed            ; 16          ;
;                            ;             ;
; Average used               ; 1.05        ;
; Maximum used               ; 16          ;
;                            ;             ;
; Usage by Processor         ; % Time Used ;
;     Processor 1            ; 100.0%      ;
;     Processor 2            ;   0.7%      ;
;     Processor 3            ;   0.5%      ;
;     Processor 4            ;   0.4%      ;
;     Processors 5-16        ;   0.3%      ;
+----------------------------+-------------+


+---------------------------------------------------------------------------------------------------------------------------------------------------------------------------------+
; Clocks                                                                                                                                                                          ;
+------------+------+--------+------------+-------+-------+------------+-----------+-------------+-------+--------+-----------+------------+----------+--------+--------+---------+
; Clock Name ; Type ; Period ; Frequency  ; Rise  ; Fall  ; Duty Cycle ; Divide by ; Multiply by ; Phase ; Offset ; Edge List ; Edge Shift ; Inverted ; Master ; Source ; Targets ;
+------------+------+--------+------------+-------+-------+------------+-----------+-------------+-------+--------+-----------+------------+----------+--------+--------+---------+
; CLK        ; Base ; 1.000  ; 1000.0 MHz ; 0.000 ; 0.500 ;            ;           ;             ;       ;        ;           ;            ;          ;        ;        ; { CLK } ;
+------------+------+--------+------------+-------+-------+------------+-----------+-------------+-------+--------+-----------+------------+----------+--------+--------+---------+


+------------------------------------------------------------------------------------------------------------+
; Slow 1200mV 125C Model Fmax Summary                                                                        ;
+-------------+-----------------+------------+---------------------------------------------------------------+
; Fmax        ; Restricted Fmax ; Clock Name ; Note                                                          ;
+-------------+-----------------+------------+---------------------------------------------------------------+
; 1215.07 MHz ; 250.0 MHz       ; CLK        ; limit due to minimum period restriction (max I/O toggle rate) ;
+-------------+-----------------+------------+---------------------------------------------------------------+
This panel reports FMAX for every clock in the design, regardless of the user-specified clock periods.  FMAX is only computed for paths where the source and destination registers or ports are driven by the same clock.  Paths of different clocks, including generated clocks, are ignored.  For paths between a clock and its inversion, FMAX is computed as if the rising and falling edges are scaled along with FMAX, such that the duty cycle (in terms of a percentage) is maintained. Altera recommends that you always use clock constraints and other slack reports for sign-off analysis.


----------------------------------
; Timing Closure Recommendations ;
----------------------------------
HTML report is unavailable in plain text report export.


+--------------------------------------+
; Slow 1200mV 125C Model Setup Summary ;
+-------+-------+----------------------+
; Clock ; Slack ; End Point TNS        ;
+-------+-------+----------------------+
; CLK   ; 0.177 ; 0.000                ;
+-------+-------+----------------------+


+-------------------------------------+
; Slow 1200mV 125C Model Hold Summary ;
+-------+-------+---------------------+
; Clock ; Slack ; End Point TNS       ;
+-------+-------+---------------------+
; CLK   ; 0.458 ; 0.000               ;
+-------+-------+---------------------+


+-----------------------------------------+
; Slow 1200mV 125C Model Recovery Summary ;
+-------+--------+------------------------+
; Clock ; Slack  ; End Point TNS          ;
+-------+--------+------------------------+
; CLK   ; -3.687 ; -23.619                ;
+-------+--------+------------------------+


+----------------------------------------+
; Slow 1200mV 125C Model Removal Summary ;
+-------+-------+------------------------+
; Clock ; Slack ; End Point TNS          ;
+-------+-------+------------------------+
; CLK   ; 0.448 ; 0.000                  ;
+-------+-------+------------------------+


+----------------------------------------------------+
; Slow 1200mV 125C Model Minimum Pulse Width Summary ;
+-------+--------+-----------------------------------+
; Clock ; Slack  ; End Point TNS                     ;
+-------+--------+-----------------------------------+
; CLK   ; -3.000 ; -14.896                           ;
+-------+--------+-----------------------------------+


+---------------------------------------------------------------------------------------------------------+
; Slow 1200mV 125C Model Setup: 'CLK'                                                                     ;
+-------+-------------+-------------+--------------+-------------+--------------+------------+------------+
; Slack ; From Node   ; To Node     ; Launch Clock ; Latch Clock ; Relationship ; Clock Skew ; Data Delay ;
+-------+-------------+-------------+--------------+-------------+--------------+------------+------------+
; 0.177 ; 74192:U2|25 ; 74192:U2|25 ; CLK          ; CLK         ; 1.000        ; -0.046     ; 0.794      ;
; 0.177 ; 74192:U1|25 ; 74192:U1|25 ; CLK          ; CLK         ; 1.000        ; -0.046     ; 0.794      ;
; 0.177 ; 74192:U1|24 ; 74192:U1|24 ; CLK          ; CLK         ; 1.000        ; -0.046     ; 0.794      ;
; 0.177 ; 74192:U1|26 ; 74192:U1|26 ; CLK          ; CLK         ; 1.000        ; -0.046     ; 0.794      ;
; 0.177 ; 74192:U2|23 ; 74192:U2|23 ; CLK          ; CLK         ; 1.000        ; -0.046     ; 0.794      ;
; 0.177 ; 74192:U2|24 ; 74192:U2|24 ; CLK          ; CLK         ; 1.000        ; -0.046     ; 0.794      ;
; 0.177 ; 74192:U2|26 ; 74192:U2|26 ; CLK          ; CLK         ; 1.000        ; -0.046     ; 0.794      ;
; 0.177 ; 74192:U1|23 ; 74192:U1|23 ; CLK          ; CLK         ; 1.000        ; -0.046     ; 0.794      ;
+-------+-------------+-------------+--------------+-------------+--------------+------------+------------+


+---------------------------------------------------------------------------------------------------------+
; Slow 1200mV 125C Model Hold: 'CLK'                                                                      ;
+-------+-------------+-------------+--------------+-------------+--------------+------------+------------+
; Slack ; From Node   ; To Node     ; Launch Clock ; Latch Clock ; Relationship ; Clock Skew ; Data Delay ;
+-------+-------------+-------------+--------------+-------------+--------------+------------+------------+
; 0.458 ; 74192:U2|25 ; 74192:U2|25 ; CLK          ; CLK         ; 0.000        ; 0.046      ; 0.693      ;
; 0.458 ; 74192:U1|25 ; 74192:U1|25 ; CLK          ; CLK         ; 0.000        ; 0.046      ; 0.693      ;
; 0.458 ; 74192:U1|24 ; 74192:U1|24 ; CLK          ; CLK         ; 0.000        ; 0.046      ; 0.693      ;
; 0.458 ; 74192:U1|26 ; 74192:U1|26 ; CLK          ; CLK         ; 0.000        ; 0.046      ; 0.693      ;
; 0.458 ; 74192:U1|23 ; 74192:U1|23 ; CLK          ; CLK         ; 0.000        ; 0.046      ; 0.693      ;
; 0.458 ; 74192:U2|23 ; 74192:U2|23 ; CLK          ; CLK         ; 0.000        ; 0.046      ; 0.693      ;
; 0.458 ; 74192:U2|26 ; 74192:U2|26 ; CLK          ; CLK         ; 0.000        ; 0.046      ; 0.693      ;
; 0.458 ; 74192:U2|24 ; 74192:U2|24 ; CLK          ; CLK         ; 0.000        ; 0.046      ; 0.693      ;
+-------+-------------+-------------+--------------+-------------+--------------+------------+------------+


+----------------------------------------------------------------------------------------------------------+
; Slow 1200mV 125C Model Recovery: 'CLK'                                                                   ;
+--------+-------------+-------------+--------------+-------------+--------------+------------+------------+
; Slack  ; From Node   ; To Node     ; Launch Clock ; Latch Clock ; Relationship ; Clock Skew ; Data Delay ;
+--------+-------------+-------------+--------------+-------------+--------------+------------+------------+
; -3.687 ; 74192:U1|25 ; 74192:U1|26 ; CLK          ; CLK         ; 1.000        ; -0.969     ; 3.735      ;
; -3.551 ; 74192:U1|24 ; 74192:U1|26 ; CLK          ; CLK         ; 1.000        ; -0.956     ; 3.612      ;
; -3.464 ; 74192:U1|23 ; 74192:U1|26 ; CLK          ; CLK         ; 1.000        ; -0.956     ; 3.525      ;
; -3.328 ; 74192:U2|25 ; 74192:U1|26 ; CLK          ; CLK         ; 1.000        ; -1.617     ; 2.728      ;
; -3.322 ; 74192:U2|23 ; 74192:U1|26 ; CLK          ; CLK         ; 1.000        ; -1.419     ; 2.920      ;
; -3.201 ; 74192:U1|25 ; 74192:U1|23 ; CLK          ; CLK         ; 1.000        ; -0.161     ; 4.057      ;
; -3.114 ; 74192:U2|24 ; 74192:U1|26 ; CLK          ; CLK         ; 1.000        ; -1.218     ; 2.913      ;
; -3.094 ; 74192:U1|25 ; 74192:U2|26 ; CLK          ; CLK         ; 1.000        ; -0.044     ; 4.067      ;
; -3.046 ; 74192:U1|24 ; 74192:U1|23 ; CLK          ; CLK         ; 1.000        ; -0.148     ; 3.915      ;
; -3.041 ; 74192:U2|26 ; 74192:U1|26 ; CLK          ; CLK         ; 1.000        ; -1.079     ; 2.979      ;
; -2.962 ; 74192:U1|24 ; 74192:U2|26 ; CLK          ; CLK         ; 1.000        ; -0.031     ; 3.948      ;
; -2.894 ; 74192:U1|25 ; 74192:U1|24 ; CLK          ; CLK         ; 1.000        ; -0.160     ; 3.751      ;
; -2.885 ; 74192:U1|26 ; 74192:U1|26 ; CLK          ; CLK         ; 1.000        ; -0.046     ; 3.856      ;
; -2.876 ; 74192:U1|23 ; 74192:U1|23 ; CLK          ; CLK         ; 1.000        ; -0.046     ; 3.847      ;
; -2.871 ; 74192:U1|23 ; 74192:U2|26 ; CLK          ; CLK         ; 1.000        ; -0.031     ; 3.857      ;
; -2.836 ; 74192:U2|23 ; 74192:U1|23 ; CLK          ; CLK         ; 1.000        ; -0.611     ; 3.242      ;
; -2.823 ; 74192:U2|25 ; 74192:U1|23 ; CLK          ; CLK         ; 1.000        ; -0.809     ; 3.031      ;
; -2.780 ; 74192:U1|25 ; 74192:U1|25 ; CLK          ; CLK         ; 1.000        ; -0.046     ; 3.751      ;
; -2.767 ; 74192:U1|24 ; 74192:U1|25 ; CLK          ; CLK         ; 1.000        ; -0.150     ; 3.634      ;
; -2.757 ; 74192:U1|25 ; 74192:U2|23 ; CLK          ; CLK         ; 1.000        ; 0.283      ; 4.057      ;
; -2.674 ; 74192:U1|23 ; 74192:U1|25 ; CLK          ; CLK         ; 1.000        ; -0.150     ; 3.541      ;
; -2.671 ; 74192:U1|23 ; 74192:U1|24 ; CLK          ; CLK         ; 1.000        ; -0.147     ; 3.541      ;
; -2.663 ; 74192:U1|24 ; 74192:U1|24 ; CLK          ; CLK         ; 1.000        ; -0.046     ; 3.634      ;
; -2.659 ; 74192:U2|25 ; 74192:U2|26 ; CLK          ; CLK         ; 1.000        ; -0.612     ; 3.064      ;
; -2.649 ; 74192:U2|23 ; 74192:U2|26 ; CLK          ; CLK         ; 1.000        ; -0.414     ; 3.252      ;
; -2.628 ; 74192:U1|25 ; 74192:U2|24 ; CLK          ; CLK         ; 1.000        ; 0.090      ; 3.735      ;
; -2.628 ; 74192:U2|24 ; 74192:U1|23 ; CLK          ; CLK         ; 1.000        ; -0.410     ; 3.235      ;
; -2.602 ; 74192:U1|24 ; 74192:U2|23 ; CLK          ; CLK         ; 1.000        ; 0.296      ; 3.915      ;
; -2.578 ; 74192:U1|25 ; 74192:U2|25 ; CLK          ; CLK         ; 1.000        ; 0.472      ; 4.067      ;
; -2.555 ; 74192:U2|26 ; 74192:U1|23 ; CLK          ; CLK         ; 1.000        ; -0.271     ; 3.301      ;
; -2.544 ; 74192:U2|25 ; 74192:U1|25 ; CLK          ; CLK         ; 1.000        ; -0.811     ; 2.750      ;
; -2.541 ; 74192:U2|25 ; 74192:U1|24 ; CLK          ; CLK         ; 1.000        ; -0.808     ; 2.750      ;
; -2.534 ; 74192:U1|23 ; 74192:U2|23 ; CLK          ; CLK         ; 1.000        ; 0.296      ; 3.847      ;
; -2.532 ; 74192:U2|23 ; 74192:U1|25 ; CLK          ; CLK         ; 1.000        ; -0.613     ; 2.936      ;
; -2.529 ; 74192:U2|23 ; 74192:U1|24 ; CLK          ; CLK         ; 1.000        ; -0.610     ; 2.936      ;
; -2.492 ; 74192:U1|24 ; 74192:U2|24 ; CLK          ; CLK         ; 1.000        ; 0.103      ; 3.612      ;
; -2.468 ; 74192:U1|26 ; 74192:U1|23 ; CLK          ; CLK         ; 1.000        ; 0.693      ; 4.178      ;
; -2.446 ; 74192:U1|24 ; 74192:U2|25 ; CLK          ; CLK         ; 1.000        ; 0.485      ; 3.948      ;
; -2.441 ; 74192:U2|24 ; 74192:U2|26 ; CLK          ; CLK         ; 1.000        ; -0.213     ; 3.245      ;
; -2.405 ; 74192:U1|23 ; 74192:U2|24 ; CLK          ; CLK         ; 1.000        ; 0.103      ; 3.525      ;
; -2.361 ; 74192:U1|26 ; 74192:U2|26 ; CLK          ; CLK         ; 1.000        ; 0.810      ; 4.188      ;
; -2.355 ; 74192:U1|23 ; 74192:U2|25 ; CLK          ; CLK         ; 1.000        ; 0.485      ; 3.857      ;
; -2.340 ; 74192:U2|26 ; 74192:U2|26 ; CLK          ; CLK         ; 1.000        ; -0.046     ; 3.311      ;
; -2.324 ; 74192:U2|24 ; 74192:U1|25 ; CLK          ; CLK         ; 1.000        ; -0.412     ; 2.929      ;
; -2.321 ; 74192:U2|24 ; 74192:U1|24 ; CLK          ; CLK         ; 1.000        ; -0.409     ; 2.929      ;
; -2.299 ; 74192:U2|25 ; 74192:U2|23 ; CLK          ; CLK         ; 1.000        ; -0.285     ; 3.031      ;
; -2.271 ; 74192:U2|23 ; 74192:U2|23 ; CLK          ; CLK         ; 1.000        ; -0.046     ; 3.242      ;
; -2.251 ; 74192:U2|26 ; 74192:U1|25 ; CLK          ; CLK         ; 1.000        ; -0.273     ; 2.995      ;
; -2.248 ; 74192:U2|26 ; 74192:U1|24 ; CLK          ; CLK         ; 1.000        ; -0.270     ; 2.995      ;
; -2.189 ; 74192:U2|25 ; 74192:U2|24 ; CLK          ; CLK         ; 1.000        ; -0.478     ; 2.728      ;
; -2.183 ; 74192:U2|23 ; 74192:U2|24 ; CLK          ; CLK         ; 1.000        ; -0.280     ; 2.920      ;
; -2.164 ; 74192:U1|26 ; 74192:U1|25 ; CLK          ; CLK         ; 1.000        ; 0.691      ; 3.872      ;
; -2.161 ; 74192:U1|26 ; 74192:U1|24 ; CLK          ; CLK         ; 1.000        ; 0.694      ; 3.872      ;
; -2.133 ; 74192:U2|23 ; 74192:U2|25 ; CLK          ; CLK         ; 1.000        ; 0.102      ; 3.252      ;
; -2.104 ; 74192:U2|24 ; 74192:U2|23 ; CLK          ; CLK         ; 1.000        ; 0.114      ; 3.235      ;
; -2.093 ; 74192:U2|25 ; 74192:U2|25 ; CLK          ; CLK         ; 1.000        ; -0.046     ; 3.064      ;
; -2.031 ; 74192:U2|26 ; 74192:U2|23 ; CLK          ; CLK         ; 1.000        ; 0.253      ; 3.301      ;
; -2.024 ; 74192:U1|26 ; 74192:U2|23 ; CLK          ; CLK         ; 1.000        ; 1.137      ; 4.178      ;
; -1.942 ; 74192:U2|24 ; 74192:U2|24 ; CLK          ; CLK         ; 1.000        ; -0.046     ; 2.913      ;
; -1.925 ; 74192:U2|24 ; 74192:U2|25 ; CLK          ; CLK         ; 1.000        ; 0.303      ; 3.245      ;
; -1.902 ; 74192:U2|26 ; 74192:U2|24 ; CLK          ; CLK         ; 1.000        ; 0.060      ; 2.979      ;
; -1.895 ; 74192:U1|26 ; 74192:U2|24 ; CLK          ; CLK         ; 1.000        ; 0.944      ; 3.856      ;
; -1.852 ; 74192:U2|26 ; 74192:U2|25 ; CLK          ; CLK         ; 1.000        ; 0.442      ; 3.311      ;
; -1.845 ; 74192:U1|26 ; 74192:U2|25 ; CLK          ; CLK         ; 1.000        ; 1.326      ; 4.188      ;
; -1.764 ; CLK         ; 74192:U1|26 ; CLK          ; CLK         ; 0.500        ; 2.653      ; 4.934      ;
; -1.278 ; CLK         ; 74192:U1|23 ; CLK          ; CLK         ; 0.500        ; 3.461      ; 5.256      ;
; -1.171 ; CLK         ; 74192:U2|26 ; CLK          ; CLK         ; 0.500        ; 3.578      ; 5.266      ;
; -1.100 ; CLK         ; 74192:U1|26 ; CLK          ; CLK         ; 1.000        ; 2.653      ; 4.770      ;
; -0.974 ; CLK         ; 74192:U1|25 ; CLK          ; CLK         ; 0.500        ; 3.459      ; 4.950      ;
; -0.971 ; CLK         ; 74192:U1|24 ; CLK          ; CLK         ; 0.500        ; 3.462      ; 4.950      ;
; -0.834 ; CLK         ; 74192:U2|23 ; CLK          ; CLK         ; 0.500        ; 3.905      ; 5.256      ;
; -0.705 ; CLK         ; 74192:U2|24 ; CLK          ; CLK         ; 0.500        ; 3.712      ; 4.934      ;
; -0.655 ; CLK         ; 74192:U2|25 ; CLK          ; CLK         ; 0.500        ; 4.094      ; 5.266      ;
; -0.595 ; CLK         ; 74192:U1|23 ; CLK          ; CLK         ; 1.000        ; 3.461      ; 5.073      ;
; -0.511 ; CLK         ; 74192:U2|26 ; CLK          ; CLK         ; 1.000        ; 3.578      ; 5.106      ;
; -0.316 ; CLK         ; 74192:U1|25 ; CLK          ; CLK         ; 1.000        ; 3.459      ; 4.792      ;
; -0.313 ; CLK         ; 74192:U1|24 ; CLK          ; CLK         ; 1.000        ; 3.462      ; 4.792      ;
; -0.151 ; CLK         ; 74192:U2|23 ; CLK          ; CLK         ; 1.000        ; 3.905      ; 5.073      ;
; -0.041 ; CLK         ; 74192:U2|24 ; CLK          ; CLK         ; 1.000        ; 3.712      ; 4.770      ;
; 0.005  ; CLK         ; 74192:U2|25 ; CLK          ; CLK         ; 1.000        ; 4.094      ; 5.106      ;
+--------+-------------+-------------+--------------+-------------+--------------+------------+------------+


+---------------------------------------------------------------------------------------------------------+
; Slow 1200mV 125C Model Removal: 'CLK'                                                                   ;
+-------+-------------+-------------+--------------+-------------+--------------+------------+------------+
; Slack ; From Node   ; To Node     ; Launch Clock ; Latch Clock ; Relationship ; Clock Skew ; Data Delay ;
+-------+-------------+-------------+--------------+-------------+--------------+------------+------------+
; 0.448 ; CLK         ; 74192:U2|25 ; CLK          ; CLK         ; 0.000        ; 4.270      ; 4.907      ;
; 0.525 ; CLK         ; 74192:U2|24 ; CLK          ; CLK         ; 0.000        ; 3.871      ; 4.585      ;
; 0.614 ; CLK         ; 74192:U2|23 ; CLK          ; CLK         ; 0.000        ; 4.072      ; 4.875      ;
; 0.794 ; CLK         ; 74192:U1|25 ; CLK          ; CLK         ; 0.000        ; 3.622      ; 4.605      ;
; 0.807 ; CLK         ; 74192:U1|24 ; CLK          ; CLK         ; 0.000        ; 3.609      ; 4.605      ;
; 0.986 ; CLK         ; 74192:U2|26 ; CLK          ; CLK         ; 0.000        ; 3.732      ; 4.907      ;
; 1.077 ; CLK         ; 74192:U1|23 ; CLK          ; CLK         ; 0.000        ; 3.609      ; 4.875      ;
; 1.110 ; CLK         ; 74192:U2|25 ; CLK          ; CLK         ; -0.500       ; 4.270      ; 5.069      ;
; 1.190 ; CLK         ; 74192:U2|24 ; CLK          ; CLK         ; -0.500       ; 3.871      ; 4.750      ;
; 1.299 ; CLK         ; 74192:U2|23 ; CLK          ; CLK         ; -0.500       ; 4.072      ; 5.060      ;
; 1.455 ; CLK         ; 74192:U1|25 ; CLK          ; CLK         ; -0.500       ; 3.622      ; 4.766      ;
; 1.468 ; CLK         ; 74192:U1|24 ; CLK          ; CLK         ; -0.500       ; 3.609      ; 4.766      ;
; 1.628 ; CLK         ; 74192:U1|26 ; CLK          ; CLK         ; 0.000        ; 2.768      ; 4.585      ;
; 1.648 ; CLK         ; 74192:U2|26 ; CLK          ; CLK         ; -0.500       ; 3.732      ; 5.069      ;
; 1.762 ; CLK         ; 74192:U1|23 ; CLK          ; CLK         ; -0.500       ; 3.609      ; 5.060      ;
; 2.094 ; 74192:U1|26 ; 74192:U2|25 ; CLK          ; CLK         ; 0.000        ; 1.617      ; 3.900      ;
; 2.171 ; 74192:U1|26 ; 74192:U2|24 ; CLK          ; CLK         ; 0.000        ; 1.218      ; 3.578      ;
; 2.260 ; 74192:U1|26 ; 74192:U2|23 ; CLK          ; CLK         ; 0.000        ; 1.419      ; 3.868      ;
; 2.293 ; CLK         ; 74192:U1|26 ; CLK          ; CLK         ; -0.500       ; 2.768      ; 4.750      ;
; 2.326 ; 74192:U2|26 ; 74192:U2|25 ; CLK          ; CLK         ; 0.000        ; 0.612      ; 3.127      ;
; 2.403 ; 74192:U2|26 ; 74192:U2|24 ; CLK          ; CLK         ; 0.000        ; 0.213      ; 2.805      ;
; 2.415 ; 74192:U2|24 ; 74192:U2|25 ; CLK          ; CLK         ; 0.000        ; 0.478      ; 3.082      ;
; 2.440 ; 74192:U1|26 ; 74192:U1|25 ; CLK          ; CLK         ; 0.000        ; 0.969      ; 3.598      ;
; 2.453 ; 74192:U1|26 ; 74192:U1|24 ; CLK          ; CLK         ; 0.000        ; 0.956      ; 3.598      ;
; 2.492 ; 74192:U2|26 ; 74192:U2|23 ; CLK          ; CLK         ; 0.000        ; 0.414      ; 3.095      ;
; 2.525 ; 74192:U2|24 ; 74192:U2|24 ; CLK          ; CLK         ; 0.000        ; 0.046      ; 2.760      ;
; 2.581 ; 74192:U2|24 ; 74192:U2|23 ; CLK          ; CLK         ; 0.000        ; 0.280      ; 3.050      ;
; 2.592 ; 74192:U2|26 ; 74192:U1|25 ; CLK          ; CLK         ; 0.000        ; 0.044      ; 2.825      ;
; 2.601 ; 74192:U1|23 ; 74192:U2|25 ; CLK          ; CLK         ; 0.000        ; 0.809      ; 3.599      ;
; 2.605 ; 74192:U2|26 ; 74192:U1|24 ; CLK          ; CLK         ; 0.000        ; 0.031      ; 2.825      ;
; 2.629 ; 74192:U2|23 ; 74192:U2|25 ; CLK          ; CLK         ; 0.000        ; 0.285      ; 3.103      ;
; 2.632 ; 74192:U1|26 ; 74192:U2|26 ; CLK          ; CLK         ; 0.000        ; 1.079      ; 3.900      ;
; 2.675 ; 74192:U2|25 ; 74192:U2|25 ; CLK          ; CLK         ; 0.000        ; 0.046      ; 2.910      ;
; 2.678 ; 74192:U1|23 ; 74192:U2|24 ; CLK          ; CLK         ; 0.000        ; 0.410      ; 3.277      ;
; 2.681 ; 74192:U2|24 ; 74192:U1|25 ; CLK          ; CLK         ; 0.000        ; -0.090     ; 2.780      ;
; 2.694 ; 74192:U2|24 ; 74192:U1|24 ; CLK          ; CLK         ; 0.000        ; -0.103     ; 2.780      ;
; 2.705 ; 74192:U2|25 ; 74192:U2|24 ; CLK          ; CLK         ; 0.000        ; -0.303     ; 2.591      ;
; 2.706 ; 74192:U2|23 ; 74192:U2|24 ; CLK          ; CLK         ; 0.000        ; -0.114     ; 2.781      ;
; 2.723 ; 74192:U1|26 ; 74192:U1|23 ; CLK          ; CLK         ; 0.000        ; 0.956      ; 3.868      ;
; 2.739 ; 74192:U1|24 ; 74192:U2|25 ; CLK          ; CLK         ; 0.000        ; 0.808      ; 3.736      ;
; 2.767 ; 74192:U1|23 ; 74192:U2|23 ; CLK          ; CLK         ; 0.000        ; 0.611      ; 3.567      ;
; 2.814 ; 74192:U2|25 ; 74192:U2|23 ; CLK          ; CLK         ; 0.000        ; -0.102     ; 2.901      ;
; 2.819 ; 74192:U1|24 ; 74192:U2|24 ; CLK          ; CLK         ; 0.000        ; 0.409      ; 3.417      ;
; 2.826 ; 74192:U1|25 ; 74192:U2|25 ; CLK          ; CLK         ; 0.000        ; 0.811      ; 3.826      ;
; 2.836 ; 74192:U2|23 ; 74192:U2|23 ; CLK          ; CLK         ; 0.000        ; 0.046      ; 3.071      ;
; 2.875 ; 74192:U2|26 ; 74192:U1|23 ; CLK          ; CLK         ; 0.000        ; 0.031      ; 3.095      ;
; 2.890 ; 74192:U2|25 ; 74192:U1|25 ; CLK          ; CLK         ; 0.000        ; -0.472     ; 2.607      ;
; 2.892 ; 74192:U2|26 ; 74192:U2|26 ; CLK          ; CLK         ; 0.000        ; 0.046      ; 3.127      ;
; 2.895 ; 74192:U2|23 ; 74192:U1|25 ; CLK          ; CLK         ; 0.000        ; -0.283     ; 2.801      ;
; 2.903 ; 74192:U2|25 ; 74192:U1|24 ; CLK          ; CLK         ; 0.000        ; -0.485     ; 2.607      ;
; 2.903 ; 74192:U1|25 ; 74192:U2|24 ; CLK          ; CLK         ; 0.000        ; 0.412      ; 3.504      ;
; 2.908 ; 74192:U2|23 ; 74192:U1|24 ; CLK          ; CLK         ; 0.000        ; -0.296     ; 2.801      ;
; 2.928 ; 74192:U1|24 ; 74192:U2|23 ; CLK          ; CLK         ; 0.000        ; 0.610      ; 3.727      ;
; 2.947 ; 74192:U1|23 ; 74192:U1|25 ; CLK          ; CLK         ; 0.000        ; 0.161      ; 3.297      ;
; 2.953 ; 74192:U2|24 ; 74192:U2|26 ; CLK          ; CLK         ; 0.000        ; -0.060     ; 3.082      ;
; 2.960 ; 74192:U1|23 ; 74192:U1|24 ; CLK          ; CLK         ; 0.000        ; 0.148      ; 3.297      ;
; 2.964 ; 74192:U2|24 ; 74192:U1|23 ; CLK          ; CLK         ; 0.000        ; -0.103     ; 3.050      ;
; 2.992 ; 74192:U1|25 ; 74192:U2|23 ; CLK          ; CLK         ; 0.000        ; 0.613      ; 3.794      ;
; 3.084 ; 74192:U1|24 ; 74192:U1|25 ; CLK          ; CLK         ; 0.000        ; 0.160      ; 3.433      ;
; 3.139 ; 74192:U1|23 ; 74192:U2|26 ; CLK          ; CLK         ; 0.000        ; 0.271      ; 3.599      ;
; 3.163 ; 74192:U2|25 ; 74192:U2|26 ; CLK          ; CLK         ; 0.000        ; -0.442     ; 2.910      ;
; 3.167 ; 74192:U2|23 ; 74192:U2|26 ; CLK          ; CLK         ; 0.000        ; -0.253     ; 3.103      ;
; 3.178 ; 74192:U2|23 ; 74192:U1|23 ; CLK          ; CLK         ; 0.000        ; -0.296     ; 3.071      ;
; 3.185 ; 74192:U1|25 ; 74192:U1|24 ; CLK          ; CLK         ; 0.000        ; 0.150      ; 3.524      ;
; 3.197 ; 74192:U2|25 ; 74192:U1|23 ; CLK          ; CLK         ; 0.000        ; -0.485     ; 2.901      ;
; 3.198 ; 74192:U1|24 ; 74192:U1|24 ; CLK          ; CLK         ; 0.000        ; 0.046      ; 3.433      ;
; 3.277 ; 74192:U1|24 ; 74192:U2|26 ; CLK          ; CLK         ; 0.000        ; 0.270      ; 3.736      ;
; 3.289 ; 74192:U1|25 ; 74192:U1|25 ; CLK          ; CLK         ; 0.000        ; 0.046      ; 3.524      ;
; 3.332 ; 74192:U1|23 ; 74192:U1|23 ; CLK          ; CLK         ; 0.000        ; 0.046      ; 3.567      ;
; 3.343 ; 74192:U1|26 ; 74192:U1|26 ; CLK          ; CLK         ; 0.000        ; 0.046      ; 3.578      ;
; 3.364 ; 74192:U1|25 ; 74192:U2|26 ; CLK          ; CLK         ; 0.000        ; 0.273      ; 3.826      ;
; 3.391 ; 74192:U1|24 ; 74192:U1|23 ; CLK          ; CLK         ; 0.000        ; 0.147      ; 3.727      ;
; 3.426 ; 74192:U2|26 ; 74192:U1|26 ; CLK          ; CLK         ; 0.000        ; -0.810     ; 2.805      ;
; 3.455 ; 74192:U1|25 ; 74192:U1|23 ; CLK          ; CLK         ; 0.000        ; 0.150      ; 3.794      ;
; 3.515 ; 74192:U2|24 ; 74192:U1|26 ; CLK          ; CLK         ; 0.000        ; -0.944     ; 2.760      ;
; 3.728 ; 74192:U2|25 ; 74192:U1|26 ; CLK          ; CLK         ; 0.000        ; -1.326     ; 2.591      ;
; 3.729 ; 74192:U2|23 ; 74192:U1|26 ; CLK          ; CLK         ; 0.000        ; -1.137     ; 2.781      ;
; 3.781 ; 74192:U1|23 ; 74192:U1|26 ; CLK          ; CLK         ; 0.000        ; -0.693     ; 3.277      ;
; 3.922 ; 74192:U1|24 ; 74192:U1|26 ; CLK          ; CLK         ; 0.000        ; -0.694     ; 3.417      ;
; 4.006 ; 74192:U1|25 ; 74192:U1|26 ; CLK          ; CLK         ; 0.000        ; -0.691     ; 3.504      ;
+-------+-------------+-------------+--------------+-------------+--------------+------------+------------+


------------------------------------------------
; Slow 1200mV 125C Model Metastability Summary ;
------------------------------------------------
No synchronizer chains to report.


+------------------------------------------------------------------------------------------------------------+
; Slow 1200mV -40C Model Fmax Summary                                                                        ;
+-------------+-----------------+------------+---------------------------------------------------------------+
; Fmax        ; Restricted Fmax ; Clock Name ; Note                                                          ;
+-------------+-----------------+------------+---------------------------------------------------------------+
; 1470.59 MHz ; 250.0 MHz       ; CLK        ; limit due to minimum period restriction (max I/O toggle rate) ;
+-------------+-----------------+------------+---------------------------------------------------------------+
This panel reports FMAX for every clock in the design, regardless of the user-specified clock periods.  FMAX is only computed for paths where the source and destination registers or ports are driven by the same clock.  Paths of different clocks, including generated clocks, are ignored.  For paths between a clock and its inversion, FMAX is computed as if the rising and falling edges are scaled along with FMAX, such that the duty cycle (in terms of a percentage) is maintained. Altera recommends that you always use clock constraints and other slack reports for sign-off analysis.


+--------------------------------------+
; Slow 1200mV -40C Model Setup Summary ;
+-------+-------+----------------------+
; Clock ; Slack ; End Point TNS        ;
+-------+-------+----------------------+
; CLK   ; 0.320 ; 0.000                ;
+-------+-------+----------------------+


+-------------------------------------+
; Slow 1200mV -40C Model Hold Summary ;
+-------+-------+---------------------+
; Clock ; Slack ; End Point TNS       ;
+-------+-------+---------------------+
; CLK   ; 0.382 ; 0.000               ;
+-------+-------+---------------------+


+-----------------------------------------+
; Slow 1200mV -40C Model Recovery Summary ;
+-------+--------+------------------------+
; Clock ; Slack  ; End Point TNS          ;
+-------+--------+------------------------+
; CLK   ; -3.032 ; -18.902                ;
+-------+--------+------------------------+


+----------------------------------------+
; Slow 1200mV -40C Model Removal Summary ;
+-------+-------+------------------------+
; Clock ; Slack ; End Point TNS          ;
+-------+-------+------------------------+
; CLK   ; 0.281 ; 0.000                  ;
+-------+-------+------------------------+


+----------------------------------------------------+
; Slow 1200mV -40C Model Minimum Pulse Width Summary ;
+-------+--------+-----------------------------------+
; Clock ; Slack  ; End Point TNS                     ;
+-------+--------+-----------------------------------+
; CLK   ; -3.000 ; -13.280                           ;
+-------+--------+-----------------------------------+


+---------------------------------------------------------------------------------------------------------+
; Slow 1200mV -40C Model Setup: 'CLK'                                                                     ;
+-------+-------------+-------------+--------------+-------------+--------------+------------+------------+
; Slack ; From Node   ; To Node     ; Launch Clock ; Latch Clock ; Relationship ; Clock Skew ; Data Delay ;
+-------+-------------+-------------+--------------+-------------+--------------+------------+------------+
; 0.320 ; 74192:U2|25 ; 74192:U2|25 ; CLK          ; CLK         ; 1.000        ; -0.038     ; 0.662      ;
; 0.320 ; 74192:U1|25 ; 74192:U1|25 ; CLK          ; CLK         ; 1.000        ; -0.038     ; 0.662      ;
; 0.320 ; 74192:U1|24 ; 74192:U1|24 ; CLK          ; CLK         ; 1.000        ; -0.038     ; 0.662      ;
; 0.320 ; 74192:U1|26 ; 74192:U1|26 ; CLK          ; CLK         ; 1.000        ; -0.038     ; 0.662      ;
; 0.320 ; 74192:U1|23 ; 74192:U1|23 ; CLK          ; CLK         ; 1.000        ; -0.038     ; 0.662      ;
; 0.320 ; 74192:U2|23 ; 74192:U2|23 ; CLK          ; CLK         ; 1.000        ; -0.038     ; 0.662      ;
; 0.320 ; 74192:U2|26 ; 74192:U2|26 ; CLK          ; CLK         ; 1.000        ; -0.038     ; 0.662      ;
; 0.320 ; 74192:U2|24 ; 74192:U2|24 ; CLK          ; CLK         ; 1.000        ; -0.038     ; 0.662      ;
+-------+-------------+-------------+--------------+-------------+--------------+------------+------------+


+---------------------------------------------------------------------------------------------------------+
; Slow 1200mV -40C Model Hold: 'CLK'                                                                      ;
+-------+-------------+-------------+--------------+-------------+--------------+------------+------------+
; Slack ; From Node   ; To Node     ; Launch Clock ; Latch Clock ; Relationship ; Clock Skew ; Data Delay ;
+-------+-------------+-------------+--------------+-------------+--------------+------------+------------+
; 0.382 ; 74192:U2|25 ; 74192:U2|25 ; CLK          ; CLK         ; 0.000        ; 0.038      ; 0.588      ;
; 0.382 ; 74192:U1|25 ; 74192:U1|25 ; CLK          ; CLK         ; 0.000        ; 0.038      ; 0.588      ;
; 0.382 ; 74192:U1|24 ; 74192:U1|24 ; CLK          ; CLK         ; 0.000        ; 0.038      ; 0.588      ;
; 0.382 ; 74192:U1|26 ; 74192:U1|26 ; CLK          ; CLK         ; 0.000        ; 0.038      ; 0.588      ;
; 0.382 ; 74192:U1|23 ; 74192:U1|23 ; CLK          ; CLK         ; 0.000        ; 0.038      ; 0.588      ;
; 0.382 ; 74192:U2|24 ; 74192:U2|24 ; CLK          ; CLK         ; 0.000        ; 0.038      ; 0.588      ;
; 0.382 ; 74192:U2|26 ; 74192:U2|26 ; CLK          ; CLK         ; 0.000        ; 0.038      ; 0.588      ;
; 0.382 ; 74192:U2|23 ; 74192:U2|23 ; CLK          ; CLK         ; 0.000        ; 0.038      ; 0.588      ;
+-------+-------------+-------------+--------------+-------------+--------------+------------+------------+


+----------------------------------------------------------------------------------------------------------+
; Slow 1200mV -40C Model Recovery: 'CLK'                                                                   ;
+--------+-------------+-------------+--------------+-------------+--------------+------------+------------+
; Slack  ; From Node   ; To Node     ; Launch Clock ; Latch Clock ; Relationship ; Clock Skew ; Data Delay ;
+--------+-------------+-------------+--------------+-------------+--------------+------------+------------+
; -3.032 ; 74192:U1|25 ; 74192:U1|26 ; CLK          ; CLK         ; 1.000        ; -0.866     ; 3.186      ;
; -2.916 ; 74192:U1|24 ; 74192:U1|26 ; CLK          ; CLK         ; 1.000        ; -0.853     ; 3.083      ;
; -2.843 ; 74192:U2|25 ; 74192:U1|26 ; CLK          ; CLK         ; 1.000        ; -1.467     ; 2.396      ;
; -2.816 ; 74192:U1|23 ; 74192:U1|26 ; CLK          ; CLK         ; 1.000        ; -0.854     ; 2.982      ;
; -2.812 ; 74192:U2|23 ; 74192:U1|26 ; CLK          ; CLK         ; 1.000        ; -1.293     ; 2.539      ;
; -2.614 ; 74192:U2|24 ; 74192:U1|26 ; CLK          ; CLK         ; 1.000        ; -1.096     ; 2.538      ;
; -2.582 ; 74192:U1|25 ; 74192:U1|23 ; CLK          ; CLK         ; 1.000        ; -0.138     ; 3.464      ;
; -2.513 ; 74192:U2|26 ; 74192:U1|26 ; CLK          ; CLK         ; 1.000        ; -0.978     ; 2.555      ;
; -2.487 ; 74192:U1|25 ; 74192:U2|26 ; CLK          ; CLK         ; 1.000        ; -0.020     ; 3.487      ;
; -2.466 ; 74192:U1|24 ; 74192:U1|23 ; CLK          ; CLK         ; 1.000        ; -0.125     ; 3.361      ;
; -2.393 ; 74192:U2|25 ; 74192:U1|23 ; CLK          ; CLK         ; 1.000        ; -0.739     ; 2.674      ;
; -2.371 ; 74192:U1|24 ; 74192:U2|26 ; CLK          ; CLK         ; 1.000        ; -0.007     ; 3.384      ;
; -2.362 ; 74192:U2|23 ; 74192:U1|23 ; CLK          ; CLK         ; 1.000        ; -0.565     ; 2.817      ;
; -2.327 ; 74192:U1|25 ; 74192:U1|24 ; CLK          ; CLK         ; 1.000        ; -0.140     ; 3.207      ;
; -2.297 ; 74192:U1|26 ; 74192:U1|26 ; CLK          ; CLK         ; 1.000        ; -0.038     ; 3.279      ;
; -2.278 ; 74192:U1|23 ; 74192:U1|23 ; CLK          ; CLK         ; 1.000        ; -0.038     ; 3.260      ;
; -2.271 ; 74192:U1|23 ; 74192:U2|26 ; CLK          ; CLK         ; 1.000        ; -0.008     ; 3.283      ;
; -2.230 ; 74192:U2|25 ; 74192:U2|26 ; CLK          ; CLK         ; 1.000        ; -0.553     ; 2.697      ;
; -2.225 ; 74192:U1|25 ; 74192:U1|25 ; CLK          ; CLK         ; 1.000        ; -0.038     ; 3.207      ;
; -2.211 ; 74192:U1|24 ; 74192:U1|25 ; CLK          ; CLK         ; 1.000        ; -0.127     ; 3.104      ;
; -2.199 ; 74192:U2|23 ; 74192:U2|26 ; CLK          ; CLK         ; 1.000        ; -0.379     ; 2.840      ;
; -2.164 ; 74192:U2|24 ; 74192:U1|23 ; CLK          ; CLK         ; 1.000        ; -0.368     ; 2.816      ;
; -2.161 ; 74192:U1|25 ; 74192:U2|23 ; CLK          ; CLK         ; 1.000        ; 0.283      ; 3.464      ;
; -2.138 ; 74192:U2|25 ; 74192:U1|25 ; CLK          ; CLK         ; 1.000        ; -0.741     ; 2.417      ;
; -2.138 ; 74192:U2|25 ; 74192:U1|24 ; CLK          ; CLK         ; 1.000        ; -0.741     ; 2.417      ;
; -2.122 ; 74192:U1|24 ; 74192:U1|24 ; CLK          ; CLK         ; 1.000        ; -0.038     ; 3.104      ;
; -2.111 ; 74192:U1|23 ; 74192:U1|25 ; CLK          ; CLK         ; 1.000        ; -0.128     ; 3.003      ;
; -2.111 ; 74192:U1|23 ; 74192:U1|24 ; CLK          ; CLK         ; 1.000        ; -0.128     ; 3.003      ;
; -2.107 ; 74192:U2|23 ; 74192:U1|25 ; CLK          ; CLK         ; 1.000        ; -0.567     ; 2.560      ;
; -2.107 ; 74192:U2|23 ; 74192:U1|24 ; CLK          ; CLK         ; 1.000        ; -0.567     ; 2.560      ;
; -2.071 ; 74192:U1|25 ; 74192:U2|24 ; CLK          ; CLK         ; 1.000        ; 0.095      ; 3.186      ;
; -2.063 ; 74192:U2|26 ; 74192:U1|23 ; CLK          ; CLK         ; 1.000        ; -0.250     ; 2.833      ;
; -2.045 ; 74192:U1|24 ; 74192:U2|23 ; CLK          ; CLK         ; 1.000        ; 0.296      ; 3.361      ;
; -2.017 ; 74192:U1|25 ; 74192:U2|25 ; CLK          ; CLK         ; 1.000        ; 0.450      ; 3.487      ;
; -2.001 ; 74192:U2|24 ; 74192:U2|26 ; CLK          ; CLK         ; 1.000        ; -0.182     ; 2.839      ;
; -1.955 ; 74192:U1|24 ; 74192:U2|24 ; CLK          ; CLK         ; 1.000        ; 0.108      ; 3.083      ;
; -1.945 ; 74192:U1|23 ; 74192:U2|23 ; CLK          ; CLK         ; 1.000        ; 0.295      ; 3.260      ;
; -1.909 ; 74192:U2|24 ; 74192:U1|25 ; CLK          ; CLK         ; 1.000        ; -0.370     ; 2.559      ;
; -1.909 ; 74192:U2|24 ; 74192:U1|24 ; CLK          ; CLK         ; 1.000        ; -0.370     ; 2.559      ;
; -1.905 ; 74192:U1|26 ; 74192:U1|23 ; CLK          ; CLK         ; 1.000        ; 0.632      ; 3.557      ;
; -1.904 ; 74192:U2|25 ; 74192:U2|23 ; CLK          ; CLK         ; 1.000        ; -0.250     ; 2.674      ;
; -1.901 ; 74192:U1|24 ; 74192:U2|25 ; CLK          ; CLK         ; 1.000        ; 0.463      ; 3.384      ;
; -1.874 ; 74192:U2|26 ; 74192:U2|26 ; CLK          ; CLK         ; 1.000        ; -0.038     ; 2.856      ;
; -1.855 ; 74192:U1|23 ; 74192:U2|24 ; CLK          ; CLK         ; 1.000        ; 0.107      ; 2.982      ;
; -1.835 ; 74192:U2|23 ; 74192:U2|23 ; CLK          ; CLK         ; 1.000        ; -0.038     ; 2.817      ;
; -1.814 ; 74192:U2|25 ; 74192:U2|24 ; CLK          ; CLK         ; 1.000        ; -0.438     ; 2.396      ;
; -1.810 ; 74192:U1|26 ; 74192:U2|26 ; CLK          ; CLK         ; 1.000        ; 0.750      ; 3.580      ;
; -1.808 ; 74192:U2|26 ; 74192:U1|25 ; CLK          ; CLK         ; 1.000        ; -0.252     ; 2.576      ;
; -1.808 ; 74192:U2|26 ; 74192:U1|24 ; CLK          ; CLK         ; 1.000        ; -0.252     ; 2.576      ;
; -1.801 ; 74192:U1|23 ; 74192:U2|25 ; CLK          ; CLK         ; 1.000        ; 0.462      ; 3.283      ;
; -1.783 ; 74192:U2|23 ; 74192:U2|24 ; CLK          ; CLK         ; 1.000        ; -0.264     ; 2.539      ;
; -1.729 ; 74192:U2|23 ; 74192:U2|25 ; CLK          ; CLK         ; 1.000        ; 0.091      ; 2.840      ;
; -1.715 ; 74192:U2|25 ; 74192:U2|25 ; CLK          ; CLK         ; 1.000        ; -0.038     ; 2.697      ;
; -1.675 ; 74192:U2|24 ; 74192:U2|23 ; CLK          ; CLK         ; 1.000        ; 0.121      ; 2.816      ;
; -1.650 ; 74192:U1|26 ; 74192:U1|25 ; CLK          ; CLK         ; 1.000        ; 0.630      ; 3.300      ;
; -1.650 ; 74192:U1|26 ; 74192:U1|24 ; CLK          ; CLK         ; 1.000        ; 0.630      ; 3.300      ;
; -1.574 ; 74192:U2|26 ; 74192:U2|23 ; CLK          ; CLK         ; 1.000        ; 0.239      ; 2.833      ;
; -1.556 ; 74192:U2|24 ; 74192:U2|24 ; CLK          ; CLK         ; 1.000        ; -0.038     ; 2.538      ;
; -1.531 ; 74192:U2|24 ; 74192:U2|25 ; CLK          ; CLK         ; 1.000        ; 0.288      ; 2.839      ;
; -1.484 ; 74192:U1|26 ; 74192:U2|23 ; CLK          ; CLK         ; 1.000        ; 1.053      ; 3.557      ;
; -1.484 ; 74192:U2|26 ; 74192:U2|24 ; CLK          ; CLK         ; 1.000        ; 0.051      ; 2.555      ;
; -1.430 ; 74192:U2|26 ; 74192:U2|25 ; CLK          ; CLK         ; 1.000        ; 0.406      ; 2.856      ;
; -1.394 ; 74192:U1|26 ; 74192:U2|24 ; CLK          ; CLK         ; 1.000        ; 0.865      ; 3.279      ;
; -1.340 ; 74192:U1|26 ; 74192:U2|25 ; CLK          ; CLK         ; 1.000        ; 1.220      ; 3.580      ;
; -1.274 ; CLK         ; 74192:U1|26 ; CLK          ; CLK         ; 0.500        ; 2.415      ; 4.209      ;
; -0.824 ; CLK         ; 74192:U1|23 ; CLK          ; CLK         ; 0.500        ; 3.143      ; 4.487      ;
; -0.799 ; CLK         ; 74192:U1|26 ; CLK          ; CLK         ; 1.000        ; 2.415      ; 4.234      ;
; -0.729 ; CLK         ; 74192:U2|26 ; CLK          ; CLK         ; 0.500        ; 3.261      ; 4.510      ;
; -0.569 ; CLK         ; 74192:U1|24 ; CLK          ; CLK         ; 0.500        ; 3.141      ; 4.230      ;
; -0.569 ; CLK         ; 74192:U1|25 ; CLK          ; CLK         ; 0.500        ; 3.141      ; 4.230      ;
; -0.403 ; CLK         ; 74192:U2|23 ; CLK          ; CLK         ; 0.500        ; 3.564      ; 4.487      ;
; -0.313 ; CLK         ; 74192:U2|24 ; CLK          ; CLK         ; 0.500        ; 3.376      ; 4.209      ;
; -0.312 ; CLK         ; 74192:U1|23 ; CLK          ; CLK         ; 1.000        ; 3.143      ; 4.475      ;
; -0.259 ; CLK         ; 74192:U2|25 ; CLK          ; CLK         ; 0.500        ; 3.731      ; 4.510      ;
; -0.222 ; CLK         ; 74192:U2|26 ; CLK          ; CLK         ; 1.000        ; 3.261      ; 4.503      ;
; -0.093 ; CLK         ; 74192:U1|24 ; CLK          ; CLK         ; 1.000        ; 3.141      ; 4.254      ;
; -0.093 ; CLK         ; 74192:U1|25 ; CLK          ; CLK         ; 1.000        ; 3.141      ; 4.254      ;
; 0.109  ; CLK         ; 74192:U2|23 ; CLK          ; CLK         ; 1.000        ; 3.564      ; 4.475      ;
; 0.162  ; CLK         ; 74192:U2|24 ; CLK          ; CLK         ; 1.000        ; 3.376      ; 4.234      ;
; 0.248  ; CLK         ; 74192:U2|25 ; CLK          ; CLK         ; 1.000        ; 3.731      ; 4.503      ;
+--------+-------------+-------------+--------------+-------------+--------------+------------+------------+


+---------------------------------------------------------------------------------------------------------+
; Slow 1200mV -40C Model Removal: 'CLK'                                                                   ;
+-------+-------------+-------------+--------------+-------------+--------------+------------+------------+
; Slack ; From Node   ; To Node     ; Launch Clock ; Latch Clock ; Relationship ; Clock Skew ; Data Delay ;
+-------+-------------+-------------+--------------+-------------+--------------+------------+------------+
; 0.281 ; CLK         ; 74192:U2|25 ; CLK          ; CLK         ; 0.000        ; 3.882      ; 4.331      ;
; 0.393 ; CLK         ; 74192:U2|24 ; CLK          ; CLK         ; 0.000        ; 3.511      ; 4.072      ;
; 0.427 ; CLK         ; 74192:U2|23 ; CLK          ; CLK         ; 0.000        ; 3.708      ; 4.303      ;
; 0.642 ; CLK         ; 74192:U1|25 ; CLK          ; CLK         ; 0.000        ; 3.281      ; 4.091      ;
; 0.655 ; CLK         ; 74192:U1|24 ; CLK          ; CLK         ; 0.000        ; 3.268      ; 4.091      ;
; 0.770 ; CLK         ; 74192:U2|26 ; CLK          ; CLK         ; 0.000        ; 3.393      ; 4.331      ;
; 0.796 ; CLK         ; 74192:U2|25 ; CLK          ; CLK         ; -0.500       ; 3.882      ; 4.346      ;
; 0.866 ; CLK         ; 74192:U1|23 ; CLK          ; CLK         ; 0.000        ; 3.269      ; 4.303      ;
; 0.878 ; CLK         ; 74192:U2|24 ; CLK          ; CLK         ; -0.500       ; 3.511      ; 4.057      ;
; 0.948 ; CLK         ; 74192:U2|23 ; CLK          ; CLK         ; -0.500       ; 3.708      ; 4.324      ;
; 1.128 ; CLK         ; 74192:U1|25 ; CLK          ; CLK         ; -0.500       ; 3.281      ; 4.077      ;
; 1.141 ; CLK         ; 74192:U1|24 ; CLK          ; CLK         ; -0.500       ; 3.268      ; 4.077      ;
; 1.285 ; CLK         ; 74192:U2|26 ; CLK          ; CLK         ; -0.500       ; 3.393      ; 4.346      ;
; 1.387 ; CLK         ; 74192:U1|23 ; CLK          ; CLK         ; -0.500       ; 3.269      ; 4.324      ;
; 1.393 ; CLK         ; 74192:U1|26 ; CLK          ; CLK         ; 0.000        ; 2.511      ; 4.072      ;
; 1.707 ; 74192:U1|26 ; 74192:U2|25 ; CLK          ; CLK         ; 0.000        ; 1.467      ; 3.342      ;
; 1.819 ; 74192:U1|26 ; 74192:U2|24 ; CLK          ; CLK         ; 0.000        ; 1.096      ; 3.083      ;
; 1.853 ; 74192:U1|26 ; 74192:U2|23 ; CLK          ; CLK         ; 0.000        ; 1.293      ; 3.314      ;
; 1.878 ; CLK         ; 74192:U1|26 ; CLK          ; CLK         ; -0.500       ; 2.511      ; 4.057      ;
; 1.966 ; 74192:U2|26 ; 74192:U2|25 ; CLK          ; CLK         ; 0.000        ; 0.553      ; 2.687      ;
; 1.996 ; 74192:U2|24 ; 74192:U2|25 ; CLK          ; CLK         ; 0.000        ; 0.438      ; 2.602      ;
; 2.068 ; 74192:U1|26 ; 74192:U1|25 ; CLK          ; CLK         ; 0.000        ; 0.866      ; 3.102      ;
; 2.078 ; 74192:U2|26 ; 74192:U2|24 ; CLK          ; CLK         ; 0.000        ; 0.182      ; 2.428      ;
; 2.081 ; 74192:U1|26 ; 74192:U1|24 ; CLK          ; CLK         ; 0.000        ; 0.853      ; 3.102      ;
; 2.112 ; 74192:U2|26 ; 74192:U2|23 ; CLK          ; CLK         ; 0.000        ; 0.379      ; 2.659      ;
; 2.137 ; 74192:U2|24 ; 74192:U2|24 ; CLK          ; CLK         ; 0.000        ; 0.038      ; 2.343      ;
; 2.142 ; 74192:U2|24 ; 74192:U2|23 ; CLK          ; CLK         ; 0.000        ; 0.264      ; 2.574      ;
; 2.192 ; 74192:U1|23 ; 74192:U2|25 ; CLK          ; CLK         ; 0.000        ; 0.739      ; 3.099      ;
; 2.196 ; 74192:U1|26 ; 74192:U2|26 ; CLK          ; CLK         ; 0.000        ; 0.978      ; 3.342      ;
; 2.216 ; 74192:U2|23 ; 74192:U2|25 ; CLK          ; CLK         ; 0.000        ; 0.250      ; 2.634      ;
; 2.249 ; 74192:U2|25 ; 74192:U2|25 ; CLK          ; CLK         ; 0.000        ; 0.038      ; 2.455      ;
; 2.259 ; 74192:U2|26 ; 74192:U1|25 ; CLK          ; CLK         ; 0.000        ; 0.020      ; 2.447      ;
; 2.272 ; 74192:U2|26 ; 74192:U1|24 ; CLK          ; CLK         ; 0.000        ; 0.007      ; 2.447      ;
; 2.289 ; 74192:U2|24 ; 74192:U1|25 ; CLK          ; CLK         ; 0.000        ; -0.095     ; 2.362      ;
; 2.292 ; 74192:U1|26 ; 74192:U1|23 ; CLK          ; CLK         ; 0.000        ; 0.854      ; 3.314      ;
; 2.294 ; 74192:U1|24 ; 74192:U2|25 ; CLK          ; CLK         ; 0.000        ; 0.741      ; 3.203      ;
; 2.302 ; 74192:U2|24 ; 74192:U1|24 ; CLK          ; CLK         ; 0.000        ; -0.108     ; 2.362      ;
; 2.304 ; 74192:U1|23 ; 74192:U2|24 ; CLK          ; CLK         ; 0.000        ; 0.368      ; 2.840      ;
; 2.316 ; 74192:U2|25 ; 74192:U2|24 ; CLK          ; CLK         ; 0.000        ; -0.288     ; 2.196      ;
; 2.328 ; 74192:U2|23 ; 74192:U2|24 ; CLK          ; CLK         ; 0.000        ; -0.121     ; 2.375      ;
; 2.338 ; 74192:U1|23 ; 74192:U2|23 ; CLK          ; CLK         ; 0.000        ; 0.565      ; 3.071      ;
; 2.350 ; 74192:U2|25 ; 74192:U2|23 ; CLK          ; CLK         ; 0.000        ; -0.091     ; 2.427      ;
; 2.383 ; 74192:U1|25 ; 74192:U2|25 ; CLK          ; CLK         ; 0.000        ; 0.741      ; 3.292      ;
; 2.400 ; 74192:U2|23 ; 74192:U2|23 ; CLK          ; CLK         ; 0.000        ; 0.038      ; 2.606      ;
; 2.406 ; 74192:U1|24 ; 74192:U2|24 ; CLK          ; CLK         ; 0.000        ; 0.370      ; 2.944      ;
; 2.440 ; 74192:U1|24 ; 74192:U2|23 ; CLK          ; CLK         ; 0.000        ; 0.567      ; 3.175      ;
; 2.481 ; 74192:U2|26 ; 74192:U2|26 ; CLK          ; CLK         ; 0.000        ; 0.038      ; 2.687      ;
; 2.483 ; 74192:U2|26 ; 74192:U1|23 ; CLK          ; CLK         ; 0.000        ; 0.008      ; 2.659      ;
; 2.485 ; 74192:U2|24 ; 74192:U2|26 ; CLK          ; CLK         ; 0.000        ; -0.051     ; 2.602      ;
; 2.495 ; 74192:U1|25 ; 74192:U2|24 ; CLK          ; CLK         ; 0.000        ; 0.370      ; 3.033      ;
; 2.497 ; 74192:U2|25 ; 74192:U1|25 ; CLK          ; CLK         ; 0.000        ; -0.450     ; 2.215      ;
; 2.509 ; 74192:U2|23 ; 74192:U1|25 ; CLK          ; CLK         ; 0.000        ; -0.283     ; 2.394      ;
; 2.510 ; 74192:U2|25 ; 74192:U1|24 ; CLK          ; CLK         ; 0.000        ; -0.463     ; 2.215      ;
; 2.513 ; 74192:U2|24 ; 74192:U1|23 ; CLK          ; CLK         ; 0.000        ; -0.107     ; 2.574      ;
; 2.522 ; 74192:U2|23 ; 74192:U1|24 ; CLK          ; CLK         ; 0.000        ; -0.296     ; 2.394      ;
; 2.529 ; 74192:U1|25 ; 74192:U2|23 ; CLK          ; CLK         ; 0.000        ; 0.567      ; 3.264      ;
; 2.553 ; 74192:U1|23 ; 74192:U1|25 ; CLK          ; CLK         ; 0.000        ; 0.138      ; 2.859      ;
; 2.566 ; 74192:U1|23 ; 74192:U1|24 ; CLK          ; CLK         ; 0.000        ; 0.125      ; 2.859      ;
; 2.655 ; 74192:U1|24 ; 74192:U1|25 ; CLK          ; CLK         ; 0.000        ; 0.140      ; 2.963      ;
; 2.681 ; 74192:U1|23 ; 74192:U2|26 ; CLK          ; CLK         ; 0.000        ; 0.250      ; 3.099      ;
; 2.693 ; 74192:U2|25 ; 74192:U2|26 ; CLK          ; CLK         ; 0.000        ; -0.406     ; 2.455      ;
; 2.705 ; 74192:U2|23 ; 74192:U2|26 ; CLK          ; CLK         ; 0.000        ; -0.239     ; 2.634      ;
; 2.721 ; 74192:U2|25 ; 74192:U1|23 ; CLK          ; CLK         ; 0.000        ; -0.462     ; 2.427      ;
; 2.733 ; 74192:U2|23 ; 74192:U1|23 ; CLK          ; CLK         ; 0.000        ; -0.295     ; 2.606      ;
; 2.757 ; 74192:U1|25 ; 74192:U1|24 ; CLK          ; CLK         ; 0.000        ; 0.127      ; 3.052      ;
; 2.757 ; 74192:U1|24 ; 74192:U1|24 ; CLK          ; CLK         ; 0.000        ; 0.038      ; 2.963      ;
; 2.783 ; 74192:U1|24 ; 74192:U2|26 ; CLK          ; CLK         ; 0.000        ; 0.252      ; 3.203      ;
; 2.846 ; 74192:U1|25 ; 74192:U1|25 ; CLK          ; CLK         ; 0.000        ; 0.038      ; 3.052      ;
; 2.865 ; 74192:U1|23 ; 74192:U1|23 ; CLK          ; CLK         ; 0.000        ; 0.038      ; 3.071      ;
; 2.872 ; 74192:U1|25 ; 74192:U2|26 ; CLK          ; CLK         ; 0.000        ; 0.252      ; 3.292      ;
; 2.877 ; 74192:U1|26 ; 74192:U1|26 ; CLK          ; CLK         ; 0.000        ; 0.038      ; 3.083      ;
; 2.879 ; 74192:U1|24 ; 74192:U1|23 ; CLK          ; CLK         ; 0.000        ; 0.128      ; 3.175      ;
; 2.968 ; 74192:U1|25 ; 74192:U1|23 ; CLK          ; CLK         ; 0.000        ; 0.128      ; 3.264      ;
; 3.010 ; 74192:U2|26 ; 74192:U1|26 ; CLK          ; CLK         ; 0.000        ; -0.750     ; 2.428      ;
; 3.040 ; 74192:U2|24 ; 74192:U1|26 ; CLK          ; CLK         ; 0.000        ; -0.865     ; 2.343      ;
; 3.248 ; 74192:U2|25 ; 74192:U1|26 ; CLK          ; CLK         ; 0.000        ; -1.220     ; 2.196      ;
; 3.260 ; 74192:U2|23 ; 74192:U1|26 ; CLK          ; CLK         ; 0.000        ; -1.053     ; 2.375      ;
; 3.304 ; 74192:U1|23 ; 74192:U1|26 ; CLK          ; CLK         ; 0.000        ; -0.632     ; 2.840      ;
; 3.406 ; 74192:U1|24 ; 74192:U1|26 ; CLK          ; CLK         ; 0.000        ; -0.630     ; 2.944      ;
; 3.495 ; 74192:U1|25 ; 74192:U1|26 ; CLK          ; CLK         ; 0.000        ; -0.630     ; 3.033      ;
+-------+-------------+-------------+--------------+-------------+--------------+------------+------------+


------------------------------------------------
; Slow 1200mV -40C Model Metastability Summary ;
------------------------------------------------
No synchronizer chains to report.


+--------------------------------------+
; Fast 1200mV -40C Model Setup Summary ;
+-------+-------+----------------------+
; Clock ; Slack ; End Point TNS        ;
+-------+-------+----------------------+
; CLK   ; 0.642 ; 0.000                ;
+-------+-------+----------------------+


+-------------------------------------+
; Fast 1200mV -40C Model Hold Summary ;
+-------+-------+---------------------+
; Clock ; Slack ; End Point TNS       ;
+-------+-------+---------------------+
; CLK   ; 0.197 ; 0.000               ;
+-------+-------+---------------------+


+-----------------------------------------+
; Fast 1200mV -40C Model Recovery Summary ;
+-------+--------+------------------------+
; Clock ; Slack  ; End Point TNS          ;
+-------+--------+------------------------+
; CLK   ; -1.075 ; -6.128                 ;
+-------+--------+------------------------+


+----------------------------------------+
; Fast 1200mV -40C Model Removal Summary ;
+-------+-------+------------------------+
; Clock ; Slack ; End Point TNS          ;
+-------+-------+------------------------+
; CLK   ; 0.249 ; 0.000                  ;
+-------+-------+------------------------+


+----------------------------------------------------+
; Fast 1200mV -40C Model Minimum Pulse Width Summary ;
+-------+--------+-----------------------------------+
; Clock ; Slack  ; End Point TNS                     ;
+-------+--------+-----------------------------------+
; CLK   ; -3.000 ; -12.620                           ;
+-------+--------+-----------------------------------+


+---------------------------------------------------------------------------------------------------------+
; Fast 1200mV -40C Model Setup: 'CLK'                                                                     ;
+-------+-------------+-------------+--------------+-------------+--------------+------------+------------+
; Slack ; From Node   ; To Node     ; Launch Clock ; Latch Clock ; Relationship ; Clock Skew ; Data Delay ;
+-------+-------------+-------------+--------------+-------------+--------------+------------+------------+
; 0.642 ; 74192:U2|25 ; 74192:U2|25 ; CLK          ; CLK         ; 1.000        ; -0.021     ; 0.345      ;
; 0.642 ; 74192:U1|25 ; 74192:U1|25 ; CLK          ; CLK         ; 1.000        ; -0.021     ; 0.345      ;
; 0.642 ; 74192:U1|24 ; 74192:U1|24 ; CLK          ; CLK         ; 1.000        ; -0.021     ; 0.345      ;
; 0.642 ; 74192:U1|23 ; 74192:U1|23 ; CLK          ; CLK         ; 1.000        ; -0.021     ; 0.345      ;
; 0.642 ; 74192:U2|23 ; 74192:U2|23 ; CLK          ; CLK         ; 1.000        ; -0.021     ; 0.345      ;
; 0.642 ; 74192:U1|26 ; 74192:U1|26 ; CLK          ; CLK         ; 1.000        ; -0.021     ; 0.345      ;
; 0.642 ; 74192:U2|24 ; 74192:U2|24 ; CLK          ; CLK         ; 1.000        ; -0.021     ; 0.345      ;
; 0.642 ; 74192:U2|26 ; 74192:U2|26 ; CLK          ; CLK         ; 1.000        ; -0.021     ; 0.345      ;
+-------+-------------+-------------+--------------+-------------+--------------+------------+------------+


+---------------------------------------------------------------------------------------------------------+
; Fast 1200mV -40C Model Hold: 'CLK'                                                                      ;
+-------+-------------+-------------+--------------+-------------+--------------+------------+------------+
; Slack ; From Node   ; To Node     ; Launch Clock ; Latch Clock ; Relationship ; Clock Skew ; Data Delay ;
+-------+-------------+-------------+--------------+-------------+--------------+------------+------------+
; 0.197 ; 74192:U2|25 ; 74192:U2|25 ; CLK          ; CLK         ; 0.000        ; 0.021      ; 0.300      ;
; 0.197 ; 74192:U1|25 ; 74192:U1|25 ; CLK          ; CLK         ; 0.000        ; 0.021      ; 0.300      ;
; 0.197 ; 74192:U1|24 ; 74192:U1|24 ; CLK          ; CLK         ; 0.000        ; 0.021      ; 0.300      ;
; 0.197 ; 74192:U1|26 ; 74192:U1|26 ; CLK          ; CLK         ; 0.000        ; 0.021      ; 0.300      ;
; 0.197 ; 74192:U1|23 ; 74192:U1|23 ; CLK          ; CLK         ; 0.000        ; 0.021      ; 0.300      ;
; 0.197 ; 74192:U2|23 ; 74192:U2|23 ; CLK          ; CLK         ; 0.000        ; 0.021      ; 0.300      ;
; 0.197 ; 74192:U2|26 ; 74192:U2|26 ; CLK          ; CLK         ; 0.000        ; 0.021      ; 0.300      ;
; 0.197 ; 74192:U2|24 ; 74192:U2|24 ; CLK          ; CLK         ; 0.000        ; 0.021      ; 0.300      ;
+-------+-------------+-------------+--------------+-------------+--------------+------------+------------+


+----------------------------------------------------------------------------------------------------------+
; Fast 1200mV -40C Model Recovery: 'CLK'                                                                   ;
+--------+-------------+-------------+--------------+-------------+--------------+------------+------------+
; Slack  ; From Node   ; To Node     ; Launch Clock ; Latch Clock ; Relationship ; Clock Skew ; Data Delay ;
+--------+-------------+-------------+--------------+-------------+--------------+------------+------------+
; -1.075 ; 74192:U1|25 ; 74192:U1|26 ; CLK          ; CLK         ; 1.000        ; -0.417     ; 1.666      ;
; -1.039 ; 74192:U1|24 ; 74192:U1|26 ; CLK          ; CLK         ; 1.000        ; -0.412     ; 1.635      ;
; -0.987 ; 74192:U1|23 ; 74192:U1|26 ; CLK          ; CLK         ; 1.000        ; -0.410     ; 1.585      ;
; -0.977 ; 74192:U2|25 ; 74192:U1|26 ; CLK          ; CLK         ; 1.000        ; -0.692     ; 1.293      ;
; -0.911 ; 74192:U2|23 ; 74192:U1|26 ; CLK          ; CLK         ; 1.000        ; -0.599     ; 1.320      ;
; -0.907 ; CLK         ; 74192:U1|26 ; CLK          ; CLK         ; 0.500        ; 1.188      ; 2.603      ;
; -0.862 ; 74192:U1|25 ; 74192:U1|23 ; CLK          ; CLK         ; 1.000        ; -0.071     ; 1.799      ;
; -0.840 ; 74192:U1|24 ; 74192:U1|23 ; CLK          ; CLK         ; 1.000        ; -0.066     ; 1.782      ;
; -0.822 ; 74192:U2|26 ; 74192:U1|26 ; CLK          ; CLK         ; 1.000        ; -0.473     ; 1.357      ;
; -0.820 ; 74192:U2|24 ; 74192:U1|26 ; CLK          ; CLK         ; 1.000        ; -0.516     ; 1.312      ;
; -0.818 ; 74192:U1|25 ; 74192:U2|26 ; CLK          ; CLK         ; 1.000        ; -0.012     ; 1.814      ;
; -0.804 ; 74192:U1|24 ; 74192:U2|26 ; CLK          ; CLK         ; 1.000        ; -0.007     ; 1.805      ;
; -0.778 ; 74192:U2|25 ; 74192:U1|23 ; CLK          ; CLK         ; 1.000        ; -0.346     ; 1.440      ;
; -0.747 ; 74192:U1|25 ; 74192:U1|24 ; CLK          ; CLK         ; 1.000        ; -0.071     ; 1.684      ;
; -0.731 ; 74192:U1|23 ; 74192:U1|23 ; CLK          ; CLK         ; 1.000        ; -0.021     ; 1.718      ;
; -0.730 ; 74192:U1|26 ; 74192:U1|26 ; CLK          ; CLK         ; 1.000        ; -0.021     ; 1.717      ;
; -0.730 ; 74192:U1|23 ; 74192:U2|26 ; CLK          ; CLK         ; 1.000        ; -0.005     ; 1.733      ;
; -0.712 ; 74192:U2|23 ; 74192:U1|23 ; CLK          ; CLK         ; 1.000        ; -0.253     ; 1.467      ;
; -0.709 ; 74192:U1|24 ; 74192:U1|25 ; CLK          ; CLK         ; 1.000        ; -0.067     ; 1.650      ;
; -0.707 ; 74192:U2|25 ; 74192:U2|26 ; CLK          ; CLK         ; 1.000        ; -0.252     ; 1.463      ;
; -0.697 ; 74192:U1|25 ; 74192:U1|25 ; CLK          ; CLK         ; 1.000        ; -0.021     ; 1.684      ;
; -0.694 ; CLK         ; 74192:U1|23 ; CLK          ; CLK         ; 0.500        ; 1.534      ; 2.736      ;
; -0.682 ; 74192:U1|25 ; 74192:U2|23 ; CLK          ; CLK         ; 1.000        ; 0.109      ; 1.799      ;
; -0.663 ; 74192:U1|24 ; 74192:U1|24 ; CLK          ; CLK         ; 1.000        ; -0.021     ; 1.650      ;
; -0.660 ; 74192:U1|24 ; 74192:U2|23 ; CLK          ; CLK         ; 1.000        ; 0.114      ; 1.782      ;
; -0.660 ; 74192:U1|23 ; 74192:U1|25 ; CLK          ; CLK         ; 1.000        ; -0.065     ; 1.603      ;
; -0.659 ; 74192:U1|23 ; 74192:U1|24 ; CLK          ; CLK         ; 1.000        ; -0.064     ; 1.603      ;
; -0.650 ; CLK         ; 74192:U2|26 ; CLK          ; CLK         ; 0.500        ; 1.593      ; 2.751      ;
; -0.647 ; 74192:U2|25 ; 74192:U1|25 ; CLK          ; CLK         ; 1.000        ; -0.347     ; 1.308      ;
; -0.646 ; 74192:U2|25 ; 74192:U1|24 ; CLK          ; CLK         ; 1.000        ; -0.346     ; 1.308      ;
; -0.641 ; 74192:U2|23 ; 74192:U2|26 ; CLK          ; CLK         ; 1.000        ; -0.159     ; 1.490      ;
; -0.628 ; 74192:U1|25 ; 74192:U2|24 ; CLK          ; CLK         ; 1.000        ; 0.030      ; 1.666      ;
; -0.621 ; 74192:U2|24 ; 74192:U1|23 ; CLK          ; CLK         ; 1.000        ; -0.170     ; 1.459      ;
; -0.609 ; 74192:U2|26 ; 74192:U1|23 ; CLK          ; CLK         ; 1.000        ; -0.127     ; 1.490      ;
; -0.607 ; 74192:U1|25 ; 74192:U2|25 ; CLK          ; CLK         ; 1.000        ; 0.199      ; 1.814      ;
; -0.594 ; 74192:U1|23 ; 74192:U2|23 ; CLK          ; CLK         ; 1.000        ; 0.116      ; 1.718      ;
; -0.593 ; 74192:U1|24 ; 74192:U2|25 ; CLK          ; CLK         ; 1.000        ; 0.204      ; 1.805      ;
; -0.592 ; 74192:U1|24 ; 74192:U2|24 ; CLK          ; CLK         ; 1.000        ; 0.035      ; 1.635      ;
; -0.581 ; 74192:U2|23 ; 74192:U1|25 ; CLK          ; CLK         ; 1.000        ; -0.254     ; 1.335      ;
; -0.580 ; 74192:U2|23 ; 74192:U1|24 ; CLK          ; CLK         ; 1.000        ; -0.253     ; 1.335      ;
; -0.580 ; CLK         ; 74192:U1|25 ; CLK          ; CLK         ; 0.500        ; 1.533      ; 2.621      ;
; -0.579 ; CLK         ; 74192:U1|24 ; CLK          ; CLK         ; 0.500        ; 1.534      ; 2.621      ;
; -0.563 ; 74192:U2|25 ; 74192:U2|23 ; CLK          ; CLK         ; 1.000        ; -0.131     ; 1.440      ;
; -0.550 ; 74192:U2|24 ; 74192:U2|26 ; CLK          ; CLK         ; 1.000        ; -0.076     ; 1.482      ;
; -0.547 ; 74192:U1|26 ; 74192:U1|23 ; CLK          ; CLK         ; 1.000        ; 0.295      ; 1.850      ;
; -0.540 ; 74192:U1|23 ; 74192:U2|24 ; CLK          ; CLK         ; 1.000        ; 0.037      ; 1.585      ;
; -0.519 ; 74192:U1|23 ; 74192:U2|25 ; CLK          ; CLK         ; 1.000        ; 0.206      ; 1.733      ;
; -0.518 ; 74192:U2|26 ; 74192:U2|26 ; CLK          ; CLK         ; 1.000        ; -0.021     ; 1.505      ;
; -0.514 ; CLK         ; 74192:U2|23 ; CLK          ; CLK         ; 0.500        ; 1.714      ; 2.736      ;
; -0.503 ; 74192:U1|26 ; 74192:U2|26 ; CLK          ; CLK         ; 1.000        ; 0.354      ; 1.865      ;
; -0.495 ; 74192:U2|25 ; 74192:U2|24 ; CLK          ; CLK         ; 1.000        ; -0.210     ; 1.293      ;
; -0.495 ; 74192:U2|26 ; 74192:U1|25 ; CLK          ; CLK         ; 1.000        ; -0.128     ; 1.375      ;
; -0.494 ; 74192:U2|26 ; 74192:U1|24 ; CLK          ; CLK         ; 1.000        ; -0.127     ; 1.375      ;
; -0.490 ; 74192:U2|24 ; 74192:U1|25 ; CLK          ; CLK         ; 1.000        ; -0.171     ; 1.327      ;
; -0.489 ; 74192:U2|24 ; 74192:U1|24 ; CLK          ; CLK         ; 1.000        ; -0.170     ; 1.327      ;
; -0.480 ; 74192:U2|23 ; 74192:U2|23 ; CLK          ; CLK         ; 1.000        ; -0.021     ; 1.467      ;
; -0.476 ; 74192:U2|25 ; 74192:U2|25 ; CLK          ; CLK         ; 1.000        ; -0.021     ; 1.463      ;
; -0.460 ; CLK         ; 74192:U2|24 ; CLK          ; CLK         ; 0.500        ; 1.635      ; 2.603      ;
; -0.439 ; CLK         ; 74192:U2|25 ; CLK          ; CLK         ; 0.500        ; 1.804      ; 2.751      ;
; -0.433 ; 74192:U1|26 ; 74192:U1|25 ; CLK          ; CLK         ; 1.000        ; 0.294      ; 1.735      ;
; -0.432 ; 74192:U1|26 ; 74192:U1|24 ; CLK          ; CLK         ; 1.000        ; 0.295      ; 1.735      ;
; -0.430 ; 74192:U2|23 ; 74192:U2|25 ; CLK          ; CLK         ; 1.000        ; 0.052      ; 1.490      ;
; -0.429 ; 74192:U2|23 ; 74192:U2|24 ; CLK          ; CLK         ; 1.000        ; -0.117     ; 1.320      ;
; -0.406 ; 74192:U2|24 ; 74192:U2|23 ; CLK          ; CLK         ; 1.000        ; 0.045      ; 1.459      ;
; -0.394 ; 74192:U2|26 ; 74192:U2|23 ; CLK          ; CLK         ; 1.000        ; 0.088      ; 1.490      ;
; -0.367 ; 74192:U1|26 ; 74192:U2|23 ; CLK          ; CLK         ; 1.000        ; 0.475      ; 1.850      ;
; -0.340 ; 74192:U2|26 ; 74192:U2|24 ; CLK          ; CLK         ; 1.000        ; 0.009      ; 1.357      ;
; -0.339 ; 74192:U2|24 ; 74192:U2|25 ; CLK          ; CLK         ; 1.000        ; 0.135      ; 1.482      ;
; -0.325 ; 74192:U2|24 ; 74192:U2|24 ; CLK          ; CLK         ; 1.000        ; -0.021     ; 1.312      ;
; -0.319 ; 74192:U2|26 ; 74192:U2|25 ; CLK          ; CLK         ; 1.000        ; 0.178      ; 1.505      ;
; -0.313 ; 74192:U1|26 ; 74192:U2|24 ; CLK          ; CLK         ; 1.000        ; 0.396      ; 1.717      ;
; -0.292 ; 74192:U1|26 ; 74192:U2|25 ; CLK          ; CLK         ; 1.000        ; 0.565      ; 1.865      ;
; 0.060  ; CLK         ; 74192:U1|26 ; CLK          ; CLK         ; 1.000        ; 1.188      ; 2.136      ;
; 0.259  ; CLK         ; 74192:U1|23 ; CLK          ; CLK         ; 1.000        ; 1.534      ; 2.283      ;
; 0.295  ; CLK         ; 74192:U2|26 ; CLK          ; CLK         ; 1.000        ; 1.593      ; 2.306      ;
; 0.390  ; CLK         ; 74192:U1|25 ; CLK          ; CLK         ; 1.000        ; 1.533      ; 2.151      ;
; 0.391  ; CLK         ; 74192:U1|24 ; CLK          ; CLK         ; 1.000        ; 1.534      ; 2.151      ;
; 0.439  ; CLK         ; 74192:U2|23 ; CLK          ; CLK         ; 1.000        ; 1.714      ; 2.283      ;
; 0.506  ; CLK         ; 74192:U2|25 ; CLK          ; CLK         ; 1.000        ; 1.804      ; 2.306      ;
; 0.507  ; CLK         ; 74192:U2|24 ; CLK          ; CLK         ; 1.000        ; 1.635      ; 2.136      ;
+--------+-------------+-------------+--------------+-------------+--------------+------------+------------+


+---------------------------------------------------------------------------------------------------------+
; Fast 1200mV -40C Model Removal: 'CLK'                                                                   ;
+-------+-------------+-------------+--------------+-------------+--------------+------------+------------+
; Slack ; From Node   ; To Node     ; Launch Clock ; Latch Clock ; Relationship ; Clock Skew ; Data Delay ;
+-------+-------------+-------------+--------------+-------------+--------------+------------+------------+
; 0.249 ; CLK         ; 74192:U2|25 ; CLK          ; CLK         ; 0.000        ; 1.880      ; 2.211      ;
; 0.261 ; CLK         ; 74192:U2|24 ; CLK          ; CLK         ; 0.000        ; 1.704      ; 2.047      ;
; 0.319 ; CLK         ; 74192:U2|23 ; CLK          ; CLK         ; 0.000        ; 1.787      ; 2.188      ;
; 0.374 ; CLK         ; 74192:U1|25 ; CLK          ; CLK         ; 0.000        ; 1.605      ; 2.061      ;
; 0.379 ; CLK         ; 74192:U1|24 ; CLK          ; CLK         ; 0.000        ; 1.600      ; 2.061      ;
; 0.468 ; CLK         ; 74192:U2|26 ; CLK          ; CLK         ; 0.000        ; 1.661      ; 2.211      ;
; 0.508 ; CLK         ; 74192:U1|23 ; CLK          ; CLK         ; 0.000        ; 1.598      ; 2.188      ;
; 0.726 ; CLK         ; 74192:U1|26 ; CLK          ; CLK         ; 0.000        ; 1.239      ; 2.047      ;
; 0.975 ; 74192:U1|26 ; 74192:U2|25 ; CLK          ; CLK         ; 0.000        ; 0.692      ; 1.749      ;
; 0.987 ; 74192:U1|26 ; 74192:U2|24 ; CLK          ; CLK         ; 0.000        ; 0.516      ; 1.585      ;
; 1.045 ; 74192:U1|26 ; 74192:U2|23 ; CLK          ; CLK         ; 0.000        ; 0.599      ; 1.726      ;
; 1.072 ; 74192:U2|24 ; 74192:U2|25 ; CLK          ; CLK         ; 0.000        ; 0.210      ; 1.364      ;
; 1.092 ; 74192:U2|26 ; 74192:U2|25 ; CLK          ; CLK         ; 0.000        ; 0.252      ; 1.426      ;
; 1.100 ; 74192:U1|26 ; 74192:U1|25 ; CLK          ; CLK         ; 0.000        ; 0.417      ; 1.599      ;
; 1.104 ; 74192:U2|26 ; 74192:U2|24 ; CLK          ; CLK         ; 0.000        ; 0.076      ; 1.262      ;
; 1.105 ; 74192:U1|26 ; 74192:U1|24 ; CLK          ; CLK         ; 0.000        ; 0.412      ; 1.599      ;
; 1.118 ; 74192:U2|24 ; 74192:U2|24 ; CLK          ; CLK         ; 0.000        ; 0.021      ; 1.221      ;
; 1.150 ; 74192:U2|24 ; 74192:U2|23 ; CLK          ; CLK         ; 0.000        ; 0.117      ; 1.349      ;
; 1.162 ; 74192:U2|26 ; 74192:U2|23 ; CLK          ; CLK         ; 0.000        ; 0.159      ; 1.403      ;
; 1.164 ; 74192:U2|23 ; 74192:U2|25 ; CLK          ; CLK         ; 0.000        ; 0.131      ; 1.377      ;
; 1.171 ; 74192:U2|25 ; 74192:U2|25 ; CLK          ; CLK         ; 0.000        ; 0.021      ; 1.274      ;
; 1.182 ; 74192:U2|26 ; 74192:U1|25 ; CLK          ; CLK         ; 0.000        ; 0.012      ; 1.276      ;
; 1.184 ; 74192:U2|25 ; 74192:U2|24 ; CLK          ; CLK         ; 0.000        ; -0.135     ; 1.131      ;
; 1.184 ; 74192:U1|23 ; 74192:U2|25 ; CLK          ; CLK         ; 0.000        ; 0.346      ; 1.612      ;
; 1.187 ; 74192:U2|24 ; 74192:U1|25 ; CLK          ; CLK         ; 0.000        ; -0.030     ; 1.239      ;
; 1.187 ; 74192:U2|26 ; 74192:U1|24 ; CLK          ; CLK         ; 0.000        ; 0.007      ; 1.276      ;
; 1.192 ; 74192:U2|24 ; 74192:U1|24 ; CLK          ; CLK         ; 0.000        ; -0.035     ; 1.239      ;
; 1.194 ; 74192:U1|26 ; 74192:U2|26 ; CLK          ; CLK         ; 0.000        ; 0.473      ; 1.749      ;
; 1.196 ; 74192:U1|23 ; 74192:U2|24 ; CLK          ; CLK         ; 0.000        ; 0.170      ; 1.448      ;
; 1.197 ; 74192:U2|23 ; 74192:U2|24 ; CLK          ; CLK         ; 0.000        ; -0.045     ; 1.234      ;
; 1.197 ; CLK         ; 74192:U2|25 ; CLK          ; CLK         ; -0.500       ; 1.880      ; 2.659      ;
; 1.212 ; 74192:U1|24 ; 74192:U2|25 ; CLK          ; CLK         ; 0.000        ; 0.346      ; 1.640      ;
; 1.229 ; 74192:U2|25 ; 74192:U2|23 ; CLK          ; CLK         ; 0.000        ; -0.052     ; 1.259      ;
; 1.230 ; CLK         ; 74192:U2|24 ; CLK          ; CLK         ; -0.500       ; 1.704      ; 2.516      ;
; 1.234 ; 74192:U1|26 ; 74192:U1|23 ; CLK          ; CLK         ; 0.000        ; 0.410      ; 1.726      ;
; 1.245 ; 74192:U1|24 ; 74192:U2|24 ; CLK          ; CLK         ; 0.000        ; 0.170      ; 1.497      ;
; 1.254 ; 74192:U1|23 ; 74192:U2|23 ; CLK          ; CLK         ; 0.000        ; 0.253      ; 1.589      ;
; 1.259 ; 74192:U2|23 ; 74192:U2|23 ; CLK          ; CLK         ; 0.000        ; 0.021      ; 1.362      ;
; 1.266 ; 74192:U2|25 ; 74192:U1|25 ; CLK          ; CLK         ; 0.000        ; -0.199     ; 1.149      ;
; 1.271 ; 74192:U2|25 ; 74192:U1|24 ; CLK          ; CLK         ; 0.000        ; -0.204     ; 1.149      ;
; 1.275 ; CLK         ; 74192:U2|23 ; CLK          ; CLK         ; -0.500       ; 1.787      ; 2.644      ;
; 1.279 ; 74192:U2|23 ; 74192:U1|25 ; CLK          ; CLK         ; 0.000        ; -0.109     ; 1.252      ;
; 1.284 ; 74192:U2|23 ; 74192:U1|24 ; CLK          ; CLK         ; 0.000        ; -0.114     ; 1.252      ;
; 1.290 ; 74192:U1|24 ; 74192:U2|23 ; CLK          ; CLK         ; 0.000        ; 0.253      ; 1.625      ;
; 1.291 ; 74192:U2|24 ; 74192:U2|26 ; CLK          ; CLK         ; 0.000        ; -0.009     ; 1.364      ;
; 1.293 ; 74192:U1|25 ; 74192:U2|25 ; CLK          ; CLK         ; 0.000        ; 0.347      ; 1.722      ;
; 1.304 ; 74192:U2|24 ; 74192:U1|23 ; CLK          ; CLK         ; 0.000        ; -0.037     ; 1.349      ;
; 1.305 ; 74192:U1|25 ; 74192:U2|24 ; CLK          ; CLK         ; 0.000        ; 0.171      ; 1.558      ;
; 1.309 ; 74192:U1|23 ; 74192:U1|25 ; CLK          ; CLK         ; 0.000        ; 0.071      ; 1.462      ;
; 1.314 ; 74192:U1|23 ; 74192:U1|24 ; CLK          ; CLK         ; 0.000        ; 0.066      ; 1.462      ;
; 1.316 ; 74192:U2|26 ; 74192:U1|23 ; CLK          ; CLK         ; 0.000        ; 0.005      ; 1.403      ;
; 1.323 ; 74192:U2|26 ; 74192:U2|26 ; CLK          ; CLK         ; 0.000        ; 0.021      ; 1.426      ;
; 1.347 ; CLK         ; 74192:U1|25 ; CLK          ; CLK         ; -0.500       ; 1.605      ; 2.534      ;
; 1.352 ; CLK         ; 74192:U1|24 ; CLK          ; CLK         ; -0.500       ; 1.600      ; 2.534      ;
; 1.362 ; 74192:U1|24 ; 74192:U1|25 ; CLK          ; CLK         ; 0.000        ; 0.071      ; 1.515      ;
; 1.363 ; 74192:U1|25 ; 74192:U2|23 ; CLK          ; CLK         ; 0.000        ; 0.254      ; 1.699      ;
; 1.370 ; 74192:U2|25 ; 74192:U2|26 ; CLK          ; CLK         ; 0.000        ; -0.178     ; 1.274      ;
; 1.383 ; 74192:U2|25 ; 74192:U1|23 ; CLK          ; CLK         ; 0.000        ; -0.206     ; 1.259      ;
; 1.383 ; 74192:U2|23 ; 74192:U2|26 ; CLK          ; CLK         ; 0.000        ; -0.088     ; 1.377      ;
; 1.396 ; 74192:U2|23 ; 74192:U1|23 ; CLK          ; CLK         ; 0.000        ; -0.116     ; 1.362      ;
; 1.403 ; 74192:U1|23 ; 74192:U2|26 ; CLK          ; CLK         ; 0.000        ; 0.127      ; 1.612      ;
; 1.412 ; 74192:U1|24 ; 74192:U1|24 ; CLK          ; CLK         ; 0.000        ; 0.021      ; 1.515      ;
; 1.416 ; CLK         ; 74192:U2|26 ; CLK          ; CLK         ; -0.500       ; 1.661      ; 2.659      ;
; 1.423 ; 74192:U1|25 ; 74192:U1|24 ; CLK          ; CLK         ; 0.000        ; 0.067      ; 1.572      ;
; 1.431 ; 74192:U1|24 ; 74192:U2|26 ; CLK          ; CLK         ; 0.000        ; 0.127      ; 1.640      ;
; 1.464 ; CLK         ; 74192:U1|23 ; CLK          ; CLK         ; -0.500       ; 1.598      ; 2.644      ;
; 1.469 ; 74192:U1|25 ; 74192:U1|25 ; CLK          ; CLK         ; 0.000        ; 0.021      ; 1.572      ;
; 1.479 ; 74192:U1|24 ; 74192:U1|23 ; CLK          ; CLK         ; 0.000        ; 0.064      ; 1.625      ;
; 1.482 ; 74192:U1|26 ; 74192:U1|26 ; CLK          ; CLK         ; 0.000        ; 0.021      ; 1.585      ;
; 1.486 ; 74192:U1|23 ; 74192:U1|23 ; CLK          ; CLK         ; 0.000        ; 0.021      ; 1.589      ;
; 1.512 ; 74192:U1|25 ; 74192:U2|26 ; CLK          ; CLK         ; 0.000        ; 0.128      ; 1.722      ;
; 1.534 ; 74192:U2|26 ; 74192:U1|26 ; CLK          ; CLK         ; 0.000        ; -0.354     ; 1.262      ;
; 1.535 ; 74192:U2|24 ; 74192:U1|26 ; CLK          ; CLK         ; 0.000        ; -0.396     ; 1.221      ;
; 1.552 ; 74192:U1|25 ; 74192:U1|23 ; CLK          ; CLK         ; 0.000        ; 0.065      ; 1.699      ;
; 1.614 ; 74192:U2|25 ; 74192:U1|26 ; CLK          ; CLK         ; 0.000        ; -0.565     ; 1.131      ;
; 1.627 ; 74192:U2|23 ; 74192:U1|26 ; CLK          ; CLK         ; 0.000        ; -0.475     ; 1.234      ;
; 1.661 ; 74192:U1|23 ; 74192:U1|26 ; CLK          ; CLK         ; 0.000        ; -0.295     ; 1.448      ;
; 1.695 ; CLK         ; 74192:U1|26 ; CLK          ; CLK         ; -0.500       ; 1.239      ; 2.516      ;
; 1.710 ; 74192:U1|24 ; 74192:U1|26 ; CLK          ; CLK         ; 0.000        ; -0.295     ; 1.497      ;
; 1.770 ; 74192:U1|25 ; 74192:U1|26 ; CLK          ; CLK         ; 0.000        ; -0.294     ; 1.558      ;
+-------+-------------+-------------+--------------+-------------+--------------+------------+------------+


------------------------------------------------
; Fast 1200mV -40C Model Metastability Summary ;
------------------------------------------------
No synchronizer chains to report.


+-----------------------------------------------------------------------------+
; Multicorner Timing Analysis Summary                                         ;
+------------------+-------+-------+----------+---------+---------------------+
; Clock            ; Setup ; Hold  ; Recovery ; Removal ; Minimum Pulse Width ;
+------------------+-------+-------+----------+---------+---------------------+
; Worst-case Slack ; 0.177 ; 0.197 ; -3.687   ; 0.249   ; -3.000              ;
;  CLK             ; 0.177 ; 0.197 ; -3.687   ; 0.249   ; -3.000              ;
; Design-wide TNS  ; 0.0   ; 0.0   ; -23.619  ; 0.0     ; -14.896             ;
;  CLK             ; 0.000 ; 0.000 ; -23.619  ; 0.000   ; -14.896             ;
+------------------+-------+-------+----------+---------+---------------------+


+------------------------------------------------------------------------------------------------------------------------------------------------------------------------------------------------------------------------------------------------------------------------------------------------------------------------------------------------------------------------------------------------------------------+
; Board Trace Model Assignments                                                                                                                                                                                                                                                                                                                                                                                    ;
+---------------+--------------+-------------------+-------------------------+-------------------------+---------------+---------------------+----------------+------------------+--------+------------------+------------------------+------------------------+--------------+---------------+-----------------+-------+---------------------+--------------------+---------------+-----------------+-------------+
; Pin           ; I/O Standard ; Near Tline Length ; Near Tline L per Length ; Near Tline C per Length ; Near Series R ; Near Differential R ; Near Pull-up R ; Near Pull-down R ; Near C ; Far Tline Length ; Far Tline L per Length ; Far Tline C per Length ; Far Series R ; Far Pull-up R ; Far Pull-down R ; Far C ; Termination Voltage ; Far Differential R ; EBD File Name ; EBD Signal Name ; EBD Far-end ;
+---------------+--------------+-------------------+-------------------------+-------------------------+---------------+---------------------+----------------+------------------+--------+------------------+------------------------+------------------------+--------------+---------------+-----------------+-------+---------------------+--------------------+---------------+-----------------+-------------+
; DIGIT_ENABLE  ; 2.5 V        ; 0 in              ; 0 H/in                  ; 0 F/in                  ; short         ; -                   ; open           ; open             ; open   ; 0 in             ; 0 H/in                 ; 0 F/in                 ; short        ; open          ; open            ; open  ; 0 V                 ; -                  ; n/a           ; n/a             ; n/a         ;
; seg_ten[6]    ; 2.5 V        ; 0 in              ; 0 H/in                  ; 0 F/in                  ; short         ; -                   ; open           ; open             ; open   ; 0 in             ; 0 H/in                 ; 0 F/in                 ; short        ; open          ; open            ; open  ; 0 V                 ; -                  ; n/a           ; n/a             ; n/a         ;
; seg_ten[5]    ; 2.5 V        ; 0 in              ; 0 H/in                  ; 0 F/in                  ; short         ; -                   ; open           ; open             ; open   ; 0 in             ; 0 H/in                 ; 0 F/in                 ; short        ; open          ; open            ; open  ; 0 V                 ; -                  ; n/a           ; n/a             ; n/a         ;
; seg_ten[4]    ; 2.5 V        ; 0 in              ; 0 H/in                  ; 0 F/in                  ; short         ; -                   ; open           ; open             ; open   ; 0 in             ; 0 H/in                 ; 0 F/in                 ; short        ; open          ; open            ; open  ; 0 V                 ; -                  ; n/a           ; n/a             ; n/a         ;
; seg_ten[3]    ; 2.5 V        ; 0 in              ; 0 H/in                  ; 0 F/in                  ; short         ; -                   ; open           ; open             ; open   ; 0 in             ; 0 H/in                 ; 0 F/in                 ; short        ; open          ; open            ; open  ; 0 V                 ; -                  ; n/a           ; n/a             ; n/a         ;
; seg_ten[2]    ; 2.5 V        ; 0 in              ; 0 H/in                  ; 0 F/in                  ; short         ; -                   ; open           ; open             ; open   ; 0 in             ; 0 H/in                 ; 0 F/in                 ; short        ; open          ; open            ; open  ; 0 V                 ; -                  ; n/a           ; n/a             ; n/a         ;
; seg_ten[1]    ; 2.5 V        ; 0 in              ; 0 H/in                  ; 0 F/in                  ; short         ; -                   ; open           ; open             ; open   ; 0 in             ; 0 H/in                 ; 0 F/in                 ; short        ; open          ; open            ; open  ; 0 V                 ; -                  ; n/a           ; n/a             ; n/a         ;
; seg_ten[0]    ; 2.5 V        ; 0 in              ; 0 H/in                  ; 0 F/in                  ; short         ; -                   ; open           ; open             ; open   ; 0 in             ; 0 H/in                 ; 0 F/in                 ; short        ; open          ; open            ; open  ; 0 V                 ; -                  ; n/a           ; n/a             ; n/a         ;
; seg_unit[6]   ; 2.5 V        ; 0 in              ; 0 H/in                  ; 0 F/in                  ; short         ; -                   ; open           ; open             ; open   ; 0 in             ; 0 H/in                 ; 0 F/in                 ; short        ; open          ; open            ; open  ; 0 V                 ; -                  ; n/a           ; n/a             ; n/a         ;
; seg_unit[5]   ; 2.5 V        ; 0 in              ; 0 H/in                  ; 0 F/in                  ; short         ; -                   ; open           ; open             ; open   ; 0 in             ; 0 H/in                 ; 0 F/in                 ; short        ; open          ; open            ; open  ; 0 V                 ; -                  ; n/a           ; n/a             ; n/a         ;
; seg_unit[4]   ; 2.5 V        ; 0 in              ; 0 H/in                  ; 0 F/in                  ; short         ; -                   ; open           ; open             ; open   ; 0 in             ; 0 H/in                 ; 0 F/in                 ; short        ; open          ; open            ; open  ; 0 V                 ; -                  ; n/a           ; n/a             ; n/a         ;
; seg_unit[3]   ; 2.5 V        ; 0 in              ; 0 H/in                  ; 0 F/in                  ; short         ; -                   ; open           ; open             ; open   ; 0 in             ; 0 H/in                 ; 0 F/in                 ; short        ; open          ; open            ; open  ; 0 V                 ; -                  ; n/a           ; n/a             ; n/a         ;
; seg_unit[2]   ; 2.5 V        ; 0 in              ; 0 H/in                  ; 0 F/in                  ; short         ; -                   ; open           ; open             ; open   ; 0 in             ; 0 H/in                 ; 0 F/in                 ; short        ; open          ; open            ; open  ; 0 V                 ; -                  ; n/a           ; n/a             ; n/a         ;
; seg_unit[1]   ; 2.5 V        ; 0 in              ; 0 H/in                  ; 0 F/in                  ; short         ; -                   ; open           ; open             ; open   ; 0 in             ; 0 H/in                 ; 0 F/in                 ; short        ; open          ; open            ; open  ; 0 V                 ; -                  ; n/a           ; n/a             ; n/a         ;
; seg_unit[0]   ; 2.5 V        ; 0 in              ; 0 H/in                  ; 0 F/in                  ; short         ; -                   ; open           ; open             ; open   ; 0 in             ; 0 H/in                 ; 0 F/in                 ; short        ; open          ; open            ; open  ; 0 V                 ; -                  ; n/a           ; n/a             ; n/a         ;
; ~ALTERA_DCLK~ ; 2.5 V        ; 0 in              ; 0 H/in                  ; 0 F/in                  ; short         ; -                   ; open           ; open             ; open   ; 0 in             ; 0 H/in                 ; 0 F/in                 ; short        ; open          ; open            ; open  ; 0 V                 ; -                  ; n/a           ; n/a             ; n/a         ;
; ~ALTERA_nCEO~ ; 2.5 V        ; 0 in              ; 0 H/in                  ; 0 F/in                  ; short         ; -                   ; open           ; open             ; open   ; 0 in             ; 0 H/in                 ; 0 F/in                 ; short        ; open          ; open            ; open  ; 0 V                 ; -                  ; n/a           ; n/a             ; n/a         ;
+---------------+--------------+-------------------+-------------------------+-------------------------+---------------+---------------------+----------------+------------------+--------+------------------+------------------------+------------------------+--------------+---------------+-----------------+-------+---------------------+--------------------+---------------+-----------------+-------------+


+----------------------------------------------------------------------------+
; Input Transition Times                                                     ;
+-------------------------+--------------+-----------------+-----------------+
; Pin                     ; I/O Standard ; 10-90 Rise Time ; 90-10 Fall Time ;
+-------------------------+--------------+-----------------+-----------------+
; CLK                     ; 2.5 V        ; 2000 ps         ; 2000 ps         ;
; ~ALTERA_ASDO_DATA1~     ; 2.5 V        ; 2000 ps         ; 2000 ps         ;
; ~ALTERA_FLASH_nCE_nCSO~ ; 2.5 V        ; 2000 ps         ; 2000 ps         ;
; ~ALTERA_DATA0~          ; 2.5 V        ; 2000 ps         ; 2000 ps         ;
+-------------------------+--------------+-----------------+-----------------+


+--------------------------------------------------------------------------------------------------------------------------------------------------------------------------------------------------------------------------------------------------------------------------------------------------------------------------------------------------------------------------------------------------------------------------------------------------------------------------------------------------------------------------------------------------------------------------------------------------------------------------------------------------------------------------------------------+
; Signal Integrity Metrics (Slow 1200mv n40c Model)                                                                                                                                                                                                                                                                                                                                                                                                                                                                                                                                                                                                                                          ;
+---------------+--------------+---------------------+---------------------+------------------------------+------------------------------+---------------------+---------------------+--------------------------------------+--------------------------------------+-----------------------------+-----------------------------+----------------------------+----------------------------+-----------------------------+-----------------------------+--------------------+--------------------+-------------------------------------+-------------------------------------+----------------------------+----------------------------+---------------------------+---------------------------+
; Pin           ; I/O Standard ; Board Delay on Rise ; Board Delay on Fall ; Steady State Voh at FPGA Pin ; Steady State Vol at FPGA Pin ; Voh Max at FPGA Pin ; Vol Min at FPGA Pin ; Ringback Voltage on Rise at FPGA Pin ; Ringback Voltage on Fall at FPGA Pin ; 10-90 Rise Time at FPGA Pin ; 90-10 Fall Time at FPGA Pin ; Monotonic Rise at FPGA Pin ; Monotonic Fall at FPGA Pin ; Steady State Voh at Far-end ; Steady State Vol at Far-end ; Voh Max at Far-end ; Vol Min at Far-end ; Ringback Voltage on Rise at Far-end ; Ringback Voltage on Fall at Far-end ; 10-90 Rise Time at Far-end ; 90-10 Fall Time at Far-end ; Monotonic Rise at Far-end ; Monotonic Fall at Far-end ;
+---------------+--------------+---------------------+---------------------+------------------------------+------------------------------+---------------------+---------------------+--------------------------------------+--------------------------------------+-----------------------------+-----------------------------+----------------------------+----------------------------+-----------------------------+-----------------------------+--------------------+--------------------+-------------------------------------+-------------------------------------+----------------------------+----------------------------+---------------------------+---------------------------+
; DIGIT_ENABLE  ; 2.5 V        ; 0 s                 ; 0 s                 ; 2.32 V                       ; 1.46e-09 V                   ; 2.37 V              ; -0.0241 V           ; 0.127 V                              ; 0.073 V                              ; 6.7e-10 s                   ; 6.3e-10 s                   ; No                         ; Yes                        ; 2.32 V                      ; 1.46e-09 V                  ; 2.37 V             ; -0.0241 V          ; 0.127 V                             ; 0.073 V                             ; 6.7e-10 s                  ; 6.3e-10 s                  ; No                        ; Yes                       ;
; seg_ten[6]    ; 2.5 V        ; 0 s                 ; 0 s                 ; 2.32 V                       ; 1.46e-09 V                   ; 2.37 V              ; -0.0241 V           ; 0.127 V                              ; 0.073 V                              ; 6.7e-10 s                   ; 6.3e-10 s                   ; No                         ; Yes                        ; 2.32 V                      ; 1.46e-09 V                  ; 2.37 V             ; -0.0241 V          ; 0.127 V                             ; 0.073 V                             ; 6.7e-10 s                  ; 6.3e-10 s                  ; No                        ; Yes                       ;
; seg_ten[5]    ; 2.5 V        ; 0 s                 ; 0 s                 ; 2.32 V                       ; 1.46e-09 V                   ; 2.37 V              ; -0.0241 V           ; 0.127 V                              ; 0.073 V                              ; 6.7e-10 s                   ; 6.3e-10 s                   ; No                         ; Yes                        ; 2.32 V                      ; 1.46e-09 V                  ; 2.37 V             ; -0.0241 V          ; 0.127 V                             ; 0.073 V                             ; 6.7e-10 s                  ; 6.3e-10 s                  ; No                        ; Yes                       ;
; seg_ten[4]    ; 2.5 V        ; 0 s                 ; 0 s                 ; 2.32 V                       ; 1.87e-09 V                   ; 2.41 V              ; -0.0441 V           ; 0.217 V                              ; 0.126 V                              ; 2.86e-10 s                  ; 3.07e-10 s                  ; Yes                        ; Yes                        ; 2.32 V                      ; 1.87e-09 V                  ; 2.41 V             ; -0.0441 V          ; 0.217 V                             ; 0.126 V                             ; 2.86e-10 s                 ; 3.07e-10 s                 ; Yes                       ; Yes                       ;
; seg_ten[3]    ; 2.5 V        ; 0 s                 ; 0 s                 ; 2.32 V                       ; 1.87e-09 V                   ; 2.41 V              ; -0.0441 V           ; 0.217 V                              ; 0.126 V                              ; 2.86e-10 s                  ; 3.07e-10 s                  ; Yes                        ; Yes                        ; 2.32 V                      ; 1.87e-09 V                  ; 2.41 V             ; -0.0441 V          ; 0.217 V                             ; 0.126 V                             ; 2.86e-10 s                 ; 3.07e-10 s                 ; Yes                       ; Yes                       ;
; seg_ten[2]    ; 2.5 V        ; 0 s                 ; 0 s                 ; 2.32 V                       ; 1.87e-09 V                   ; 2.34 V              ; -0.00659 V          ; 0.213 V                              ; 0.083 V                              ; 2.63e-09 s                  ; 2.52e-09 s                  ; No                         ; Yes                        ; 2.32 V                      ; 1.87e-09 V                  ; 2.34 V             ; -0.00659 V         ; 0.213 V                             ; 0.083 V                             ; 2.63e-09 s                 ; 2.52e-09 s                 ; No                        ; Yes                       ;
; seg_ten[1]    ; 2.5 V        ; 0 s                 ; 0 s                 ; 2.32 V                       ; 1.46e-09 V                   ; 2.34 V              ; -0.00645 V          ; 0.188 V                              ; 0.108 V                              ; 2.83e-09 s                  ; 2.65e-09 s                  ; No                         ; Yes                        ; 2.32 V                      ; 1.46e-09 V                  ; 2.34 V             ; -0.00645 V         ; 0.188 V                             ; 0.108 V                             ; 2.83e-09 s                 ; 2.65e-09 s                 ; No                        ; Yes                       ;
; seg_ten[0]    ; 2.5 V        ; 0 s                 ; 0 s                 ; 2.32 V                       ; 1.46e-09 V                   ; 2.37 V              ; -0.0241 V           ; 0.127 V                              ; 0.073 V                              ; 6.7e-10 s                   ; 6.3e-10 s                   ; No                         ; Yes                        ; 2.32 V                      ; 1.46e-09 V                  ; 2.37 V             ; -0.0241 V          ; 0.127 V                             ; 0.073 V                             ; 6.7e-10 s                  ; 6.3e-10 s                  ; No                        ; Yes                       ;
; seg_unit[6]   ; 2.5 V        ; 0 s                 ; 0 s                 ; 2.32 V                       ; 1.87e-09 V                   ; 2.34 V              ; -0.00659 V          ; 0.213 V                              ; 0.083 V                              ; 2.63e-09 s                  ; 2.52e-09 s                  ; No                         ; Yes                        ; 2.32 V                      ; 1.87e-09 V                  ; 2.34 V             ; -0.00659 V         ; 0.213 V                             ; 0.083 V                             ; 2.63e-09 s                 ; 2.52e-09 s                 ; No                        ; Yes                       ;
; seg_unit[5]   ; 2.5 V        ; 0 s                 ; 0 s                 ; 2.32 V                       ; 1.87e-09 V                   ; 2.41 V              ; -0.0441 V           ; 0.217 V                              ; 0.126 V                              ; 2.86e-10 s                  ; 3.07e-10 s                  ; Yes                        ; Yes                        ; 2.32 V                      ; 1.87e-09 V                  ; 2.41 V             ; -0.0441 V          ; 0.217 V                             ; 0.126 V                             ; 2.86e-10 s                 ; 3.07e-10 s                 ; Yes                       ; Yes                       ;
; seg_unit[4]   ; 2.5 V        ; 0 s                 ; 0 s                 ; 2.32 V                       ; 1.87e-09 V                   ; 2.41 V              ; -0.0441 V           ; 0.217 V                              ; 0.126 V                              ; 2.86e-10 s                  ; 3.07e-10 s                  ; Yes                        ; Yes                        ; 2.32 V                      ; 1.87e-09 V                  ; 2.41 V             ; -0.0441 V          ; 0.217 V                             ; 0.126 V                             ; 2.86e-10 s                 ; 3.07e-10 s                 ; Yes                       ; Yes                       ;
; seg_unit[3]   ; 2.5 V        ; 0 s                 ; 0 s                 ; 2.32 V                       ; 1.46e-09 V                   ; 2.37 V              ; -0.0241 V           ; 0.127 V                              ; 0.073 V                              ; 6.7e-10 s                   ; 6.3e-10 s                   ; No                         ; Yes                        ; 2.32 V                      ; 1.46e-09 V                  ; 2.37 V             ; -0.0241 V          ; 0.127 V                             ; 0.073 V                             ; 6.7e-10 s                  ; 6.3e-10 s                  ; No                        ; Yes                       ;
; seg_unit[2]   ; 2.5 V        ; 0 s                 ; 0 s                 ; 2.32 V                       ; 1.87e-09 V                   ; 2.41 V              ; -0.0441 V           ; 0.217 V                              ; 0.126 V                              ; 2.86e-10 s                  ; 3.07e-10 s                  ; Yes                        ; Yes                        ; 2.32 V                      ; 1.87e-09 V                  ; 2.41 V             ; -0.0441 V          ; 0.217 V                             ; 0.126 V                             ; 2.86e-10 s                 ; 3.07e-10 s                 ; Yes                       ; Yes                       ;
; seg_unit[1]   ; 2.5 V        ; 0 s                 ; 0 s                 ; 2.32 V                       ; 1.87e-09 V                   ; 2.41 V              ; -0.0441 V           ; 0.217 V                              ; 0.126 V                              ; 2.86e-10 s                  ; 3.07e-10 s                  ; Yes                        ; Yes                        ; 2.32 V                      ; 1.87e-09 V                  ; 2.41 V             ; -0.0441 V          ; 0.217 V                             ; 0.126 V                             ; 2.86e-10 s                 ; 3.07e-10 s                 ; Yes                       ; Yes                       ;
; seg_unit[0]   ; 2.5 V        ; 0 s                 ; 0 s                 ; 2.32 V                       ; 1.87e-09 V                   ; 2.41 V              ; -0.0441 V           ; 0.217 V                              ; 0.126 V                              ; 2.86e-10 s                  ; 3.07e-10 s                  ; Yes                        ; Yes                        ; 2.32 V                      ; 1.87e-09 V                  ; 2.41 V             ; -0.0441 V          ; 0.217 V                             ; 0.126 V                             ; 2.86e-10 s                 ; 3.07e-10 s                 ; Yes                       ; Yes                       ;
; ~ALTERA_DCLK~ ; 2.5 V        ; 0 s                 ; 0 s                 ; 2.32 V                       ; 1.16e-09 V                   ; 2.39 V              ; -0.0374 V           ; 0.127 V                              ; 0.051 V                              ; 4.57e-10 s                  ; 3.66e-10 s                  ; No                         ; Yes                        ; 2.32 V                      ; 1.16e-09 V                  ; 2.39 V             ; -0.0374 V          ; 0.127 V                             ; 0.051 V                             ; 4.57e-10 s                 ; 3.66e-10 s                 ; No                        ; Yes                       ;
; ~ALTERA_nCEO~ ; 2.5 V        ; 0 s                 ; 0 s                 ; 2.32 V                       ; 1.76e-09 V                   ; 2.38 V              ; -0.00636 V          ; 0.233 V                              ; 0.017 V                              ; 5.26e-10 s                  ; 7.33e-10 s                  ; No                         ; Yes                        ; 2.32 V                      ; 1.76e-09 V                  ; 2.38 V             ; -0.00636 V         ; 0.233 V                             ; 0.017 V                             ; 5.26e-10 s                 ; 7.33e-10 s                 ; No                        ; Yes                       ;
+---------------+--------------+---------------------+---------------------+------------------------------+------------------------------+---------------------+---------------------+--------------------------------------+--------------------------------------+-----------------------------+-----------------------------+----------------------------+----------------------------+-----------------------------+-----------------------------+--------------------+--------------------+-------------------------------------+-------------------------------------+----------------------------+----------------------------+---------------------------+---------------------------+


+--------------------------------------------------------------------------------------------------------------------------------------------------------------------------------------------------------------------------------------------------------------------------------------------------------------------------------------------------------------------------------------------------------------------------------------------------------------------------------------------------------------------------------------------------------------------------------------------------------------------------------------------------------------------------------------------+
; Signal Integrity Metrics (Slow 1200mv 125c Model)                                                                                                                                                                                                                                                                                                                                                                                                                                                                                                                                                                                                                                          ;
+---------------+--------------+---------------------+---------------------+------------------------------+------------------------------+---------------------+---------------------+--------------------------------------+--------------------------------------+-----------------------------+-----------------------------+----------------------------+----------------------------+-----------------------------+-----------------------------+--------------------+--------------------+-------------------------------------+-------------------------------------+----------------------------+----------------------------+---------------------------+---------------------------+
; Pin           ; I/O Standard ; Board Delay on Rise ; Board Delay on Fall ; Steady State Voh at FPGA Pin ; Steady State Vol at FPGA Pin ; Voh Max at FPGA Pin ; Vol Min at FPGA Pin ; Ringback Voltage on Rise at FPGA Pin ; Ringback Voltage on Fall at FPGA Pin ; 10-90 Rise Time at FPGA Pin ; 90-10 Fall Time at FPGA Pin ; Monotonic Rise at FPGA Pin ; Monotonic Fall at FPGA Pin ; Steady State Voh at Far-end ; Steady State Vol at Far-end ; Voh Max at Far-end ; Vol Min at Far-end ; Ringback Voltage on Rise at Far-end ; Ringback Voltage on Fall at Far-end ; 10-90 Rise Time at Far-end ; 90-10 Fall Time at Far-end ; Monotonic Rise at Far-end ; Monotonic Fall at Far-end ;
+---------------+--------------+---------------------+---------------------+------------------------------+------------------------------+---------------------+---------------------+--------------------------------------+--------------------------------------+-----------------------------+-----------------------------+----------------------------+----------------------------+-----------------------------+-----------------------------+--------------------+--------------------+-------------------------------------+-------------------------------------+----------------------------+----------------------------+---------------------------+---------------------------+
; DIGIT_ENABLE  ; 2.5 V        ; 0 s                 ; 0 s                 ; 2.32 V                       ; 2.95e-06 V                   ; 2.34 V              ; -0.00547 V          ; 0.078 V                              ; 0.03 V                               ; 9.16e-10 s                  ; 9.07e-10 s                  ; Yes                        ; Yes                        ; 2.32 V                      ; 2.95e-06 V                  ; 2.34 V             ; -0.00547 V         ; 0.078 V                             ; 0.03 V                              ; 9.16e-10 s                 ; 9.07e-10 s                 ; Yes                       ; Yes                       ;
; seg_ten[6]    ; 2.5 V        ; 0 s                 ; 0 s                 ; 2.32 V                       ; 2.95e-06 V                   ; 2.34 V              ; -0.00547 V          ; 0.078 V                              ; 0.03 V                               ; 9.16e-10 s                  ; 9.07e-10 s                  ; Yes                        ; Yes                        ; 2.32 V                      ; 2.95e-06 V                  ; 2.34 V             ; -0.00547 V         ; 0.078 V                             ; 0.03 V                              ; 9.16e-10 s                 ; 9.07e-10 s                 ; Yes                       ; Yes                       ;
; seg_ten[5]    ; 2.5 V        ; 0 s                 ; 0 s                 ; 2.32 V                       ; 2.95e-06 V                   ; 2.34 V              ; -0.00547 V          ; 0.078 V                              ; 0.03 V                               ; 9.16e-10 s                  ; 9.07e-10 s                  ; Yes                        ; Yes                        ; 2.32 V                      ; 2.95e-06 V                  ; 2.34 V             ; -0.00547 V         ; 0.078 V                             ; 0.03 V                              ; 9.16e-10 s                 ; 9.07e-10 s                 ; Yes                       ; Yes                       ;
; seg_ten[4]    ; 2.5 V        ; 0 s                 ; 0 s                 ; 2.32 V                       ; 4.38e-06 V                   ; 2.34 V              ; -0.00104 V          ; 0.061 V                              ; 0.002 V                              ; 4.9e-10 s                   ; 5.16e-10 s                  ; Yes                        ; Yes                        ; 2.32 V                      ; 4.38e-06 V                  ; 2.34 V             ; -0.00104 V         ; 0.061 V                             ; 0.002 V                             ; 4.9e-10 s                  ; 5.16e-10 s                 ; Yes                       ; Yes                       ;
; seg_ten[3]    ; 2.5 V        ; 0 s                 ; 0 s                 ; 2.32 V                       ; 4.38e-06 V                   ; 2.34 V              ; -0.00104 V          ; 0.061 V                              ; 0.002 V                              ; 4.9e-10 s                   ; 5.16e-10 s                  ; Yes                        ; Yes                        ; 2.32 V                      ; 4.38e-06 V                  ; 2.34 V             ; -0.00104 V         ; 0.061 V                             ; 0.002 V                             ; 4.9e-10 s                  ; 5.16e-10 s                 ; Yes                       ; Yes                       ;
; seg_ten[2]    ; 2.5 V        ; 0 s                 ; 0 s                 ; 2.32 V                       ; 4.38e-06 V                   ; 2.33 V              ; -0.00195 V          ; 0.095 V                              ; 0.062 V                              ; 3.79e-09 s                  ; 3.69e-09 s                  ; Yes                        ; Yes                        ; 2.32 V                      ; 4.38e-06 V                  ; 2.33 V             ; -0.00195 V         ; 0.095 V                             ; 0.062 V                             ; 3.79e-09 s                 ; 3.69e-09 s                 ; Yes                       ; Yes                       ;
; seg_ten[1]    ; 2.5 V        ; 0 s                 ; 0 s                 ; 2.32 V                       ; 2.95e-06 V                   ; 2.33 V              ; -0.00175 V          ; 0.079 V                              ; 0.063 V                              ; 3.99e-09 s                  ; 3.89e-09 s                  ; Yes                        ; Yes                        ; 2.32 V                      ; 2.95e-06 V                  ; 2.33 V             ; -0.00175 V         ; 0.079 V                             ; 0.063 V                             ; 3.99e-09 s                 ; 3.89e-09 s                 ; Yes                       ; Yes                       ;
; seg_ten[0]    ; 2.5 V        ; 0 s                 ; 0 s                 ; 2.32 V                       ; 2.95e-06 V                   ; 2.34 V              ; -0.00547 V          ; 0.078 V                              ; 0.03 V                               ; 9.16e-10 s                  ; 9.07e-10 s                  ; Yes                        ; Yes                        ; 2.32 V                      ; 2.95e-06 V                  ; 2.34 V             ; -0.00547 V         ; 0.078 V                             ; 0.03 V                              ; 9.16e-10 s                 ; 9.07e-10 s                 ; Yes                       ; Yes                       ;
; seg_unit[6]   ; 2.5 V        ; 0 s                 ; 0 s                 ; 2.32 V                       ; 4.38e-06 V                   ; 2.33 V              ; -0.00195 V          ; 0.095 V                              ; 0.062 V                              ; 3.79e-09 s                  ; 3.69e-09 s                  ; Yes                        ; Yes                        ; 2.32 V                      ; 4.38e-06 V                  ; 2.33 V             ; -0.00195 V         ; 0.095 V                             ; 0.062 V                             ; 3.79e-09 s                 ; 3.69e-09 s                 ; Yes                       ; Yes                       ;
; seg_unit[5]   ; 2.5 V        ; 0 s                 ; 0 s                 ; 2.32 V                       ; 4.38e-06 V                   ; 2.34 V              ; -0.00104 V          ; 0.061 V                              ; 0.002 V                              ; 4.9e-10 s                   ; 5.16e-10 s                  ; Yes                        ; Yes                        ; 2.32 V                      ; 4.38e-06 V                  ; 2.34 V             ; -0.00104 V         ; 0.061 V                             ; 0.002 V                             ; 4.9e-10 s                  ; 5.16e-10 s                 ; Yes                       ; Yes                       ;
; seg_unit[4]   ; 2.5 V        ; 0 s                 ; 0 s                 ; 2.32 V                       ; 4.38e-06 V                   ; 2.34 V              ; -0.00104 V          ; 0.061 V                              ; 0.002 V                              ; 4.9e-10 s                   ; 5.16e-10 s                  ; Yes                        ; Yes                        ; 2.32 V                      ; 4.38e-06 V                  ; 2.34 V             ; -0.00104 V         ; 0.061 V                             ; 0.002 V                             ; 4.9e-10 s                  ; 5.16e-10 s                 ; Yes                       ; Yes                       ;
; seg_unit[3]   ; 2.5 V        ; 0 s                 ; 0 s                 ; 2.32 V                       ; 2.95e-06 V                   ; 2.34 V              ; -0.00547 V          ; 0.078 V                              ; 0.03 V                               ; 9.16e-10 s                  ; 9.07e-10 s                  ; Yes                        ; Yes                        ; 2.32 V                      ; 2.95e-06 V                  ; 2.34 V             ; -0.00547 V         ; 0.078 V                             ; 0.03 V                              ; 9.16e-10 s                 ; 9.07e-10 s                 ; Yes                       ; Yes                       ;
; seg_unit[2]   ; 2.5 V        ; 0 s                 ; 0 s                 ; 2.32 V                       ; 4.38e-06 V                   ; 2.34 V              ; -0.00104 V          ; 0.061 V                              ; 0.002 V                              ; 4.9e-10 s                   ; 5.16e-10 s                  ; Yes                        ; Yes                        ; 2.32 V                      ; 4.38e-06 V                  ; 2.34 V             ; -0.00104 V         ; 0.061 V                             ; 0.002 V                             ; 4.9e-10 s                  ; 5.16e-10 s                 ; Yes                       ; Yes                       ;
; seg_unit[1]   ; 2.5 V        ; 0 s                 ; 0 s                 ; 2.32 V                       ; 4.38e-06 V                   ; 2.34 V              ; -0.00104 V          ; 0.061 V                              ; 0.002 V                              ; 4.9e-10 s                   ; 5.16e-10 s                  ; Yes                        ; Yes                        ; 2.32 V                      ; 4.38e-06 V                  ; 2.34 V             ; -0.00104 V         ; 0.061 V                             ; 0.002 V                             ; 4.9e-10 s                  ; 5.16e-10 s                 ; Yes                       ; Yes                       ;
; seg_unit[0]   ; 2.5 V        ; 0 s                 ; 0 s                 ; 2.32 V                       ; 4.38e-06 V                   ; 2.34 V              ; -0.00104 V          ; 0.061 V                              ; 0.002 V                              ; 4.9e-10 s                   ; 5.16e-10 s                  ; Yes                        ; Yes                        ; 2.32 V                      ; 4.38e-06 V                  ; 2.34 V             ; -0.00104 V         ; 0.061 V                             ; 0.002 V                             ; 4.9e-10 s                  ; 5.16e-10 s                 ; Yes                       ; Yes                       ;
; ~ALTERA_DCLK~ ; 2.5 V        ; 0 s                 ; 0 s                 ; 2.32 V                       ; 2.3e-06 V                    ; 2.34 V              ; -0.0069 V           ; 0.107 V                              ; 0.016 V                              ; 6.58e-10 s                  ; 5.7e-10 s                   ; Yes                        ; Yes                        ; 2.32 V                      ; 2.3e-06 V                   ; 2.34 V             ; -0.0069 V          ; 0.107 V                             ; 0.016 V                             ; 6.58e-10 s                 ; 5.7e-10 s                  ; Yes                       ; Yes                       ;
; ~ALTERA_nCEO~ ; 2.5 V        ; 0 s                 ; 0 s                 ; 2.32 V                       ; 3.82e-06 V                   ; 2.34 V              ; -0.00418 V          ; 0.06 V                               ; 0.025 V                              ; 8.71e-10 s                  ; 1.13e-09 s                  ; Yes                        ; Yes                        ; 2.32 V                      ; 3.82e-06 V                  ; 2.34 V             ; -0.00418 V         ; 0.06 V                              ; 0.025 V                             ; 8.71e-10 s                 ; 1.13e-09 s                 ; Yes                       ; Yes                       ;
+---------------+--------------+---------------------+---------------------+------------------------------+------------------------------+---------------------+---------------------+--------------------------------------+--------------------------------------+-----------------------------+-----------------------------+----------------------------+----------------------------+-----------------------------+-----------------------------+--------------------+--------------------+-------------------------------------+-------------------------------------+----------------------------+----------------------------+---------------------------+---------------------------+


+--------------------------------------------------------------------------------------------------------------------------------------------------------------------------------------------------------------------------------------------------------------------------------------------------------------------------------------------------------------------------------------------------------------------------------------------------------------------------------------------------------------------------------------------------------------------------------------------------------------------------------------------------------------------------------------------+
; Signal Integrity Metrics (Fast 1200mv n40c Model)                                                                                                                                                                                                                                                                                                                                                                                                                                                                                                                                                                                                                                          ;
+---------------+--------------+---------------------+---------------------+------------------------------+------------------------------+---------------------+---------------------+--------------------------------------+--------------------------------------+-----------------------------+-----------------------------+----------------------------+----------------------------+-----------------------------+-----------------------------+--------------------+--------------------+-------------------------------------+-------------------------------------+----------------------------+----------------------------+---------------------------+---------------------------+
; Pin           ; I/O Standard ; Board Delay on Rise ; Board Delay on Fall ; Steady State Voh at FPGA Pin ; Steady State Vol at FPGA Pin ; Voh Max at FPGA Pin ; Vol Min at FPGA Pin ; Ringback Voltage on Rise at FPGA Pin ; Ringback Voltage on Fall at FPGA Pin ; 10-90 Rise Time at FPGA Pin ; 90-10 Fall Time at FPGA Pin ; Monotonic Rise at FPGA Pin ; Monotonic Fall at FPGA Pin ; Steady State Voh at Far-end ; Steady State Vol at Far-end ; Voh Max at Far-end ; Vol Min at Far-end ; Ringback Voltage on Rise at Far-end ; Ringback Voltage on Fall at Far-end ; 10-90 Rise Time at Far-end ; 90-10 Fall Time at Far-end ; Monotonic Rise at Far-end ; Monotonic Fall at Far-end ;
+---------------+--------------+---------------------+---------------------+------------------------------+------------------------------+---------------------+---------------------+--------------------------------------+--------------------------------------+-----------------------------+-----------------------------+----------------------------+----------------------------+-----------------------------+-----------------------------+--------------------+--------------------+-------------------------------------+-------------------------------------+----------------------------+----------------------------+---------------------------+---------------------------+
; DIGIT_ENABLE  ; 2.5 V        ; 0 s                 ; 0 s                 ; 2.62 V                       ; 2.43e-09 V                   ; 2.73 V              ; -0.043 V            ; 0.216 V                              ; 0.135 V                              ; 4.76e-10 s                  ; 4.78e-10 s                  ; No                         ; Yes                        ; 2.62 V                      ; 2.43e-09 V                  ; 2.73 V             ; -0.043 V           ; 0.216 V                             ; 0.135 V                             ; 4.76e-10 s                 ; 4.78e-10 s                 ; No                        ; Yes                       ;
; seg_ten[6]    ; 2.5 V        ; 0 s                 ; 0 s                 ; 2.62 V                       ; 2.43e-09 V                   ; 2.73 V              ; -0.043 V            ; 0.216 V                              ; 0.135 V                              ; 4.76e-10 s                  ; 4.78e-10 s                  ; No                         ; Yes                        ; 2.62 V                      ; 2.43e-09 V                  ; 2.73 V             ; -0.043 V           ; 0.216 V                             ; 0.135 V                             ; 4.76e-10 s                 ; 4.78e-10 s                 ; No                        ; Yes                       ;
; seg_ten[5]    ; 2.5 V        ; 0 s                 ; 0 s                 ; 2.62 V                       ; 2.43e-09 V                   ; 2.73 V              ; -0.043 V            ; 0.216 V                              ; 0.135 V                              ; 4.76e-10 s                  ; 4.78e-10 s                  ; No                         ; Yes                        ; 2.62 V                      ; 2.43e-09 V                  ; 2.73 V             ; -0.043 V           ; 0.216 V                             ; 0.135 V                             ; 4.76e-10 s                 ; 4.78e-10 s                 ; No                        ; Yes                       ;
; seg_ten[4]    ; 2.5 V        ; 0 s                 ; 0 s                 ; 2.62 V                       ; 3.46e-09 V                   ; 2.76 V              ; -0.079 V            ; 0.178 V                              ; 0.111 V                              ; 2.58e-10 s                  ; 2.54e-10 s                  ; Yes                        ; Yes                        ; 2.62 V                      ; 3.46e-09 V                  ; 2.76 V             ; -0.079 V           ; 0.178 V                             ; 0.111 V                             ; 2.58e-10 s                 ; 2.54e-10 s                 ; Yes                       ; Yes                       ;
; seg_ten[3]    ; 2.5 V        ; 0 s                 ; 0 s                 ; 2.62 V                       ; 3.46e-09 V                   ; 2.76 V              ; -0.079 V            ; 0.178 V                              ; 0.111 V                              ; 2.58e-10 s                  ; 2.54e-10 s                  ; Yes                        ; Yes                        ; 2.62 V                      ; 3.46e-09 V                  ; 2.76 V             ; -0.079 V           ; 0.178 V                             ; 0.111 V                             ; 2.58e-10 s                 ; 2.54e-10 s                 ; Yes                       ; Yes                       ;
; seg_ten[2]    ; 2.5 V        ; 0 s                 ; 0 s                 ; 2.62 V                       ; 3.46e-09 V                   ; 2.65 V              ; -0.0145 V           ; 0.213 V                              ; 0.199 V                              ; 2.16e-09 s                  ; 2.07e-09 s                  ; No                         ; Yes                        ; 2.62 V                      ; 3.46e-09 V                  ; 2.65 V             ; -0.0145 V          ; 0.213 V                             ; 0.199 V                             ; 2.16e-09 s                 ; 2.07e-09 s                 ; No                        ; Yes                       ;
; seg_ten[1]    ; 2.5 V        ; 0 s                 ; 0 s                 ; 2.62 V                       ; 2.43e-09 V                   ; 2.65 V              ; -0.0136 V           ; 0.244 V                              ; 0.164 V                              ; 2.2e-09 s                   ; 2.13e-09 s                  ; No                         ; Yes                        ; 2.62 V                      ; 2.43e-09 V                  ; 2.65 V             ; -0.0136 V          ; 0.244 V                             ; 0.164 V                             ; 2.2e-09 s                  ; 2.13e-09 s                 ; No                        ; Yes                       ;
; seg_ten[0]    ; 2.5 V        ; 0 s                 ; 0 s                 ; 2.62 V                       ; 2.43e-09 V                   ; 2.73 V              ; -0.043 V            ; 0.216 V                              ; 0.135 V                              ; 4.76e-10 s                  ; 4.78e-10 s                  ; No                         ; Yes                        ; 2.62 V                      ; 2.43e-09 V                  ; 2.73 V             ; -0.043 V           ; 0.216 V                             ; 0.135 V                             ; 4.76e-10 s                 ; 4.78e-10 s                 ; No                        ; Yes                       ;
; seg_unit[6]   ; 2.5 V        ; 0 s                 ; 0 s                 ; 2.62 V                       ; 3.46e-09 V                   ; 2.65 V              ; -0.0145 V           ; 0.213 V                              ; 0.199 V                              ; 2.16e-09 s                  ; 2.07e-09 s                  ; No                         ; Yes                        ; 2.62 V                      ; 3.46e-09 V                  ; 2.65 V             ; -0.0145 V          ; 0.213 V                             ; 0.199 V                             ; 2.16e-09 s                 ; 2.07e-09 s                 ; No                        ; Yes                       ;
; seg_unit[5]   ; 2.5 V        ; 0 s                 ; 0 s                 ; 2.62 V                       ; 3.46e-09 V                   ; 2.76 V              ; -0.079 V            ; 0.178 V                              ; 0.111 V                              ; 2.58e-10 s                  ; 2.54e-10 s                  ; Yes                        ; Yes                        ; 2.62 V                      ; 3.46e-09 V                  ; 2.76 V             ; -0.079 V           ; 0.178 V                             ; 0.111 V                             ; 2.58e-10 s                 ; 2.54e-10 s                 ; Yes                       ; Yes                       ;
; seg_unit[4]   ; 2.5 V        ; 0 s                 ; 0 s                 ; 2.62 V                       ; 3.46e-09 V                   ; 2.76 V              ; -0.079 V            ; 0.178 V                              ; 0.111 V                              ; 2.58e-10 s                  ; 2.54e-10 s                  ; Yes                        ; Yes                        ; 2.62 V                      ; 3.46e-09 V                  ; 2.76 V             ; -0.079 V           ; 0.178 V                             ; 0.111 V                             ; 2.58e-10 s                 ; 2.54e-10 s                 ; Yes                       ; Yes                       ;
; seg_unit[3]   ; 2.5 V        ; 0 s                 ; 0 s                 ; 2.62 V                       ; 2.43e-09 V                   ; 2.73 V              ; -0.043 V            ; 0.216 V                              ; 0.135 V                              ; 4.76e-10 s                  ; 4.78e-10 s                  ; No                         ; Yes                        ; 2.62 V                      ; 2.43e-09 V                  ; 2.73 V             ; -0.043 V           ; 0.216 V                             ; 0.135 V                             ; 4.76e-10 s                 ; 4.78e-10 s                 ; No                        ; Yes                       ;
; seg_unit[2]   ; 2.5 V        ; 0 s                 ; 0 s                 ; 2.62 V                       ; 3.46e-09 V                   ; 2.76 V              ; -0.079 V            ; 0.178 V                              ; 0.111 V                              ; 2.58e-10 s                  ; 2.54e-10 s                  ; Yes                        ; Yes                        ; 2.62 V                      ; 3.46e-09 V                  ; 2.76 V             ; -0.079 V           ; 0.178 V                             ; 0.111 V                             ; 2.58e-10 s                 ; 2.54e-10 s                 ; Yes                       ; Yes                       ;
; seg_unit[1]   ; 2.5 V        ; 0 s                 ; 0 s                 ; 2.62 V                       ; 3.46e-09 V                   ; 2.76 V              ; -0.079 V            ; 0.178 V                              ; 0.111 V                              ; 2.58e-10 s                  ; 2.54e-10 s                  ; Yes                        ; Yes                        ; 2.62 V                      ; 3.46e-09 V                  ; 2.76 V             ; -0.079 V           ; 0.178 V                             ; 0.111 V                             ; 2.58e-10 s                 ; 2.54e-10 s                 ; Yes                       ; Yes                       ;
; seg_unit[0]   ; 2.5 V        ; 0 s                 ; 0 s                 ; 2.62 V                       ; 3.46e-09 V                   ; 2.76 V              ; -0.079 V            ; 0.178 V                              ; 0.111 V                              ; 2.58e-10 s                  ; 2.54e-10 s                  ; Yes                        ; Yes                        ; 2.62 V                      ; 3.46e-09 V                  ; 2.76 V             ; -0.079 V           ; 0.178 V                             ; 0.111 V                             ; 2.58e-10 s                 ; 2.54e-10 s                 ; Yes                       ; Yes                       ;
; ~ALTERA_DCLK~ ; 2.5 V        ; 0 s                 ; 0 s                 ; 2.62 V                       ; 2e-09 V                      ; 2.74 V              ; -0.103 V            ; 0.233 V                              ; 0.159 V                              ; 2.85e-10 s                  ; 2.77e-10 s                  ; Yes                        ; Yes                        ; 2.62 V                      ; 2e-09 V                     ; 2.74 V             ; -0.103 V           ; 0.233 V                             ; 0.159 V                             ; 2.85e-10 s                 ; 2.77e-10 s                 ; Yes                       ; Yes                       ;
; ~ALTERA_nCEO~ ; 2.5 V        ; 0 s                 ; 0 s                 ; 2.62 V                       ; 3.09e-09 V                   ; 2.72 V              ; -0.0273 V           ; 0.18 V                               ; 0.08 V                               ; 4.67e-10 s                  ; 6.1e-10 s                   ; No                         ; Yes                        ; 2.62 V                      ; 3.09e-09 V                  ; 2.72 V             ; -0.0273 V          ; 0.18 V                              ; 0.08 V                              ; 4.67e-10 s                 ; 6.1e-10 s                  ; No                        ; Yes                       ;
+---------------+--------------+---------------------+---------------------+------------------------------+------------------------------+---------------------+---------------------+--------------------------------------+--------------------------------------+-----------------------------+-----------------------------+----------------------------+----------------------------+-----------------------------+-----------------------------+--------------------+--------------------+-------------------------------------+-------------------------------------+----------------------------+----------------------------+---------------------------+---------------------------+


+-------------------------------------------------------------------+
; Setup Transfers                                                   ;
+------------+----------+----------+----------+----------+----------+
; From Clock ; To Clock ; RR Paths ; FR Paths ; RF Paths ; FF Paths ;
+------------+----------+----------+----------+----------+----------+
; CLK        ; CLK      ; 8        ; 0        ; 0        ; 0        ;
+------------+----------+----------+----------+----------+----------+
Entries labeled "false path" only account for clock-to-clock false paths and not path-based false paths. As a result, actual path counts may be lower than reported.


+-------------------------------------------------------------------+
; Hold Transfers                                                    ;
+------------+----------+----------+----------+----------+----------+
; From Clock ; To Clock ; RR Paths ; FR Paths ; RF Paths ; FF Paths ;
+------------+----------+----------+----------+----------+----------+
; CLK        ; CLK      ; 8        ; 0        ; 0        ; 0        ;
+------------+----------+----------+----------+----------+----------+
Entries labeled "false path" only account for clock-to-clock false paths and not path-based false paths. As a result, actual path counts may be lower than reported.


+-------------------------------------------------------------------+
; Recovery Transfers                                                ;
+------------+----------+----------+----------+----------+----------+
; From Clock ; To Clock ; RR Paths ; FR Paths ; RF Paths ; FF Paths ;
+------------+----------+----------+----------+----------+----------+
; CLK        ; CLK      ; 72       ; 8        ; 0        ; 0        ;
+------------+----------+----------+----------+----------+----------+
Entries labeled "false path" only account for clock-to-clock false paths and not path-based false paths. As a result, actual path counts may be lower than reported.


+-------------------------------------------------------------------+
; Removal Transfers                                                 ;
+------------+----------+----------+----------+----------+----------+
; From Clock ; To Clock ; RR Paths ; FR Paths ; RF Paths ; FF Paths ;
+------------+----------+----------+----------+----------+----------+
; CLK        ; CLK      ; 72       ; 8        ; 0        ; 0        ;
+------------+----------+----------+----------+----------+----------+
Entries labeled "false path" only account for clock-to-clock false paths and not path-based false paths. As a result, actual path counts may be lower than reported.


---------------
; Report TCCS ;
---------------
No dedicated SERDES Transmitter circuitry present in device or used in design


---------------
; Report RSKM ;
---------------
No non-DPA dedicated SERDES Receiver circuitry present in device or used in design


+------------------------------------------------+
; Unconstrained Paths Summary                    ;
+---------------------------------+-------+------+
; Property                        ; Setup ; Hold ;
+---------------------------------+-------+------+
; Illegal Clocks                  ; 0     ; 0    ;
; Unconstrained Clocks            ; 0     ; 0    ;
; Unconstrained Input Ports       ; 0     ; 0    ;
; Unconstrained Input Port Paths  ; 0     ; 0    ;
; Unconstrained Output Ports      ; 14    ; 14   ;
; Unconstrained Output Port Paths ; 56    ; 56   ;
+---------------------------------+-------+------+


+-------------------------------------+
; Clock Status Summary                ;
+--------+-------+------+-------------+
; Target ; Clock ; Type ; Status      ;
+--------+-------+------+-------------+
; CLK    ; CLK   ; Base ; Constrained ;
+--------+-------+------+-------------+


+-----------------------------------------------------------------------------------------------------+
; Unconstrained Output Ports                                                                          ;
+-------------+---------------------------------------------------------------------------------------+
; Output Port ; Comment                                                                               ;
+-------------+---------------------------------------------------------------------------------------+
; seg_ten[0]  ; No output delay, min/max delays, false-path exceptions, or max skew assignments found ;
; seg_ten[1]  ; No output delay, min/max delays, false-path exceptions, or max skew assignments found ;
; seg_ten[2]  ; No output delay, min/max delays, false-path exceptions, or max skew assignments found ;
; seg_ten[3]  ; No output delay, min/max delays, false-path exceptions, or max skew assignments found ;
; seg_ten[4]  ; No output delay, min/max delays, false-path exceptions, or max skew assignments found ;
; seg_ten[5]  ; No output delay, min/max delays, false-path exceptions, or max skew assignments found ;
; seg_ten[6]  ; No output delay, min/max delays, false-path exceptions, or max skew assignments found ;
; seg_unit[0] ; No output delay, min/max delays, false-path exceptions, or max skew assignments found ;
; seg_unit[1] ; No output delay, min/max delays, false-path exceptions, or max skew assignments found ;
; seg_unit[2] ; No output delay, min/max delays, false-path exceptions, or max skew assignments found ;
; seg_unit[3] ; No output delay, min/max delays, false-path exceptions, or max skew assignments found ;
; seg_unit[4] ; No output delay, min/max delays, false-path exceptions, or max skew assignments found ;
; seg_unit[5] ; No output delay, min/max delays, false-path exceptions, or max skew assignments found ;
; seg_unit[6] ; No output delay, min/max delays, false-path exceptions, or max skew assignments found ;
+-------------+---------------------------------------------------------------------------------------+


+-----------------------------------------------------------------------------------------------------+
; Unconstrained Output Ports                                                                          ;
+-------------+---------------------------------------------------------------------------------------+
; Output Port ; Comment                                                                               ;
+-------------+---------------------------------------------------------------------------------------+
; seg_ten[0]  ; No output delay, min/max delays, false-path exceptions, or max skew assignments found ;
; seg_ten[1]  ; No output delay, min/max delays, false-path exceptions, or max skew assignments found ;
; seg_ten[2]  ; No output delay, min/max delays, false-path exceptions, or max skew assignments found ;
; seg_ten[3]  ; No output delay, min/max delays, false-path exceptions, or max skew assignments found ;
; seg_ten[4]  ; No output delay, min/max delays, false-path exceptions, or max skew assignments found ;
; seg_ten[5]  ; No output delay, min/max delays, false-path exceptions, or max skew assignments found ;
; seg_ten[6]  ; No output delay, min/max delays, false-path exceptions, or max skew assignments found ;
; seg_unit[0] ; No output delay, min/max delays, false-path exceptions, or max skew assignments found ;
; seg_unit[1] ; No output delay, min/max delays, false-path exceptions, or max skew assignments found ;
; seg_unit[2] ; No output delay, min/max delays, false-path exceptions, or max skew assignments found ;
; seg_unit[3] ; No output delay, min/max delays, false-path exceptions, or max skew assignments found ;
; seg_unit[4] ; No output delay, min/max delays, false-path exceptions, or max skew assignments found ;
; seg_unit[5] ; No output delay, min/max delays, false-path exceptions, or max skew assignments found ;
; seg_unit[6] ; No output delay, min/max delays, false-path exceptions, or max skew assignments found ;
+-------------+---------------------------------------------------------------------------------------+


+------------------------------------+
; TimeQuest Timing Analyzer Messages ;
+------------------------------------+
Info: *******************************************************************
Info: Running Quartus Prime TimeQuest Timing Analyzer
    Info: Version 17.1.0 Build 590 10/25/2017 SJ Lite Edition
    Info: Processing started: Wed Dec 24 19:39:52 2025
Info: Command: quartus_sta cnt25 -c cnt25
Info: qsta_default_script.tcl version: #3
Warning (18236): Number of processors has not been specified which may cause overloading on shared machines.  Set the global assignment NUM_PARALLEL_PROCESSORS in your QSF to an appropriate value for best performance.
Info (20030): Parallel compilation is enabled and will use 16 of the 32 processors detected
Info (21077): Low junction temperature is -40 degrees C
Info (21077): High junction temperature is 125 degrees C
Critical Warning (332012): Synopsys Design Constraints File file not found: 'cnt25.sdc'. A Synopsys Design Constraints File is required by the TimeQuest Timing Analyzer to get proper timing constraints. Without it, the Compiler will not properly optimize the design.
Info (332142): No user constrained base clocks found in the design. Calling "derive_clocks -period 1.0"
Info (332105): Deriving Clocks
    Info (332105): create_clock -period 1.000 -name CLK CLK
Info (332143): No user constrained clock uncertainty found in the design. Calling "derive_clock_uncertainty"
Info (332154): The derive_clock_uncertainty command did not apply clock uncertainty to any clock-to-clock transfers.
Info: Found TIMEQUEST_REPORT_SCRIPT_INCLUDE_DEFAULT_ANALYSIS = ON
Info: Analyzing Slow 1200mV 125C Model
Info (332146): Worst-case setup slack is 0.177
    Info (332119):     Slack       End Point TNS Clock 
    Info (332119): ========= =================== =====================
    Info (332119):     0.177               0.000 CLK 
Info (332146): Worst-case hold slack is 0.458
    Info (332119):     Slack       End Point TNS Clock 
    Info (332119): ========= =================== =====================
    Info (332119):     0.458               0.000 CLK 
Critical Warning (332148): Timing requirements not met
    Info (11105): For recommendations on closing timing, run Report Timing Closure Recommendations in the TimeQuest Timing Analyzer.
Info (332146): Worst-case recovery slack is -3.687
    Info (332119):     Slack       End Point TNS Clock 
    Info (332119): ========= =================== =====================
    Info (332119):    -3.687             -23.619 CLK 
Info (332146): Worst-case removal slack is 0.448
    Info (332119):     Slack       End Point TNS Clock 
    Info (332119): ========= =================== =====================
    Info (332119):     0.448               0.000 CLK 
Info (332146): Worst-case minimum pulse width slack is -3.000
    Info (332119):     Slack       End Point TNS Clock 
    Info (332119): ========= =================== =====================
    Info (332119):    -3.000             -14.896 CLK 
Info: Analyzing Slow 1200mV -40C Model
Info (334003): Started post-fitting delay annotation
Info (334004): Delay annotation completed successfully
Info (332154): The derive_clock_uncertainty command did not apply clock uncertainty to any clock-to-clock transfers.
Info (332146): Worst-case setup slack is 0.320
    Info (332119):     Slack       End Point TNS Clock 
    Info (332119): ========= =================== =====================
    Info (332119):     0.320               0.000 CLK 
Info (332146): Worst-case hold slack is 0.382
    Info (332119):     Slack       End Point TNS Clock 
    Info (332119): ========= =================== =====================
    Info (332119):     0.382               0.000 CLK 
Critical Warning (332148): Timing requirements not met
    Info (11105): For recommendations on closing timing, run Report Timing Closure Recommendations in the TimeQuest Timing Analyzer.
Info (332146): Worst-case recovery slack is -3.032
    Info (332119):     Slack       End Point TNS Clock 
    Info (332119): ========= =================== =====================
    Info (332119):    -3.032             -18.902 CLK 
Info (332146): Worst-case removal slack is 0.281
    Info (332119):     Slack       End Point TNS Clock 
    Info (332119): ========= =================== =====================
    Info (332119):     0.281               0.000 CLK 
Info (332146): Worst-case minimum pulse width slack is -3.000
    Info (332119):     Slack       End Point TNS Clock 
    Info (332119): ========= =================== =====================
    Info (332119):    -3.000             -13.280 CLK 
Info: Analyzing Fast 1200mV -40C Model
Info (332154): The derive_clock_uncertainty command did not apply clock uncertainty to any clock-to-clock transfers.
Info (332146): Worst-case setup slack is 0.642
    Info (332119):     Slack       End Point TNS Clock 
    Info (332119): ========= =================== =====================
    Info (332119):     0.642               0.000 CLK 
Info (332146): Worst-case hold slack is 0.197
    Info (332119):     Slack       End Point TNS Clock 
    Info (332119): ========= =================== =====================
    Info (332119):     0.197               0.000 CLK 
Critical Warning (332148): Timing requirements not met
    Info (11105): For recommendations on closing timing, run Report Timing Closure Recommendations in the TimeQuest Timing Analyzer.
Info (332146): Worst-case recovery slack is -1.075
    Info (332119):     Slack       End Point TNS Clock 
    Info (332119): ========= =================== =====================
    Info (332119):    -1.075              -6.128 CLK 
Info (332146): Worst-case removal slack is 0.249
    Info (332119):     Slack       End Point TNS Clock 
    Info (332119): ========= =================== =====================
    Info (332119):     0.249               0.000 CLK 
Info (332146): Worst-case minimum pulse width slack is -3.000
    Info (332119):     Slack       End Point TNS Clock 
    Info (332119): ========= =================== =====================
    Info (332119):    -3.000             -12.620 CLK 
Info (332102): Design is not fully constrained for setup requirements
Info (332102): Design is not fully constrained for hold requirements
Info: Quartus Prime TimeQuest Timing Analyzer was successful. 0 errors, 5 warnings
    Info: Peak virtual memory: 4901 megabytes
    Info: Processing ended: Wed Dec 24 19:39:53 2025
    Info: Elapsed time: 00:00:01
    Info: Total CPU time (on all processors): 00:00:01


